code	name_de	name_en	energy_kj	energy_kcal	fat	saturated_fat	carbohydrate	sugars	protein	salt
C131000	Hafer ganzes Korn, roh	Oat whole grain, raw	1443	343	7.09	1.43	53.7	1.08	11.375	0.02
C133000	Hafer Flocken	Oat flakes	1465	348	6.65	1.34	53.3	0.74	13.22	0.005
C141000	Gerste ganzes Korn, roh	Barley whole grain, raw	1403	332	2.1	0.53	62.6	1.71	11.244	0.045
C243000	Gerste Mehl	Barley flour	1434	340	2	0.35	62.6	1.71	11.3	0.02
C341000	Mais roh	Maize raw	1418	336	3.8	0.633	62.84	1.39	8.656	0.015
C443000	Mais Mehl	Maize flour	1395	330	2.82	0.36	62.84	1.39	8.663	0.002
C352000	Reis poliert, roh	White rice raw	1488	351	0.62	0.13	77.1	0.28	7.931	0.039
C359000	Reis parboiled, poliert, roh	Rice parboiled, raw	1413	333	1.03	0.294	72.1	0.34	8.125	0.005
E401000	Teigwaren eifrei, roh	Pasta egg-free, raw	1467	346	1.6	0.233	68.833	2.015	12.4	0.008
E510000	Vollkornteigwaren eifrei, roh	Wholemeal pasta egg-free, raw	1502	356	2.93	0.429	62.9	2.8	14.3	0.01
F301100	Erdbeere roh	Strawberry raw	158	38	0.4	0.031	5.917	5.857	0.82	0.002
F302100	Himbeere roh	Raspberry raw	182	43	0.3	0.01	5.2	5.2	1	0.001
F331100	Maulbeere roh	Mulberry raw	217	51	0.39	0.03	8.1	8.1	1.37	0.015
G130100	Rucola roh	Rocket raw	90	21	0.4	0.066	0	0	3.6	0.075
G420100	Stielmus/Rübstiel, roh	Turnip tops/greens, raw	76	18	0.3	0.07	0.81	0.81	1.5	0.1
G541100	Gemüsepaprika grün, roh	Sweet pepper green, raw	162	38	0.24	0.061	6.88	6.51	1.08	0.012
G543100	Gemüsepaprika rot, roh	Sweet pepper red, raw	152	36	0.2	0.032	6.19	6.19	1.025	0.003
G611100	Kohlrübe/Steckrübe, roh	Swede raw	94	22	0.16	0.022	2.3	1.39	1.25	0.025
G660100	Knollensellerie roh	Celeriac raw	123	30	0.33	0.066	2.77	2.11	1.55	0.192
G614100	Weiße Rübe/Wasserrübe/Herbstrübe, roh	Turnip raw	169	40	0.22	0.03	6.58	5.67	0.99	0.145
H640100	Alfalfasprossen/Alfalfakeimlinge, roh	Lucerne/alfalfa sprouts, raw	121	29	0.69	0.069	0.3	0.3	4	0.015
H662100	Linsensprossen/Linsenkeimlinge, roh	Lentils sprouted raw	121	29	0.39	0	0.3	0.3	4.65	0.015
H861000	Tofu	Tofu	482	115	5.63	0.924	0	0	15.51	0.032
H861100	Seidentofu	Silken tofu	193	46	2.9	0.45	0	0	4.57	0.018
M012100	Roquefort mind. 50 % Fett i. Tr.	Roquefort min. 50 % fat in dry matter	1506	363	30.6	19.49	0	0	21.5	3.74
M5B1600	Gorgonzola mind. 48 % Fett i. Tr.	Gorgonzola cheese min. 48 % fat in dry matter	1363	329	28.06	18.183	0	0	18.65	1.868
M881000	Milchpulver mit hohem Fettgehalt (Sahnepulver, Rahmpulver)	Milk powder with high fat content (cream powder)	2436	586	42	21.9	28.3	28.3	21.6	0.675
M882000	Vollmilchpulver	Whole milk powder	2020	483	26.2	15.78	35.1	35.1	24.687	0.928
M884000	Magermilchpulver	Skimmed milk powder	1473	347	0.48	0.28	50.5	50.5	34.287	1.392
M886000	Buttermilchpulver	Buttermilk powder	1536	363	6.75	3.54	42.12	42.12	32.719	0.885
N500900	Kaffeeersatzpulver	Coffee substitute powder	1171	279	0.08	0	51.25	7.62	3.97	0.231
N540900	Zichorienkaffeepulver	Chicory coffee powder	1276	304	1.6	0.176	51.25	7.62	6.8	0.39
P353100	Apfelwein	Cider	184	44	0	0	4	4	0	0.01
P752100	Obstbrand/Obstwasser	Fruit spirit	1134	274	0	0	0	0	0	0.002
P712000	Wodka	Vodka	931	225	0	0	0	0	0	0.002
P741000	Rum 37,5/40 % vol	Rum 37.5/40 % vol	887	214	0	0	0	0	0	0.002
S120000	Honig	Honey	1293	305	0	0	74.091	70.764	0.4	0.008
S121000	Blütenhonig (Nektarhonig)	Blossom honey	1349	318	0	0	78.557	77.647	0.38	0.005
T102100	Hering roh	Herring raw	626	150	9.005	2.343	0	0	17.2	0.24
T102600	Bückling (Hering) heiß geräuchert	Herring smoked	934	224	15.5	2.807	0	0	21.2	1.63
T106600	Sprotte geräuchert	Sprat smoked	1011	243	18.4	4.443	0	0	19.4	1.962
T302100	Steinbutt roh	Turbot raw	348	82	1.73	0.303	0	0	16.7	0.285
T306100	Heilbutt/Weißer Heilbutt, roh	Halibut/white halibut, raw	557	133	5.83	1.24	0	0	20.1	0.168
T501100	Karpfen roh	Carp raw	498	119	5.18	1.354	0	0	18	0.075
T502100	Blei/Brachsen/Brasse, roh	Common bream raw	405	96	3.31	0.857	0	0	16.6	0.082
T601100	Barsch/Flussbarsch, roh	European perch raw	335	79	0.6	0.098	0	0	18.4	0.118
T615100	Rotbarsch/Goldbarsch, roh	Ocean perch/redfish, raw	388	92	3.47	0.712	0	0	15.3	0.2
T730100	Hummer roh	Lobster raw	341	81	1.9	0.24	0	0	15.9	0.675
T753100	Garnele/Granat/Krabbe, roh	Common shrimp raw	369	87	1.44	0.318	0	0	18.6	0.365
T780100	Europäische Auster roh	European oyster raw	280	67	2.94	0.79	1.09	0	9	0.4
T792100	Miesmuschel roh	Common mussel raw	251	60	1.955	0.589	0	0	10.51	0.74
U505100	Schwein Fettwamme, ohne Schwarten, geringer Magerfleischanteil (S XI) roh	Pork fat belly flank, without rind, low lean meat content (S XI) raw	2653	645	68.82	28.54	0	0	6.3	0.124
U805800	Schaf Fettgewebe, intermuskulär roh	Sheep fatty tissue, intermuscular, raw	2620	637	68.5	31	0	0	5.06	0.085
U852100	Schaf Brust, mittelfett, roh	Sheep breast, medium fat, raw	748	179	11.2	5.2	0	0	19.6	0.215
U853100	Schaf Brust, fett, roh	Sheep breast, fat, raw	1573	381	37	16.874	0	0	12	0.2
U861100	Schaf Bug/Schulter, mager, roh	Sheep shoulder, lean, raw	585	140	6.76	2.3	0	0	19.7	0.175
U891100	Schaf Hinterhaxe, mager, roh	Sheep hindshank, lean, raw	471	112	3.35	1.05	0	0	20.4	0.205
V132100	Kaninchen Fleisch, roh	Domestic rabbit meat, raw	557	133	5.5	2.1	0	0	20.8	0.132
V232100	Hase Fleisch, roh	Hare meat, raw	479	113	3.01	1.15	0	0	21.6	0.11
V523100	Schwein Hirn, roh	Pork brain, raw	513	123	9	2.276	0	0	10.6	0.382
V524100	Schaf Hirn, roh	Sheep brain, raw	494	119	8.58	2.17	0	0	10.4	0.28
C232000	Hafer Schrot	Oat coarse meal	1443	343	7.09	1.43	53.7	1.08	11.375	0.02
C137000	Hafer Grütze	Oat groats	1478	351	5.84	1.179	53.3	0.74	15.9	0.016
C233000	Hafer Mehl	Oat flour	1513	360	7.15	1.37	53.2	0.61	14.238	0.015
C138000	Hafer Kleie	Oat bran flakes	1559	371	7.7	1.5	53.3	0.74	15.6	0.005
C148000	Gerste Graupen	Pearl barley	1328	313	1.36	0.343	62.6	1.71	10.399	0.012
C242000	Gerste Schrot	Barley coarse meal	1403	332	2.1	0.53	62.6	1.71	11.244	0.045
C147000	Gerste Grütze	Barley groats	1337	316	1.5	0.377	62.01	1.71	8.502	0.008
C143000	Gerste Flocken	Barley flakes	1403	332	2.1	0.53	62.6	1.71	11.244	0.045
C146000	Gerste Grieß	Barley semolina	1434	340	2	0.4	62.6	1.71	11.3	0.02
C446000	Mais Stärke	Maize starch	1479	348	0.08	0.01	85.9	0	0.431	0.008
C453000	Reis Mehl	Rice flour	1473	347	0.65	0.137	77.1	0.28	7.198	0.01
C351000	Reis unpoliert, roh	Brown rice raw	1523	360	2.7	0.475	73.43	0.73	8.384	0.01
C346000	Mais Grieß	Maize semolina	1395	330	2.82	0.36	62.84	1.39	8.663	0.002
C347000	Mais Grütze	Maize grits	1395	330	2.82	0.36	62.84	1.39	8.663	0.002
E432000	Eierteigwaren roh	Egg pasta raw	1449	342	2	0.804	66.093	1.638	13.2	1.25
F409100	Wald-Erdbeere roh	Wild strawberry raw	158	38	0.4	0.032	5.917	5.857	0.82	0.002
F306100	Loganbeere roh	Loganberry raw	153	36	0.3	0.01	3.4	3.4	1.1	0.008
F303100	Brombeere roh	Blackberry raw	207	49	0.2	0	10.2	5.4	1.3	0.002
F408000	Moltebeere roh	Cloudberry raw	182	43	0.3	0.01	5.2	5.2	1	0.001
F321100	Johannisbeere rot, roh	Red currant raw	164	39	0.2	0.039	4.3	4.3	1.438	0.005
F307100	Boysenbeere roh	Boysenberry raw	204	48	0.3	0.01	7.01	7.01	0.5	0.001
F304100	Heidelbeere roh	Blueberry raw	256	61	0.6	0.056	9.7	9.7	0.5	0.005
F411100	Wald-Himbeere roh	Wild raspberry raw	182	43	0.3	0.01	5.2	5.2	1	0.001
G553100	Pfefferschote grün, roh	Chilli pepper green, raw	172	41	0.2	0.019	6.88	6.51	2	0.018
G542100	Gemüsepaprika gelb, roh	Sweet pepper yellow, raw	118	28	0.2	0.051	4.422	4.422	0.8	0.002
G554100	Pfefferschote rot, roh	Chilli pepper red, raw	170	40	0.44	0.042	6.19	6.19	1.87	0.022
H650100	Mungbohnensprossen/Mungbohnenkeimlinge, roh	Mung bean sprouts raw	80	19	0.3	0	0.3	0.3	3.2	0.012
H620100	Sojabohnensprossen/Sojabohnenkeimlinge, roh	Soya bean sprouts raw	169	40	1.025	0.119	0.3	0.3	6.306	0.075
M012200	Feta mind. 45 % Fett i. Tr.	Feta min. 45 % fat in dry matter	1176	284	24.09	16.06	0	0	15.68	2.392
M502700	Edelpilzkäse mind. 50 % Fett i. Tr.	Blue cheese min. 50 % fat in dry matter	1436	346	28.7	18.6	0	0	21.4	2.2
M502600	Edelpilzkäse mind. 45 % Fett i. Tr.	Blue cheese min. 45 % fat in dry matter	1363	329	28.06	18.221	0	0	18.65	1.868
M502800	Edelpilzkäse mind. 60 % Fett i. Tr.	Blue cheese min. 60 % fat in dry matter	1692	409	37.4	24.287	0.1	0.1	17.6	1.955
M887000	Süßmolkenpulver	Sweet whey powder	1483	349	1.1	0.39	72.8	72.8	10.9	2
P350000	Fruchtwein (Obstwein)	Fruit wine	178	43	0	0	4	4	0	0.01
P355000	Most	Apple must	156	37	0	0	1.6	1.6	0	0.01
P733000	Whisky/Whiskey	Whisky/whiskey	957	231	0	0	0	0	0	0
P742000	Arrak	Arrack	887	214	0	0	0	0	0	0.002
P743000	Rum 80 % vol	Rum 80 % vol	1885	455	0	0	0	0	0	0.002
P7A4000	Agavenbrand (Mezcal/Tequila)	Agave spirit (Mezcal/Tequila)	968	234	0	0	0	0	0	0.002
P740000	Brand aus Zuckerrohr (Cachaca)	Sugarcane spirit	887	214	0	0	0	0	0	0.002
P640000	Calvados	Calvados	940	227	0	0	0	0	0	0.002
P7A3000	Spirituosen mit Kümmel/Aquavit	Caraway-flavoured spirit drink or Kümmel/Aquavit	1134	274	0	0	0	0	0	0.002
P754100	Obstgeist	Fruit geist	1134	274	0	0	0	0	0	0.002
C549000	Gerstenmalzextrakt	Barley malt extract	1515	359	0	0	73.8	50.6	4.4	0.025
S122000	Honigtauhonig (Waldhonig)	Honeydew honey	1533	362	0	0	85.927	77.647	0.38	0.005
T105100	Sardine roh	Sardine raw	631	151	8.15	1.829	0	0	19.4	0.34
T033000	Schillerlocken (Dornhai, Bauchlappen, heiß geräuchert)	Piked dogfish belly hot smoked	1187	286	22.3	5.374	0	0	21.3	1.558
T106100	Sprotte roh	Sprat raw	776	186	13.3	4.738	0	0	16.7	0.225
T305100	Goldbutt/Scholle, roh	Plaice raw	322	76	0.8	0.14	0	0	17.2	0.153
T307100	Schwarzer Heilbutt roh	Greenland halibut raw	669	161	12	2.147	0	0	13.217	0.215
T604100	Katfisch/Steinbeißer, roh	Catfish/wolffish, raw	347	82	2.13	0.508	0	0	15.8	0.262
T512100	Schleie roh	Tench raw	328	77	0.74	0.21	0	0	17.7	0.082
T506100	Wels roh	European catfish raw	534	128	7.4	1.816	0	0	15.3	0.048
T507100	Pangasius/Schlankwels, roh	Striped catfish raw	321	76	1.82	0.789	0	0	14.91	0.585
T603100	Zander roh	Pike-perch raw	364	86	0.66	0.146	0	0	20	0.06
T633100	Meeräsche roh	Grey mullet raw	454	108	2.89	0.93	0	0	20.4	0.172
T617100	Schafskopf (Meerbrasse) roh	Sheepshead raw	433	102	2.41	0.596	0	0	20.2	0.178
T710100	Edelkrebs/Flusskrebs, roh	Crayfish raw	272	64	0.47	0.067	0	0	15	0.632
T720100	Languste roh	Spiny lobster/rock lobster/crawfish, raw	333	79	1.1	0.13	0	0	17.2	0.455
T791100	Große Sandklaffmuschel roh	Softshell clam raw	227	54	1.31	0.256	0	0	10.5	0.302
T797100	Venusmuschel roh	Venus clam raw	309	73	0.96	0.19	1.4	0	14.7	0.822
T793100	Pilgermuschel/Jakobsmuschel, roh	Scallop raw	269	63	0.1	0.03	0	0	15.6	0.74
U605000	Schwein Rückenspeck, kernig, ohne Schwartenzug (S VIII) roh	Pork back fat, firm, without rind (S VIII) raw	3069	746	80.92	30.9	0	0	4.41	0.099
U605700	Schwein Speck, ohne Schwartenzug (S VII) roh	Pork neck and back fat, without rind (S VII) raw	2716	660	70.23	24.74	0	0	6.94	0.114
U605800	Schwein Fettabschnitte, geringer Schwartenzug, sehr geringer Magerfleischanteil (S IX) roh	Pork fat trimmings, low rind content, very low lean meat content (S IX) raw	2722	661	70.04	22.9	0	0	7.68	0.119
U807100	Lamm Fettgewebe, intermuskulär roh	Lamb fatty tissue, intermuscular, raw	2620	637	68.3	30.681	0	0	5.49	0.085
U783100	Schaf Kochfleisch (Brust, fett) roh	Sheep meat for boiling (breast, fat) raw	1573	381	37	16.8	0	0	12	0.2
U856100	Hammel Brust, roh	Mutton breast, raw	1573	381	37	16.874	0	0	12	0.232
U857100	Lamm Brust, roh	Lamb breast, raw	1202	290	25	11.4	0	0	16.3	0.2
U863100	Schaf Bug/Schulter, fett, roh	Sheep shoulder, fat, raw	1217	294	25	11.401	0	0	17.2	0.242
U867100	Lamm Bug/Schulter, roh	Lamb shoulder, raw	507	121	4.6	1.578	0	0	19.8	0.175
U751100	Schaf Gulasch (Bug, mager) roh	Sheep goulash (shoulder, lean) raw	585	140	6.76	2.32	0	0	19.7	0.175
U771100	Schaf Bratenfleisch (Bug, mager) roh	Sheep meat for roasting (shoulder, lean) raw	585	140	6.76	2.32	0	0	19.7	0.175
U881100	Schaf Keule, mager, roh	Sheep leg, lean, raw	540	128	4.2	2	0	0	22.6	0.16
U871100	Schaf Vorderhaxe, mager, roh	Sheep foreshank, lean, raw	471	112	3.35	1.05	0	0	20.4	0.205
V242100	Wildkaninchen Fleisch, roh	Wild rabbit meat, raw	441	104	2.32	0.73	0	0	20.9	0.125
V526100	Hammel Hirn, roh	Mutton brain, raw	522	126	9.1	2.302	0	0	10.9	0.28
C136000	Hafer Grieß	Oat semolina	1513	360	7.15	1.37	53.2	0.61	14.238	0.015
C353100	Wildreis roh	Wild rice raw	1539	363	0.953	0.162	73.43	0.73	13.14	0.015
H030400	Glasnudeln aus Mungbohnenstärke, roh	Glass noodles made from mung bean starch, raw	1488	350	0.056	0	85.9	0	0.237	0.039
C216000	Weizen Stärke	Wheat starch	1425	335	0.14	0.017	82.5	0	0.431	0.005
K230000	Kartoffelstärke (Kartoffelmehl)	Potato starch (potato flour)	1435	338	0.1	0.034	83.1	0	0.614	0.02
C456000	Reis Stärke	Rice starch	1463	344	0.08	0.017	85	0	0.819	0.028
C356000	Reis Grieß	Rice semolina	1473	347	0.65	0.137	77.1	0.28	7.198	0.01
C559000	Reisnudeln roh	Rice noodles raw	1548	365	0.56	0.12	81.9	0.28	7.198	0.242
E609200	Eierteigwaren Tortellini (Fleischfüllung) getrocknet	Egg pasta Tortellini (meat filling) dried	1559	369	7.01	2.82	61.85	1.25	13.51	2.162
E609100	Eierteigwaren Tortelloni (Ricotta-Spinat-Füllung) getrocknet	Egg pasta Tortelloni (ricotta and spinach filling) dried	1174	278	4.51	2.165	47.76	2.86	10.52	1.35
F413100	Wald-Brombeere roh	Wild blackberry raw	207	49	0.2	0	10.2	5.4	1.3	0.002
F407100	Moosbeere roh	Small cranberry raw	291	69	0.7	0.065	9.93	9.93	0.4	0.005
F401100	Preiselbeere roh	Lingonberry raw	181	43	0.53	0.104	6.231	6.109	0.688	0.005
F322100	Johannisbeere weiß, roh	White currant raw	189	45	0.2	0.039	6.1	6.1	1.1	0.005
F323100	Johannisbeere schwarz roh	Black currant raw	242	57	0.22	0.026	8.71	8.71	1.375	0.003
M052000	Salzlakenkäse aus Kuhmilch, Hirtenkäse, mind. 45 % Fett i. Tr.	Brine cheese made from cow's milk, min. 45 % fat in dry matter	1074	259	21	14	0	0	16.361	2.498
M3A4300	Salzlakenkäse aus Schafmilch, mind. 20 % Fett i. Tr.	Brine cheese made from sheep's milk, min. 20 % fat in dry matter	675	161	9	6.5	0	0	18.846	2.875
M053000	Salzlakenkäse aus Ziegenmilch, mind. 45 % Fett i. Tr.	Brine cheese made from goat's milk, min. 45 % fat in dry matter	1122	271	23	13.575	0	0	14.9	2.288
M6A6800	Salzlakenkäse aus Schafmilch, mind. 45 % Fett i. Tr.	Brine cheese made from sheep's milk, min. 45 % fat in dry matter	1172	283	24.09	15.173	0	0	15.445	2.392
M516700	Danablu mind. 50 % Fett i. Tr.	Danish Blue cheese min. 50 % fat in dry matter	1466	354	29.5	18.684	0	0	21.5	2.9
P721000	Spirituosen mit Wacholder	Juniper-flavoured spirit drink	957	231	0	0	0	0	0	0
P7A1000	Spirituosen mit Anis	Aniseed-flavoured spirit drink	958	231	0	0	0	0	0	0
P730000	Getreidebrand (Korn)	Grain spirit	957	231	0	0	0	0	0	0
P620000	Weinbrand/Brandy	Brandy/Weinbrand	917	221	0	0	0	0	0	0.005
P722000	Gin	Gin	1019	246	0	0	0	0	0	0
T402100	Stint roh	European smelt raw	359	85	1.7	0.364	0	0	17.4	0.39
T104100	Sardelle roh	Anchovy raw	849	204	13.7	4.322	0	0	20.1	0.26
T070100	Seeteufel roh	Anglerfish raw	281	66	0.76	0.154	0	0	14.9	0.272
T305200	Goldbutt/Scholle, tiefgefroren	Plaice deep-frozen	323	76	1.2	0.2	0	0	16.4	0.368
T311100	Flunder roh	Flounder raw	369	88	2.39	0.553	0	0	16.5	0.4
T600100	Meerbarbe roh	Goatfish raw	416	98	2	0.228	0	0	20.1	0.178
T020100	Tintenfisch roh	Common cuttlefish raw	310	73	0.98	0.3	0	0	16.1	0.968
W412000	Schwein Speck/Rückenspeck (grüner Speck) roh	Pork bacon (loin) raw	3069	746	80.92	30.88	0	0	4.41	0.099
U205800	Rind Fettgewebe, intermuskulär roh	Beef fatty tissue, intermuscular, raw	2763	671	70.9	32.21	0	0	8.2	0.072
U753100	Schaf Gulasch (Bug, fett) roh	Sheep goulash (shoulder, fat) raw	1217	294	25	11.4	0	0	17.2	0.242
U773100	Schaf Bratenfleisch (Bug, fett) roh	Sheep meat for roasting (shoulder, fat) raw	1217	294	25	11.4	0	0	17.2	0.242
U866100	Hammel Bug/Schulter, roh	Mutton shoulder, raw	1190	287	25	11.401	0	0	15.6	0.242
V122100	Ziege Fleisch, roh	Goat meat, raw	535	127	5.005	1.597	0	0	20.55	0.16
U882100	Schaf Keule, mittelfett, roh	Sheep leg, medium fat, raw	749	180	11.6	4.92	0	0	18.8	0.15
U741100	Schaf Schnitzel (Keule, mager) roh	Sheep schnitzel (leg, lean) raw	540	128	4.2	2	0	0	22.6	0.16
U883100	Schaf Keule, fett, roh	Sheep leg, fat, raw	972	234	18	8.21	0	0	18	0.168
F403100	Schlehe roh	Sloe raw	222	52	0.22	0	7.82	7.82	0.75	0.003
F406100	Holunderbeere roh	Elderberry raw	301	72	1.7	0.13	7.83	7.83	2.53	0.002
K512000	Tapioka/Tapiokastärke	Tapioca (granulated cassava starch)	1471	346	0.24	0	84.9	0	0.625	0.01
K213000	Kartoffelpüree Instantpulver	Potatoes mashed instant powder	1393	329	0.467	0.166	70.7	0	7.4	0.345
K550000	Pfeilwurzelmehl/Marantastärke	Arrowroot flour	1449	341	0.1	0.019	83.1	0	0.3	0.005
P610000	Cognac	Cognac	917	221	0	0	0	0	0	0.005
P7A2000	Spirituosen mit bitterem Geschmack (Bitter)	Bitter-tasting spirit drink or bitter	1346	325	0	0	0	0	0	0
V050100	Schnecken roh	Snails edible/escargots, raw	289	68	1.2	0.215	0	0	14.4	0.175
T309100	Seezunge roh	Sole raw	366	87	1.86	0.542	0	0	17.5	0.25
T313100	Rotzunge roh	Witch raw	300	71	1	0.143	0	0	15.5	0.302
U405800	Kalb Fettgewebe, intermuskulär roh	Veal fatty tissue, intermuscular, raw	2763	671	70.9	32.21	0	0	8.2	0.072
U892100	Schaf Hinterhaxe, mittelfett, roh	Sheep hindshank, medium fat, raw	749	180	11.6	3.6	0	0	18.8	0.15
U742100	Schaf Schnitzel (Keule, mittelfett) roh	Sheep schnitzel (leg, medium fat) raw	749	180	11.6	4.9	0	0	18.8	0.15
U886100	Hammel Keule, roh	Mutton leg, raw	972	234	18	8.21	0	0	18	0.195
K240400	Kartoffelkloß (aus rohen Kartoffeln) Trockenprodukt	Potato dumpling (from raw potatoes) dehydrated product	1358	320	0.227	0.08	70.7	0	6.03	3.475
K240500	Kartoffelkloß (aus gekochten Kartoffeln) Trockenprodukt	Potato dumpling (from boiled potatoes) dehydrated product	1375	324	1.09	0.387	70.7	0	5.76	3
T309200	Seezunge tiefgefroren	Sole deep-frozen	310	73	0.7	0.115	0	0	16.7	0.288
U872100	Schaf Vorderhaxe, mittelfett, roh	Sheep foreshank, medium fat, raw	749	180	11.6	3.6	0	0	18.8	0.15
B121000	Roggenvollkornbrot	Wholemeal rye bread	812	193	1.81	0.187	32.49	4.58	6.04	1.101
B271000	Roggenmischbrot	Rye-wheat bread (> 50 % and < 90 % rye)	923	218	0.97	0.256	41.96	1.26	7.38	1.47
B311000	Weizenbrot/Weißbrot	White bread/wheat bread	1152	272	2.97	0.685	50.54	3.97	8.69	1.421
B511000	Weizenbrötchen	Wheat roll	1185	280	1.81	0.387	53.97	3.07	10.09	1.828
C114000	Weizen Keim	Wheat germ	1358	324	8.34	1.4	24.54	2.495	28.48	0.002
C118000	Quinoa weiß, roh	Quinoa white, raw	1521	361	6.29	0.643	59.65	1.75	12.56	0.009
C211000	Weizen Vollkornmehl	Wheat wholemeal flour	1431	339	1.78	0.221	61.78	0.744	12.76	0.002
C212000	Weizen Backschrot, Type 1700	Wheat coarse meal, Type 1700	1441	341	1.8	0.22	62.39	1.131	12.52	0.002
C213100	Weizen Mehl, Type 812	Wheat flour, Type 812	1493	352	1.38	0.17	69.29	0.485	12.44	0.005
C213200	Weizen Mehl, Type 1050	Wheat flour, Type 1050	1491	352	1.7	0.21	67.91	0.526	13.08	0.002
C213500	Weizen Mehl, Type 1600	Wheat flour, Type 1600	1433	339	2.44	0.3	59.27	0.686	14.52	0.002
C214100	Weizen Mehl, Type 405	Wheat flour, Type 405	1475	348	0.93	0.12	71.77	0.307	10.46	0.002
C214200	Weizen Mehl, Type 550	Wheat flour, Type 550	1482	349	1.09	0.14	70.55	0.467	11.94	0.002
C217000	Weizen Kleie	Wheat bran	1105	266	3.95	0.533	18.92	1.363	17.2	0.003
C223100	Roggen Mehl, Type 815	Rye flour, Type 815	1365	323	0.92	0.1	65.17	1.107	7.54	0.002
C235000	Dinkel Vollkornmehl	Spelt wholemeal flour	1417	335	2.3	0.237	60.13	1.046	13.42	0.003
C322000	Buchweizen roh	Buckwheat raw	1434	339	3.13	0.534	61.86	1.051	13.05	0.001
C332000	Hirse roh	Millet raw	1492	352	3.13	0.608	67.6	0.555	11.79	0.001
C515000	Cornflakes gesüßt	Cornflakes sweetened	1553	366	1.75	0.236	79.35	1.29	6.24	0.864
C515400	Cornflakes ungesüßt	Cornflakes unsweetened	1596	376	0.84	0.113	82.96	0.71	7.18	0.147
C532700	Reiswaffeln ungesalzen	Puffed rice waffles unsalted	1572	371	2.42	0.42	77.47	0.42	8	0.013
C533100	Maiswaffeln gesalzen	Puffed maize waffles salted	1649	389	3.93	0.516	79.4	0	7.98	0.261
C534300	Cerealien extrudiert, gesüßt, ungefüllt, mit Frucht-/Honig-/Karamell-/Schokogeschmack	Extruded cereals sweetened, unfilled, fruit/honey/caramel/chocolate flavoured	1569	371	2.76	0.784	75.33	26.62	7.92	0.547
C534500	Cerealien extrudiert, gesüßt, divers gefüllt	Extruded cereals sweetened, variously filled	2016	481	21.08	5.959	63.7	39	6.98	0.296
C537000	Weizenpops/Weizen gepufft, gesüßt	Wheat pops/wheat puffed, sweetened	1574	372	1.8	0.232	76.52	22.74	9.34	0.005
C539100	Cerealien aus Vollkornweizenschrot, gesüßt, ungefüllt, Natur/Frucht/Schokolade	Wholemeal wheat cereals sweetened, unfilled, basic/fruit/chocolate	1535	363	1.8	0.219	71.29	15.2	10.36	0.004
C650000	Reisdrink ungesüßt	Rice drink unsweetened	248	59	1.04	0.246	12.31	6.58	0	0.098
C660000	Haferdrink ungesüßt	Oat drink unsweetened	122	29	1.01	0.124	4	3.815	0.74	0.118
D038000	Zwieback eifrei	Rusk egg-free	1746	414	7.86	1.86	72.21	13.29	11.05	0.672
H110600	Erdnuss geröstet	Peanut roasted	2567	620	49.7	7.7	9.9	4.9	29	0.008
D064000	Salzbrezeln/Salzstangen (Laugendauergebäck)	Salted pretzels/pretzel sticks (snack)	1644	389	4.3	0.423	73.72	2.41	11.54	4.025
D630400	Butterkekse/Butterplätzchen (Mürbeteig)	Shortbread biscuits	1918	456	16.12	9.923	68.89	27.06	7.54	0.821
E111100	Hühnerei roh	Chicken egg raw	563	135	9	2.437	0.34	0.34	13.175	0.385
E111500	Hühnerei Pulver	Chicken egg powder	2338	562	41.8	11.62	0.56	0.56	46	1.302
E112100	Hühnerei Eigelb, roh	Chicken egg yolk, raw	1427	345	31.3	8.51	0.21	0.21	15.6	0.13
E112400	Hühnerei Eigelb, getrocknet	Chicken egg yolk, dried	2779	671	59.3	17.17	0.23	0.23	34.2	0.228
E113100	Hühnerei Eiklar, roh	Chicken egg white, raw	176	42	0.03	0	0.41	0.41	9.9	0.462
E113400	Hühnerei Eiklar, getrocknet	Chicken egg white, dried	1436	338	0.12	0	3.1	3.1	81.1	3.55
F081100	Rhabarber roh	Rhubarb raw	83	20	0.14	0.028	1.359	1.129	0.6	0.005
F110100	Apfel roh	Apple raw	245	58	0.5	0.201	11.7	10.487	0.424	0.002
F110400	Apfel getrocknet	Apple dried	1024	242	tr	0	53.43	51.58	1.29	0.202
F201100	Aprikose roh	Apricot raw	178	42	0.13	0.01	8.22	7.42	0.8	0.005
F201400	Aprikose getrocknet	Apricot dried	918	216	0.23	0	44	38.46	2.66	0.005
F203902	Pfirsich gezuckert, Konserve, abgetropft	Peach sugared, canned, drained	275	65	tr	0	14.8	14.58	0.54	0.004
F212902	Sauerkirsche gezuckert, Konserve, abgetropft	Sour cherry sugared, canned, drained	220	52	0.21	0	11.06	10.1	0.84	0.002
F220400	Pflaume getrocknet	Plum dried (prunes)	867	205	tr	0	44.2	37.2	2.29	0.004
F402100	Hagebutte roh	Rose hip raw	469	111	0.6	0	16.2	16.2	3.6	0.06
F405100	Sanddornbeere roh	Sea buckthorn berry raw	212	51	3.2	0.3	2.4	2.3	1.42	0.01
F414400	Cranberries getrocknet, gezuckert	Cranberries dried, sugared	1218	287	0.34	0.032	68.61	67.46	0.53	0.038
F501902	Ananas gezuckert, Konserve, abgetropft	Pineapple sugared, canned, drained	260	61	tr	0	14.01	14.01	0.4	0.003
F502100	Avocado roh	Avocado raw	542	132	12.5	2.589	1.37	1.37	1.37	0.012
F503100	Banane roh	Banana raw	335	79	0.4	0.073	15.89	13.89	1.319	0.001
F504400	Dattel getrocknet	Date dried	1509	356	0.36	0	79.3	78.92	2.64	0.012
F505100	Feige roh	Fig raw	220	52	0.5	0.089	9.6	9.6	1.3	0.002
F505400	Feige getrocknet	Fig dried	1163	276	1.28	0.35	55.17	55.13	3.54	0.335
F506100	Granatapfel roh	Pomegranate raw	334	79	0.6	0	16.1	16.1	0.7	0.005
F507100	Kaki roh	Persimmon raw	283	67	0.3	0.049	14.125	14.125	0.7	0.004
F508100	Maracuja/Passionsfrucht, roh	Passion fruit raw	244	57	0.2	0.024	9.54	9.54	0.713	0.022
F511100	Acerola roh	Acerola raw	69	16	0.23	0.05	2.66	2.66	0.21	0.008
F514100	Kiwi roh	Kiwi fruit raw	256	61	0.5	0	10.1	10.1	0.9	0.008
F515100	Litschi roh	Lychee raw	351	83	0.3	0	18.4	17.9	0.86	0.005
F516100	Mango roh	Mango raw	252	60	0.45	0.101	12	11	0.7	0.022
F517100	Papaya roh	Papaya raw	195	46	0.09	0.027	9.6	9.6	0.7	0.035
F523100	Brotfrucht roh	Breadfruit raw	423	100	0.3	0	22.529	2.9	1.3	0.02
F532100	Netzmelone/Cantaloupmelone, roh	Musk melon/cantaloup, raw	107	25	0.19	0.05	4.5	4.5	0.84	0.025
F549100	Jackfrucht roh	Jackfruit raw	329	78	0.45	0	15.31	14.6	1.1	0.005
F553100	Karambole/Sternfrucht, roh	Carambola/star fruit, raw	115	27	0.5	0	3.5	3.5	1.2	0.005
F556100	Kaktusfeige roh	Prickly pear raw	220	52	0.4	0	8.63	8.63	1	0
F563100	Feijoa/Ananas-Guave, roh	Feijoa/pineapple guava, raw	223	53	0.42	0.103	8.4	8.2	0.8	0.008
F603600	Orangensaft	Orange juice	173	41	tr	0	8.5	8.5	0.75	0.005
F606902	Mandarine gezuckert, Konserve, abgetropft	Mandarin sugared, canned, drained	307	72	0.31	0.054	16.15	16.15	0.51	0.013
F850100	Bananenchips frittiert, gesüßt	Banana crips/banana chips, deep-fried, sweetened	2043	490	30.32	26.25	49.35	10.7	1.88	0.002
G061000	Basilikum roh	Basil raw	95	23	0.64	0.041	0.31	0.31	3.15	0.01
G081100	Schnittlauch roh	Chives raw	122	29	0.74	0.094	1.54	1.54	2.6	0.024
G081400	Schnittlauch getrocknet	Chives dried	700	169	3.5	0.591	0	0	21.2	0.175
G104100	Feldsalat/Rapunzel, roh	Lamb's lettuce raw	74	18	0.36	0.017	0.808	0.8	1.9	0.025
G105100	Kopfsalat roh	Butterhead lettuce raw	76	18	0.22	0.038	1.7	1.7	1.5	0.078
G106100	Radicchio roh	Radicchio/red Italian chicory, raw	84	20	0.25	0.058	2.6	1.6	1.4	0.055
G107100	Römischer Salat/Romanasalat, roh	Cos lettuce/Romaine lettuce, raw	60	14	0.13	0.04	1.3	1.3	1.2	0.022
G211100	Spinat roh	Spinach raw	77	18	0.3	0.03	0.93	0.75	2.067	0.125
G250400	Petersilienblatt getrocknet	Parsley leaf dried	993	238	5.5	1.38	7.3	7.3	26.6	1.13
G261100	Brennnessel roh	Stinging nettle raw	195	46	0.61	0.091	1.309	0.847	7.37	0
G262100	Löwenzahn roh	Dandelion raw	142	34	0.62	0.079	2.44	2.349	3.13	0.19
G263100	Sauerampfer roh	Sorrel raw	103	25	0.36	0.036	1.16	0.723	3.19	0
G280100	Gartenkresse roh	Garden cress raw	129	31	0.7	0.093	0.23	0.23	4.2	0.032
G311100	Blumenkohl roh	Cauliflower raw	148	35	0.28	0.042	5.33	2.16	2.424	0.03
G312100	Broccoli roh	Broccoli raw	148	35	0.597	0.119	2.3	1.38	3.622	0.065
G341100	Rotkohl roh	Red cabbage raw	119	28	0.18	0.033	3.732	3.66	1.563	0.028
G341900	Rotkohlgemüse (küchenfertig) Konserve	Red cabbage canned undrained	237	56	0.15	0.033	10.29	9.74	1.3	1.069
G342100	Weißkohl roh	White cabbage raw	133	32	0.19	0.033	4.54	4.4	1.382	0.012
G345902	Sauerkraut Konserve, abgetropft	Sauerkraut canned, drained	143	34	0.41	0.095	2.37	2.15	1.15	0.981
G431100	Fenchelblatt/Bologneser Fenchel, roh	Roman fennel/sweet fennel, raw	138	33	0.3	0	3.24	2.75	2.43	0.215
G450100	Spargel roh	Asparagus raw	119	28	0.156	0.028	3.98	3.8	1.96	0.005
G470100	Porree/Lauch, roh	Leek raw	151	36	0.25	0.044	5	3.8	2.14	0.001
G530100	Okra roh	Okra raw	134	32	0.2	0	3.05	3.05	2.1	0.01
G561100	Tomate roh	Tomato raw	91	22	0.11	0.022	3.25	3.25	0.95	0.01
G570100	Zuckermais roh	Sweetcorn raw	281	67	1.23	0.165	9.4	3.4	3.28	0.005
G570902	Zuckermais Konserve, abgetropft	Sweetcorn canned, drained	334	79	1.94	0.384	10.84	6.22	2.71	0.372
G581100	Kürbis Pumpkin (C. pepo) roh	Pumpkin (C. pepo) raw	150	36	0.13	0.034	5.81	5.1	1.1	0.002
G582100	Zucchini roh	Courgette raw	93	22	0.287	0.068	3	2	1.3	0.003
G613100	Rote Rübe/Rote Bete, roh	Beetroot raw	183	43	0.1	0.02	7.22	7.22	2.063	0.142
G620100	Karotte/Möhre, roh	Carrot raw	168	40	0.4	0.093	6.471	6.37	0.84	0.057
G890702	Salzgurke/Salzdillgurke, milchsauer fermentiert, abgetropft	Gherkin lactic acid fermented, drained	50	12	tr	0	1.38	1.36	0.52	2.249
G995000	Nori-Blatt geröstet	Sushi nori (toasted)	1086	261	4.36	0.888	1.76	0.48	38.26	1.83
H012000	Sojalecithin	Soya bean lecithin	3125	760	83	11.67	3.2	3.2	0	0
H880200	Erdnussbutter/Erdnusscreme	Peanut butter	2513	606	47.78	15.65	16.09	11.72	24.08	0.791
H130100	Haselnuss	Hazelnut	2751	667	63.3	5.267	4.2	3.85	16.25	0
H150100	Kokos Fruchtfleisch, roh	Coconut meat, raw	1555	378	36.5	31.84	3.5	3.5	4.623	0.088
H150400	Kokos Fruchtfleisch, geraspelt, getrocknet	Coconut meat, grated, dried	2784	676	65.2	61.637	7.8	7.1	7.38	0.05
H151000	Kokoswasser (Fruchtwasser)	Coconut water (liquid from coconuts)	42	10	0.4	0.35	1.28	1.28	0.25	0.118
H170100	Cashewkern	Cashew nut	2566	618	47.1	9.262	26	6.15	21.01	0.025
H180100	Paranuss	Brazil nut	2902	704	68.1	16.67	2.8	2.39	16.96	0.059
H230100	Edelkastanie/Marone	Sweet chestnut	887	210	1.9	0.285	41.2	13.9	2.925	0.005
H250600	Pistazie geröstet ohne Fett	Pistachio nut roasted without fat	2494	603	49.3	11.76	7.6	6.62	24.18	0.006
H310100	Kürbiskern	Pumpkin seed	2435	588	46.34	7.692	2.81	1.34	35.49	0.069
H739400	Gartenbohne reif	Haricot bean mature	1445	344	1.6	0.251	45.751	2.03	22.619	0.01
H765000	Sojaschnetzel/Sojagranulat, texturiert, trocken	Plant-based mince, made from texturised soya protein, plain, dry	1476	351	6.74	1.048	13.46	13.46	50.2	0.004
H770100	Mungbohne reif	Mung bean mature	1232	292	1.15	0.32	38.7	1.5	23.9	0.035
H800000	Mandeldrink ungesüßt	Almond drink unsweetened	99	24	2.159	0.186	0.2	0.173	0.87	0.128
H843200	Dessert/Puddingalternative, pflanzlich	Plant-based dessert/pudding alternative	374	89	3.78	2.38	10.85	10.82	2.32	0.065
H844000	Soja-Joghurtalternative ungesüßt	Plant-based yogurt alternative, made from soya, unsweetened	184	44	2.67	0.458	0.33	0.16	4.17	0.085
H845000	Sojakochcreme	Plant-based cream alternative, made from soya (for boiling and refining)	646	157	15.7	1.6	1.4	0	2.2	0.132
H862200	Miso/Sojabohnenpaste	Miso/soya bean paste	722	174	10.5	1.6	6.2	6.2	10.6	10.75
H880100	Sonnenblumenkernaufstrich, Brotaufstrich pflanzlich	Sunflower seed spread	1274	308	27.75	2.448	7.84	6.66	4.15	1.124
H910300	Vegetarische Bratwurst (aus Tofu und Weizenprotein)	Vegetarian bratwurst (made from tofu and wheat protein)	815	195	9.79	1.363	5.31	2.66	18.38	1.713
H910400	Veganes Schnitzel	Vegan schnitzel	1236	297	18.55	2.556	13.57	1.22	15.6	1.782
H930000	Veganer Aufschnitt (Wurstalternative)	Vegan cold cuts alternative	812	195	11.25	1.188	4.67	1.82	16.8	2.47
H930200	Vegetarischer Aufschnitt (Wurstalternative, mit Ei)	Vegetarian cold cuts alternative, with egg	740	179	13.41	1.375	2.5	0.5	7.88	2.275
K110100	Kartoffel geschält, roh	Potatoe peeled, raw	352	83	0.1	0.035	17.9	0.9	1.94	0.009
K280100	Kartoffelchips/Stapelchips, diverse Sorten	Potato crisps/potato chips (various types)	2190	526	34.3	2.865	45.88	1.53	5.5	1.59
K410100	Maniok/Cassava, roh	Manioc/cassava, raw	618	146	0.23	0	33.5	1.4	1	0.002
K420100	Batate/Süßkartoffel, roh	Batata/sweet potato, raw	502	119	0.6	0	25.2	5.5	1.63	0.01
K430100	Topinambur/Erdartischocke, roh	Jerusalem artichoke/topinambur, raw	226	55	0.41	0.095	4	4	2.44	0
K440100	Yamswurzel roh	Yam raw	520	123	0.13	0.046	25.7	0.7	2	0.025
K701100	Champignon roh	Button mushroom raw	119	28	0.274	0.048	2.9	0.2	3.66	0.103
K703100	Morchel roh	Morel raw	120	29	0.32	0.055	0.6	0.6	2.488	0.005
K713100	Pfifferling roh	Chanterelle raw	109	26	0.271	0.049	0.551	0.161	3.91	0.008
K724100	Shiitakepilz roh	Shiitake mushroom raw	124	30	0.2	0	2.38	2.38	2.5	0.003
K740100	Austernpilz roh	Oyster mushroom raw	132	32	0.22	0.031	1.27	1.11	3.31	0.015
K820000	Vegetarische Pastete, Brotaufstrich hefebasiert	Vegetarian pate, spread yeast-based	947	229	18.15	4.747	7.9	2.62	4.95	1.147
M111200	Milch fettarm, frisch, 1,5 % Fett, pasteurisiert	Milk low-fat, fresh, 1.5 % fat, pasteurised	183	44	1.54	1.012	3.86	3.86	3.49	0.088
M111300	Vollmilch frisch, 3,5 % Fett, pasteurisiert	Whole milk, fresh, 3.5 % fat, pasteurised	259	62	3.49	2.209	4.03	4.03	3.55	0.087
M112300	Rohmilch/Vorzugsmilch, mind. 3,5 % Fett	Certified raw milk, min. 3.5 % fat	278	67	3.78	2.345	4.716	4.716	3.262	0.12
M113200	H-Milch fettarm, 1,5 % Fett, ultrahocherhitzt	Milk low-fat, 1.5 % fat, ultra-heated	186	44	1.45	1.006	4.21	4.21	3.16	0.093
M113300	H-Vollmilch 3,5 % Fett, ultrahocherhitzt	Whole milk, 3.5 % fat, ultra-heated	257	62	3.49	2.39	4.19	4.19	3.18	0.089
M141300	Joghurt mild, mind. 3,5 % Fett	Yogurt mild, min. 3.5 % fat	280	67	3.46	2.27	4.13	4.13	3.98	0.1
M173900	Schlagsahne mind. 36 % Fett	Whipping cream min. 36 % fat	1496	363	38	24.267	3	3	2.2	0.08
M181100	Kondensmagermilch max. 1 % Fett, gezuckert	Condensed milk max. 1 % fat, sweetened	1141	269	0.2	0.116	56.7	56.7	10	0.45
M181400	Kondensmilch mind. 8 % Fett, gezuckert	Condensed milk min. 8 % fat, sweetened	1356	322	8.7	5.2	52.9	52.9	7.91	0.28
M182500	Kondensmilch 10 % Fett	Evaporated milk 10 % fat	816	195	10.19	6.649	17.9	17.75	7.63	0.316
M241100	Joghurt mild, aus entrahmter Milch, max. 1 % Fett, mit Fruchtzubereitung, gesüßt	Yogurt mild, max. 1 % fat, with fruit preparation, sweetened	319	75	0.42	0.146	13.26	12.25	3.45	0.126
M241300	Joghurt mild, max. 3,8 % Fett, mit Fruchtzubereitung, gesüßt	Yogurt mild, max. 3.8 % fat, with fruit preparation, sweetened	405	96	2.96	1.917	13	12.1	3.01	0.104
M304600	Emmentaler mind. 45 % Fett i. Tr.	Emmentaler cheese min. 45 % fat in dry matter	1553	374	29.15	20.244	0	0	27.5	0.532
M400600	Schnittkäse mind. 45 % Fett i. Tr.	Semi-hard cheese min. 45 % fat in dry matter	1401	337	26.04	18.092	0	0	25.22	1.349
M402600	Gouda 48 % Fett i. Tr.	Gouda cheese 48 % fat in dry matter	1570	379	31.58	22.53	0	0	22.47	2.17
M500600	Schnittkäse halbfest mind. 45 % Fett i. Tr.	Semi-soft cheese min. 45 % fat in dry matter	1310	316	25.06	16.015	0.1	0	21.46	1.566
M601800	Brie mind. 60 % Fett i. Tr.	Brie cheese min. 60 % fat in dry matter	1360	329	29.7	19.38	0.01	0	15.22	0.991
M602600	Camembert mind. 45 % Fett i. Tr.	Camembert cheese min. 45 % fat in dry matter	1068	257	19.82	13.725	0.05	0	19.58	1.395
M603500	Limburger mind. 40 % Fett i. Tr.	Limburger cheese min. 40 % fat in dry matter	1037	249	18.22	11.616	0.019	0	21.18	1.985
M6A3700	Schnittkäse aus Ziegenmilch, mind. 50 % Fett i. Tr.	Semi-hard cheese made from goat's milk, min. 50 % fat in dry matter	1588	384	33.63	22.376	0.022	0	19.16	1.291
M6A9600	Weichkäse aus Ziegenmilch, mind. 45 % Fett i. Tr.	Soft cheese made from goat's milk, min. 45 % fat in dry matter	1184	285	22.66	16.231	1.92	1.77	17.86	1.478
M710800	Frischkäsezubereitung Natur, mind. 60 % Fett i. Tr.	Cream cheese preparation min. 60 % fat in dry matter	1043	252	23.25	14.808	3.69	3.69	6.6	0.711
M713100	Speisequark Magerstufe, Magerquark < 10 % Fett i. Tr.	Quark < 10 % fat in dry matter	282	66	0.18	0.114	3.68	3.68	11.85	0.084
M7A1600	Frischkäse aus Ziegenmilch, Natur, mind. 45 % Fett i. Tr.	Cream cheese made from goat's milk, min. 45 % fat in dry matter	957	230	16.42	10.609	2.02	1.74	17.94	1.049
M810600	Schmelzkäsezubereitung 45 - 52 % Fett i. Tr.	Processed cheese preparation 45 - 52 % fat in dry matter	1179	284	23.7	15.996	5.3	5.3	11.8	2.309
M827800	Frischkäsezubereitung mind. 60 % Fett i. Tr., mit Gemüse/Kräutern	Cream cheese preparation min. 60 % fat in dry matter, with vegetables/herbs	968	234	21.46	14.164	3.89	3.69	5.57	0.875
N019000	Eistee mit Zitronen-/Pfirsichgeschmack, gesüßt	Iced tea lemon-peach-flavoured, sweetened	108	25	tr	0	6.2	6.2	0	0.043
N110000	Trinkwasser	Drinking water	0	0	0	0	0	0	0	0.006
N410100	Kaffee (Getränk)	Coffee (infusion)	5	1	0	0	0	0	0.12	0.01
N420100	Kaffee (Getränk) aus Instantpulver	Coffee (infusion) made from instant powder	7	2	tr	0	0	0	0.33	0.021
N420900	Instantkaffeepulver	Coffee instant powder	624	150	1.2	-	4.1	0	19.5	0.12
N503900	Cappuccino Instantpulver, gesüßt	Cappuccino instant powder, sweetened	1695	403	10.9	10.614	60.5	51.4	10.34	1.702
N610100	Grüntee (Getränk)	Green tea (infusion)	2	0	0	0	0	0	0.1	0.005
N630000	Schwarztee (Getränk)	Black tea (infusion)	0	0	0	0	0	0	tr	0.005
P122000	Malzgetränk, alkoholfrei	Malt drink, alcohol-free	184	43	0	0	10.32	8.35	0.38	0.006
P150000	Weizenbier kristallklar	Wheat beer filtered	167	40	tr	0	2.433	0.058	0.496	0.003
P151100	Hefeweizen/Weizenbier, naturtrüb	Wheat beer, naturally cloudy	173	42	tr	0	2.452	0.077	0.614	0.003
P162000	Export hell	Pale export beer	174	42	tr	0	2.238	0.172	0.485	0.004
P163000	Pilsner Bier	Pilsner beer	158	38	tr	0	2.218	0.108	0.422	0.004
P167000	Schwarzbier	Black beer	164	39	tr	0	2.284	0.156	0.502	0.004
P210000	Weißwein trocken	White wine dry	267	64	tr	0	0.33	0.32	0.1	0.005
P220000	Weißwein halbtrocken	White wine medium dry	307	74	tr	0	1.288	1.288	0.15	0.005
P253000	Rotwein halbtrocken	Red wine medium dry	350	84	tr	0	1.77	1.74	tr	0.005
P2A3000	Rotwein trocken	Red wine dry	289	70	tr	0	0.7	0.67	0.22	0.004
P2A6000	Qualitätsschaumwein, Sekt, trocken	Quality sparkling wine dry	312	75	tr	0	2.09	2.08	0	0.005
P2B1100	Rosewein lieblich	Rose wine medium sweet	298	72	0	0	2.5	2.5	0.1	0.01
Q140000	Haselnussöl	Hazelnut oil	3696	899	99.9	7.8	0	0	0	0
Q190000	Mandelöl	Almond oil	3700	900	100	7.04	0	0	0	0
Q250000	Kürbiskernöl	Pumpkin seed oil	3700	900	100	16.6	0	0	0	0.001
Q611000	Butter mild gesäuert	Best quality butter	3072	747	82.2	52.656	0.571	0.571	1.188	0.028
Q730000	Fischleberöl/Lebertran	Cod-liver oil	3700	900	100	19.064	0	0	0	0
Q890000	Rinderfett/Rindertalg	Beef tallow/fat	3689	897	99.5	47.58	0	0	0.425	0.025
Q901000	Tahin (Sesammus)	Tahini made from sesame seeds	2456	595	56	8.4	0.7	0.3	18	0.14
R111000	Speisesalz/Siedesalz/Tafelsalz	Common salt/table salt	0	0	0	0	0	0	0	95.362
R118000	Nitritpökelsalz	Nitrite curing salt	0	0	0	0	0	0	0	99
R118100	Nitritpökelsalz jodiert	Nitrite curing salt, iodised	0	0	0	0	0	0	0	99
R123100	Apfelessig	Apple cider vinegar	80	18	0	0	0.147	0.147	0.2	0.045
R132000	Senf mittelscharf	Mustard medium hot	460	111	6.96	0.496	2.94	2.76	5.51	3.275
R141100	Tomatenketchup	Tomato ketchup	417	98	0.1	0.032	21.16	20.82	1.4	1.9
R143000	Sojasauce/Sojasoße	Soya sauce	280	66	0.88	0.34	5.47	4.89	6.3	11.533
R148600	Feinkostsauce/Grillsauce, Mayonnaise-Basis	Barbecue sauce, mayonnaise-based	1133	274	24.58	7.954	11.15	8.89	1.1	1.393
R172000	Glutamat/Mononatriumglutamat/Natriumglutamat	Monosodium glutamate	0	0	-	-	0	0	0	34
R231000	Basilikum getrocknet	Basil dried	872	211	4.07	2.17	1.71	1.71	23	0.19
R258100	Pfeffer schwarz, getrocknet	Pepper black, dried	1275	304	2.77	0.781	46.07	0.67	10.92	0.032
R411000	Kutterhilfsmittel (E 450)	Cutter additives phosphate-based (E 450)	0	0	-	-	0	0	0	0
R421100	Backpulver	Baking powder	373	88	0.124	-	21.6	0	0.09	29.5
R421200	Hirschhornsalz (Ammoniumhydrogencarbonat, E 503)	Hartshorn (ammonium bicarbonate, E 503)	0	0	0	0	0	0	0	0
R421300	Pottasche (99 % Kaliumcarbonat, E 501)	Potash (99 % potassium carbonate, E 501)	0	0	-	-	0	0	0	0.312
R434000	Sahnestandmittel	Whipped cream stabilizer	1569	369	0.045	-	92.057	54.62	0.067	0.208
R458000	Backhefe getrocknet (Trockenbackhefe)	Baker's yeast dried	1398	334	7.61	1.001	14.3	0	40.4	0.128
R459000	Backhefe frisch (Frischbackhefe)	Baker's yeast fresh, pressed	540	128	1.2	0.158	10	0	16.7	0.085
R466000	Apfelpektin getrocknet	Apple pectin dried	780	186	tr	-	32	32	1.5	0
R468000	Gelatine/Speisegelatine	Gelatine	1450	341	0.1	0.042	0	0	85.1	0.412
R551000	Milchsäure 80 % (E 270)	Lactic acid 80 % (E 270)	1040	240	0	0	0	0	0	0
R552000	Citronensäure/Zitronensäure (E 330)	Citric acid (E 330)	1300	300	0	0	0	0	0	0
R553000	Ascorbinsäure (E 300)	Ascorbic acid (E 300)	0	0	0	0	0	0	0	0
R554000	Essigsäure 60 % (E 260)	Acetic acid 60 % (E 260)	780	180	0	0	0	0	0	0
R811000	Fleisch Bouillon/Brühe/Suppe (Brühwürfel, Pulver)	Beef bouillon/stock/soup (stock cubes, powder)	871	207	6.48	3.54	27.76	0.83	7.24	48.989
R821000	Gemüse Bouillon/Brühe/Suppe (Brühwürfel, Pulver)	Vegetable bouillon/stock/soup (stock cubes, powder)	822	195	5.8	2.68	27.91	0.4	5.82	51.731
R822000	Hühner Bouillon/Brühe/Suppe (Brühwürfel, Pulver)	Chicken bouillon/stock/soup (stock cubes, powder)	847	201	4.3	1.39	32.75	0.72	6.96	55.288
S111000	Zucker weiß (Raffinadezucker/Weißzucker)	Sugar white (refined sugar)	1700	400	0	0	100	100	0	0.012
S112000	Zucker braun (Kandisfarin/Rohzucker)	Sugar brown (candyfarin/raw sugar)	1644	387	0	0	96.7	96.7	0	0.005
S115100	Traubenzucker (Dextrose/Glukose)	Dextrose/glucose)	1700	400	0	0	100	100	0	0
S116000	Milchzucker (Laktose)	Lactose	1700	400	0	0	100	100	0	0
S117000	Malzzucker (Maltose)	Maltose	1700	400	0	0	100	100	0	0
S118000	Fruchtzucker (Fruktose)	Fructose	1700	400	0	0	100	100	0	0
S145000	Nuss-Nougat-Creme	Nut nougat cream (spread)	2211	530	30.55	9.171	54.75	53.07	6.9	0.071
S151000	Glukosesirup maltosehaltig	Glucose syrup containing maltose	1733	413	0	0	79.5	31.8	0	0
S162000	Sorbit Pulver (E 420)	Sorbitol powder (E 420)	980	235	0	0	98	0	0	0
S163000	Xylit Pulver (E 967)	Xylitol powder (E 967)	990	238	0	0	99	0	tr	0
S164000	Mannit Pulver (E 421)	Mannitol powder (E 421)	1000	240	0	0	100	0	tr	0
S170000	Tafelsüße Tabletten (Süßstoffe: Cyclamat, Saccharin)	Table sweetener tablets (cyclamate, saccharin)	224	52	0	0	0	0	tr	33.5
S171000	Tafelsüße Flüssigsüße (Süßstoffe: Cyclamat, Saccharin)	Table sweetener liquid (cyclamate, saccharin)	1	0	0	0	0	0	tr	2
S242000	Schokoladeneis	Chocolate ice cream	972	232	10.48	4.429	29.25	25.11	3.62	0.092
S242300	Walnusseis	Walnut ice cream	1002	240	12.8	8.392	26.74	22.21	3.4	0.086
S410000	Lakritze	Liquorice	1322	311	0.5	0.122	70.64	49.7	5.21	0.51
S581100	Milchschokoladen-Riegel gefüllt mit Karamell, gerösteten Erdnüssen und Candycreme	Milk chocolate bar filled with caramel, roasted peanuts and soft nougat	2066	494	25.48	14.835	54.96	45.54	9.08	0.652
S582200	Schokoladen-Schaumkuss	Chocolate kiss (chocolate coated egg meringue on waffle base)	1599	380	8.66	4.35	68.47	47.5	2.96	0.101
S582500	Milchschokoladen-Riegel gefüllt mit Candycreme/mit Candycreme und Karamell	Milk chocolate bar filled with soft nougat/with soft nougat and caramel	1872	446	17.05	9.351	68.7	60.82	3.72	0.471
S582600	Vollmilchschokoladen-Riegel gefüllt mit Milchcreme	Whole milk chocolate bar filled with milk cream	2346	565	40.26	22.63	39.39	39.39	7.51	0.198
S711000	Kakaopulver schwach entölt	Cocoa powder lightly deoiled	1513	365	19.8	12.371	10.9	0.9	22.61	0.73
T041100	Aal roh	Eel raw	1193	288	25.3	6.538	0	0	15.1	0.162
T045100	Dorschleber roh	Cod liver raw	2258	549	59	10.91	0	0	4.4	0.12
T061100	Hornfisch/Hornhecht, roh	Garfish raw	450	107	3.2	0.64	0	0	19.5	0.155
T093100	Kabeljaurogen roh	Cod roe raw	477	113	2.6	0.362	0	0	22.4	0.265
T107100	Makrele roh	Mackerel raw	624	149	8.31	1.696	0	0	18.6	0.382
T204100	Dorsch/Kabeljau, roh	Cod raw	334	79	0.84	0.19	0	0	17.8	0.18
T207100	Köhler/Seelachs, roh	Saithe/pollack, raw	417	99	2.39	0.641	0	0	19.32	0.13
T410100	Lachs roh	Salmon raw	753	180	11.2	2.398	0	0	19.9	0.08
T410600	Lachs geräuchert (Räucherlachs)	Salmon smoked	713	170	9.2	1.73	0.16	0.16	21.25	2.925
T422600	Forelle geräuchert	Trout smoked	574	137	5.52	0.9	0	0	21.2	2.098
T811100	Matjesfilet (Heringsfilet) nordische Art	Matjes fillet (herring fillet) Nordic style	735	177	12.6	2.29	0	0	14.64	8.65
T822900	Heringsfilet in Tomatencreme/Tomatensauce, Konserve	Herring fillet in tomato sauce, canned	853	205	14.6	3.86	4.46	4.14	13.5	0.931
T890100	Surimi (Krebsfleischimitat aus Fischmuskeleiweiß geformt)	Surimi (crab meat imitation)	373	89	3.63	0.417	6.25	6.25	7.77	2.178
T900262	Tintenfischringe paniert, tiefgefroren, gebacken (Ofen)	Common cuttlefish rings, breaded, deep-frozen, baked (oven)	1189	284	15.44	1.279	21.54	0	10.62	2.48
U020100	Schwein Hackfleisch, roh	Pork mince, raw	1123	271	22.14	7.391	0	0	17.88	0.132
U209100	Rind Blut, roh	Beef blood liquid, raw	307	72	0.13	0	0	0	17.8	0.825
U281100	Rind Keule, roh	Beef round, raw	620	148	7.1	2.223	0	0	21	0.15
U507100	Schwein Fettbacke, ohne Schwartenzug (S VI) roh	Pork fat jowl, without rind (S VI) raw	1754	425	41.37	16.83	0	0	13.16	0.144
U508100	Schwein Maske, ohne Mager- und Fettbacke (S XII) roh	Pork mask, without lean and fat jowl (S XII) raw	1304	315	26.46	9.87	0	0	19.1	0.286
U605900	Schwein Wamme, mittelfett, ohne Schwartenzug (S X) roh	Pork belly flank, medium fat, without rind (S X) raw	2018	489	49.28	21.69	0	0	11.43	0.123
U608300	Schwein Schwarte, gekocht	Pork rind, boiled	991	237	13.58	4.556	0	0	28.71	0.147
U609100	Schwein Blut, roh	Pork blood, raw	319	75	0.11	0	0	0	18.5	0.518
U611100	Schwein Filet/Lende, roh	Pork tenderloin, raw	497	118	2.97	0.91	0	0	22.79	0.122
U622100	Schwein Kotelett (Rücken/cranial) roh	Pork loin (cranial part) raw	730	175	10.08	3.398	0	0	21.02	0.122
U624100	Schwein Kotelett (Rücken/caudal) roh	Pork loin (caudal part) raw	487	115	2.35	0.763	0	0	23.56	0.11
U642100	Schwein Bauch (wie gewachsen) roh	Pork belly (untrimmed) raw	1340	324	28.06	10.048	0	0	17.74	0.152
U651100	Schwein Brustspitze, roh	Pork breast tip, raw	818	196	13.07	4.912	0	0	19.66	0.174
U664100	Schwein Dicker Bug (mit Fett und Schwarte) roh	Pork shoulder (with fat and rind) raw	825	198	12.92	4.206	0	0	20.4	0.142
U665100	Schwein Dünner Bug (ohne Fett und Schwarte) roh	Pork shoulder (without fat and rind) raw	564	135	5.83	1.81	0	0	20.51	0.161
U666100	Schwein Restbug (Teile) roh	Pork shoulder strips, raw	507	121	3.83	1.225	0	0	21.51	0.154
U672100	Schwein Vordereisbein/Vorderhaxe, roh	Pork foreshank (hock) raw	837	200	12.06	3.822	0	0	22.99	0.251
U681700	Schwein Rohschinken, mager, Rohpökelware, geräuchert	Pork ham raw, lean, raw cured, smoked	583	138	2.02	0.7	0.12	0.11	28.45	5.55
U682700	Schwein Rohschinken, mit Fettrand, Rohpökelware, geräuchert	Pork ham raw, with fat, raw cured, smoked	1123	270	18.85	6.738	0.14	0.13	24.05	4.638
U684100	Schwein Nuss, roh	Pork thick flank, raw	460	109	2.43	0.736	0	0	21.77	0.136
U685100	Schwein Hüfte/Schinkenspeck, roh	Pork rump, raw	535	127	4.23	1.396	0	0	22.28	0.119
U686100	Schwein Unterschale (mit Rolle) roh	Pork silverside, raw	923	222	15.79	5.238	0	0	19.9	0.143
U687000	Schwein Oberschale (ohne Deckel) roh	Pork topside	484	115	2.51	0.781	0	0	23.01	0.119
U693100	Schwein Hintereisbein/Hinterhaxe, roh	Pork hindshank (hock) raw	923	222	15.7	5.281	0	0	20.12	0.212
U821100	Schaf Rücken, roh	Sheep loin (chop) raw	507	120	3.77	1.19	0	0	21.6	0.15
U831100	Schaf Hals/Kamm/Nacken, roh	Sheep scrag, raw	748	180	11.9	5.7	0	0	18.1	0.165
U985200	Rindfleischbrühe Konserve	Beef stock canned	33	8	0.22	0.11	0	0	1.48	0.638
V414100	Hähnchen ganz, entbeint, mit Haut, roh	Chicken whole, boneless, with skin, raw	776	186	12.53	3.05	0	0	18.37	0.161
V513100	Schwein Herz, roh	Pork heart, raw	492	117	5.53	2.07	0	0	16.9	0.275
V522100	Kalb Hirn, roh	Veal brain, raw	453	109	7.6	1.923	0	0	10.1	0.395
V531100	Rind Leber, roh	Beef liver, raw	552	131	3.66	1.149	5.3	0	19.21	0.29
V532100	Kalb Leber, roh	Veal liver, raw	366	86	1.15	0.361	4.1	0	14.9	0.218
V533100	Schwein Leber, roh	Pork liver, raw	550	131	4.77	1.497	1	0	20.96	0.249
V541100	Rind Lunge, roh	Beef lungs, raw	415	98	2.9	0.893	0	0	18.1	0.495
V544100	Schaf Lunge, roh	Sheep lungs, raw	380	90	2.6	0.8	0	0	16.7	0.392
V564100	Schaf Milz, roh	Sheep spleen, raw	407	97	3.1	1.6	0	0	17.2	0.21
V565100	Lamm Milz, roh	Lamb spleen, raw	407	97	3.1	1.6	0	0	17.2	0.21
V575100	Lamm Niere, roh	Lamb kidney, raw	368	87	2.54	0.77	0	0	16.1	0.398
V584100	Schaf Bries, roh	Sheep sweetbread, raw	341	81	3.16	1.6	0	0	13.2	0.148
V593100	Schwein Zunge, roh	Pork tongue, raw	791	190	13.44	4.394	0	0	17.27	0.233
V614100	Hähnchen Herz, roh	Chicken heart, raw	685	165	12.5	3.115	0	0	13.09	0.263
V634100	Hähnchen Leber, roh	Chicken liver, raw	470	112	4.15	1.182	1.2	0	17.44	0.28
V654100	Hähnchen Magen, roh	Chicken stomach, raw	344	82	2	0.576	0	0	15.9	0.204
W112200	Streichmettwurst/Streichmettwurst mit Zwiebeln	Mettwurst sausage/Mettwurst sausage with onions, spreadable	957	231	19.8	7.262	0.22	0.22	12.1	2.575
W121100	Teewurst fein/grob/Rügenwalder Art	Teewurst sausage finely/coarsely minced/Rügenwalder style, spreadable	1541	373	35.6	12.33	0	0	12.72	2.888
W147000	Geflügelsalami mit Pflanzenfett	Poultry salami with vegetable fat	1275	307	24.35	9.334	0.009	0	20.35	3.788
W211200	Wiener Würstchen	Vienna sausage	1196	289	26.15	9.218	0	0	12.9	2.041
W231100	Lyoner/Lyoner Wurst	Lyon sausage	1164	281	25.5	9.012	0.25	0.24	12.25	2.013
W233000	Fleischkäse einfach, fein/Original Bayerischer Leberkäse fein	Fleischkaese sausage	1167	282	24.9	9.026	0.57	0.57	13.5	2.26
W255400	Bierwurst/Blasenwurst	Bierwurst sausage	1140	275	24	8.652	0.46	0.46	13.73	1.84
W310000	Delikatess Leberwurst/Feine Leberwurst/Gutsleberwurst	Liver sausage finely minced	1475	357	33.15	12.123	2.05	1.915	12.3	1.875
W331000	Mettwurst gekocht	Mettwurst sausage cooked	1303	315	27.42	10.123	0.26	0.14	16.32	1.76
W443000	Lachsschinken, Rohpökelware, geräuchert	Pork loin lean rolled, raw cured, smoked	522	123	2.08	0.71	0.76	0.74	24.43	3.837
D650600	Lebkuchen schokoliert	Chocolate gingerbread	1677	399	11.5	6.566	64.64	40.79	6.74	0.233
X411243	Hühnerbrühe	Chicken stock	20	5	0.3	0.1	0	0	0.5	0.85
X416243	Gemüsebrühe	Vegetable stock	18	4	0.1	0.1	0.54	0.54	0.32	0.67
H410100	Leinsamen	Linseed/flax seed	1940	470	36.5	3.597	1.7	1.21	22.27	0.142
X4A1000	Fischbrühe	Fish stock	32	8	0.4	0.1	0	0	1	0.738
Y183013	Fleischbrühe (Rind)	Beef stock	14	3	0.2	0.1	0	0	0.4	0.562
H120100	Walnuss	Walnut	2973	721	70.6	6.516	3	2.68	16.07	0
S241000	Vanilleeis	Vanilla ice cream	811	194	10.16	7.356	22.64	18.14	2.38	0.103
H420100	Sesam	Sesame seed	2334	565	50.4	7.55	1.42	1.2	20.896	0.112
H430100	Sonnenblumenkern	Sunflower seed	2333	564	47.6	4.75	4.8	3.45	26.11	0
H450100	Mohn	Poppy seed	2181	528	42.2	4.8	2.99	2.99	23.821	0.052
H510802	Oliven grün, gesäuert, abgetropft	Olives green, pickled, drained	541	132	13.55	2.35	0	0	1.21	4.232
H610100	Bambussprossen roh	Bamboo shoots raw	70	17	0.3	0.055	0.96	0.96	2.5	0.015
M150000	Buttermilch	Buttermilk	165	39	0.56	0.39	4.73	4.73	3.23	0.094
G250100	Petersilienblatt roh	Parsley leaf raw	139	33	0.36	0.043	1.31	0.85	4.088	0.314
G332100	Rosenkohl roh	Brussels sprouts raw	169	40	0.34	0.051	2.26	1.58	4.45	0.022
G480100	Speisezwiebel roh	Onion raw	142	34	0.15	0.025	6.01	6.01	1.156	0.022
G510100	Aubergine roh	Aubergine raw	80	19	0.18	0.039	3.02	2.69	0.57	0.01
G520100	Gurke roh	Cucumber raw	70	16	0.2	0.067	1.97	1.97	1.062	0.008
G640100	Pastinake roh	Parsnip raw	250	59	0.43	0.065	9.7	3.061	2.688	0.02
G710100	Bohne grün, roh	Bean green, raw	118	28	0.24	0.071	3.4	2.26	2.238	0.005
G730100	Dicke Bohne unreif, roh	Broad bean immature, raw	266	63	0.6	0.138	6.2	1.3	5.4	0.048
G760100	Erbse grün, roh	Pea green, raw	371	88	0.48	0.099	12.303	1.303	5.9	0.005
G761100	Zuckererbse roh	Sugar pea raw	159	38	0.2	0	4.4	3.16	3.6	0.04
H910500	Vegetarische Wiener Würstchen	Vegetarian Vienna sausages	1034	248	15.07	1.876	5.45	3.21	21.6	1.769
U632100	Schwein Kamm, roh	Pork neck, raw	730	175	10.9	4.061	0	0	19.21	0.136
B122000	Roggenvollkornschrotbrot	Coarse wholemeal rye bread	812	193	1.81	0.17	32.49	4.58	6.04	1.101
B783012	Weizentortilla	Wheat flour tortilla	1246	296	7.85	2.838	46.639	1.33	8.85	1.542
B314000	Weizentoastbrot/Buttertoastbrot	Wheat toast/butter toast	1104	261	3.59	2.186	46.8	3.7	8.29	1.495
C530100	Amaranth gepufft, ungesüßt	Amaranth puffed, unsweetened	1657	393	5.9	1.37	66.92	0.617	13.24	0.003
C335000	Amaranth roh	Amaranth raw	1589	377	5.93	1.42	62.38	1.298	14.04	0.002
C118100	Quinoa tricolore, roh	Quinoa tricolore, raw	1557	369	6.2	0.607	60.17	1.73	13.33	0.003
C530200	Quinoa gepufft, ungesüßt	Quinoa puffed, unsweetened	1608	380	3.3	0.356	75.65	1.125	9.04	0.009
C219000	Hartweizen Vollkornmehl	Durum wheat wholemeal flour	1461	346	2.32	0.352	60.94	1.071	14.4	0.002
C241000	Einkorn Vollkornmehl	Einkorn wheat wholemeal flour	1424	337	2.86	0.282	58.9	1.177	13.93	0.002
C531000	Weizen gepufft, ungesüßt	Wheat puffed, unsweetened	1555	368	2	0.3	67.5	0.9	15.4	0.005
C240000	Emmer Vollkornmehl	Emmer wheat wholemeal flour	1448	342	2.34	0.254	63.27	1.114	13.09	0.002
C111000	Weizen ganzes Korn, roh	Wheat whole grain, raw	1398	331	1.833	0.308	59.213	1.053	12.812	0.02
C219300	Hartweizen Grieß	Durum wheat semolina	1492	352	1.48	0.22	68.92	1.062	13.36	0.002
C215000	Weizen Dunst	Wheat middlings (dunst)	1504	355	0.82	0.1	73.72	0.846	10.64	0.002
C218000	Weichweizen Grieß	Soft wheat semolina	1505	355	0.88	0.1	73.97	0.765	10.72	0.002
C223200	Roggen Mehl, Type 997	Rye flour, Type 997	1355	321	1.05	0.11	63.73	1.298	7.74	0.002
C126000	Roggen Grieß	Rye semolina	1365	323	0.92	0.1	65.17	1.107	7.54	0.002
C221000	Roggen Vollkornmehl	Rye wholemeal flour	1316	312	1.33	0.146	56.56	1.816	9	0.002
C223300	Roggen Mehl, Type 1150	Rye flour, Type 1150	1347	319	1.14	0.12	61.74	1.476	8.03	0.002
C223600	Roggen Mehl, Type 1740	Rye flour, Type 1740	1326	315	1.27	0.13	57.46	2.039	8.98	0.002
C223400	Roggen Mehl, Type 1370	Rye flour, Type 1370	1343	318	1.22	0.13	59.18	1.78	8.85	0.002
C222000	Roggen Backschrot, Type 1800	Rye coarse meal, Type 1800	1313	312	1.37	0.14	55.91	1.846	9	0.002
C238000	Dinkel Grieß	Spelt semolina	1447	342	1.81	0.203	65.75	0.667	12.52	0.002
C236000	Dinkel ganzes Korn, roh	Spelt whole grain, raw	1425	337	2.45	0.24	58.82	1.04	14.25	0.002
C235100	Dinkel Vollkornschrot	Spelt coarse meal	1429	338	2.42	0.24	58.73	1.041	14.85	0.002
C234000	Dinkel Mehl, Type 630	Spelt flour, Type 630	1489	352	1.38	0.15	68.35	0.444	13.17	0.002
C311000	Grünkern ganzes Korn, roh	Green spelt whole grain, raw	1391	329	2.68	0.396	59.18	2.484	11.07	0.002
C234200	Dinkel Mehl, Type 1050	Spelt flour, Type 1050	1475	348	2.16	0.22	65.06	0.838	13.87	0.002
C234100	Dinkel Mehl, Type 812	Spelt flour, Type 812	1490	352	1.57	0.17	67.58	0.561	13.7	0.002
C237000	Dinkel Kleie	Spelt bran	1123	270	5.88	0.683	18.24	2.59	17.06	0.002
C421000	Buchweizen Vollkornmehl	Buckwheat wholemeal flour	1503	355	2.71	0.405	68.201	1.051	11.703	0.002
C424000	Buchweizen Mehl	Buckwheat flour	1482	350	3.12	0.501	65.08	1.018	12.52	0.001
C422000	Buchweizen Schrot	Buckwheat coarse meal	1434	339	3.13	0.46	61.86	1.051	13.05	0.001
C327000	Buchweizen Grütze	Buckwheat groats	1363	322	1.55	0.233	61.16	0.349	13.05	0.002
C432000	Hirse Schrot	Millet coarse meal	1492	352	3.13	0.59	67.6	0.555	11.79	0.001
C333100	Hirse Flocken	Millet wholegrain flakes	1492	352	3.13	0.59	67.6	0.555	11.79	0.001
C433000	Hirse Mehl	Millet flour	1600	378	4.25	0.536	71.6	1.7	11.6	0.03
C515100	Cornflakes gesüßt, angereichert mit Vitaminen	Cornflakes sweetened, fortified with vitamins	1553	366	1.75	0.23	79.35	1.29	6.24	0.864
C532000	Reis gepufft, ungesüßt	Rice puffed, unsweetened	1546	365	2.3	0.399	77.47	0.42	7.5	0.013
C533000	Popcorn ungesüßt	Popcorn unsweetened	1425	338	4.4	0.6	55.3	0.86	12	0.015
C546000	Tortillachips (Nachos)	Tortilla chips (Nachos)	1973	471	21.2	9.729	61.9	0.6	5.96	0.825
C534100	Cerealien extrudiert, gesüßt, ungefüllt, mit Zimtgeschmack	Extruded cereals sweetened, unfilled, cinnamon flavoured	1789	424	9.38	3.46	73.36	23.41	8.36	0.318
C534400	Cerealien extrudiert, gesüßt, ungefüllt, mit Frucht-/Honig-/Karamell-/Schokogeschmack, angereichert mit Vitaminen und Mineralstoffen	Extruded cereals sweetened, unfilled, fruit/honey/caramel/chocolate flavoured, fortified with vitamins and minerals	1569	371	2.76	0.79	75.33	26.62	7.92	0.547
C534600	Cerealien extrudiert, gesüßt, divers gefüllt, angereichert mit Vitaminen und Mineralstoffen	Extruded cereals sweetened, variously filled, fortified with vitamins and minerals	2016	481	21.08	5.96	63.7	39	6.98	0.296
C539200	Cerealien aus Vollkornweizenschrot, gesüßt, ungefüllt, Natur/Frucht/Schokolade, angereichert mit Vitaminen und Mineralstoffen	Wholemeal wheat cereals sweetened, unfilled, basic/fruit/chocolate, fortified with vitamins and minerals	1535	363	1.8	0.22	71.29	15.2	10.36	0.004
C650200	Reisdrink ungesüßt, angereichert mit Vitaminen und Calcium	Rice drink unsweetened, fortified with vitamins and calcium	248	59	1.04	0.24	12.31	6.58	0	0.098
C660200	Haferdrink ungesüßt, angereichert mit Vitaminen, Calcium und Jod	Oat drink unsweetened, fortified with vitamins, calcium and iodine	122	29	1.01	0.11	4	3.815	0.74	0.118
D630600	Doppelkekse mit Kakaocremefüllung	Shortcake biscuits sandwiched with cocoa-cream filling	1979	471	17.59	8.959	71.18	27.71	5.37	0.381
E141100	Gänseei roh	Goose egg raw	734	177	13.3	3.6	0.34	0.34	13.9	0.345
E106100	Wachtelei roh	Quail egg raw	563	135	9	2.437	0.34	0.34	13.175	0.385
E151100	Putenei roh	Turkey egg raw	679	163	11.9	3.63	0.34	0.34	13.7	0.378
E112500	Hühnerei Eigelb, Pulver	Chicken egg yolk, powder	2779	671	59.3	17.168	0.23	0.23	34.2	0.228
E113500	Hühnerei Eiklar, Pulver	Chicken egg white, powder	1436	338	0.12	0	3.1	3.1	81.1	3.55
F140100	Quitte roh	Quince raw	221	53	0.5	0.037	8.2	6.977	0.42	0.005
F130100	Birne roh	Pear raw	245	58	0.29	0.039	13.16	10.08	0.3	0.002
F923900	Apfelkompott/Apfelmark, ungesüßt, Konserve	Apple sauce/apple compote, unsweetened, canned	269	63	0.27	0.044	14.07	11.1	0.4	0.001
F120100	Apfel geschält, roh	Apple peeled, raw	180	43	0.13	0.019	8.9	7.5	0.3	0.002
F404100	Eberesche süß, roh	Sweet rowanberry raw	306	73	1.2	0.1	12.7	4.1	1.3	0.002
F529100	Japanische Wollmispel/Loquat, roh	Japanese medlar/loquat, raw	203	48	0.2	0.043	9.8	8.58	0.55	0.01
F150100	Mispel roh	Medlar raw	192	45	0.2	0.038	9.2	8.58	0.5	0.01
F120400	Apfel geschält, getrocknet	Apple peeled, dried	1024	242	0	0	53.43	51.58	1.29	0.202
F220100	Pflaume roh	Plum raw	205	48	0.17	0.022	10.71	8.1	0.3	0.002
F202100	Nektarine roh	Nectarine raw	201	48	0.2	0	9.2	8.2	1.06	0.001
F203100	Pfirsich roh	Peach raw	166	39	0.11	0.01	8.02	6.99	0.7	0.002
F203400	Pfirsich getrocknet	Peach dried	1190	282	0.6	0.054	54.11	47.845	4.9	0.005
F545100	Kochbanane roh	Plantain raw	549	130	0.07	0.116	29.5	7.7	1.18	0.008
F524100	Cherimoya roh	Cherimoya raw	335	79	0.3	0	15.89	13.89	1.54	0.02
F840100	Rosine/Sultanine (Weinbeere getrocknet)	Raisin/sultana (grape dried)	1222	288	1	0.2	61.8	60.9	2.7	0.028
F572100	Tamarillo roh	Tamarillo/tree tomato, raw	318	75	0.8	0.239	14.125	14.125	1.7	0.004
F552100	Kapstachelbeere/Physalis, roh	Cape gooseberry raw	340	81	1.1	0.1	14.125	14.125	2.3	0.004
F564100	Mangostane roh	Mangosteen raw	284	67	0.6	0.179	14.125	14.125	0.6	0.002
F559100	Rambutan roh	Rambutan raw	269	63	0.1	0	13.7	13.7	1	0.002
F533100	Honigmelone roh	Honeydew melon raw	194	46	0.1	0.009	10.09	10.07	0.505	0.035
F535100	Wassermelone roh	Watermelon raw	148	35	0.4	0.049	6.96	6.72	0.6	0.008
F513100	Guave roh	Guava raw	189	45	0.5	0.143	6	5.82	0.9	0.01
F508600	Maracujasaft/Passionsfruchtsaft	Passion fruit juice	215	51	0.4	0.046	10.04	10.04	0.8	0.037
F603100	Orange roh	Orange raw	207	49	0.2	0.028	8.85	8.85	1	0.005
F604600	Grapefruitsaft	Grapefruit juice	157	37	0.1	0.022	7.305	7.305	0.53	0.002
F606600	Mandarinensaft	Mandarin juice	207	49	0.3	0.042	9.59	9.59	0.9	0.005
F110600	Apfelsaft	Apple juice	188	44	tr	0	10.585	9.585	0.097	0.015
G102100	Endivie/Escariol, roh	Endive/escarole, raw	55	13	0.2	0.035	0.83	0.83	1.25	0.108
G101100	Chicoree roh	Witloof chicory raw	84	20	0.18	0.03	1.3	0.92	2.39	0.115
G108100	Schnittsalat/Pflücksalat, roh	Looseleaf lettuce raw	63	15	0.1	0.017	1.26	1.232	1.2	0.07
G460100	Portulak roh	Purslane raw	61	14	0.34	0	0.587	0.192	1.482	0.005
G220100	Bleichsellerie roh	Stalk celery raw	69	17	0.1	0	1.5	1.4	1.2	0.195
G103100	Eisbergsalat roh	Iceberg lettuce raw	63	15	0.2	0.05	1.62	1.62	0.8	0.022
G230100	Mangold roh	Chard/leaf beet, raw	72	17	0.28	0.028	0.872	0.69	1.85	0.542
G212100	Gemüseamaranth roh	Chinese spinach raw	85	20	0.33	0.086	0.93	0.75	2.46	0.05
G213100	Neuseeländer Spinat roh	New Zealand spinach raw	64	15	0.2	0.03	0.93	0.75	1.5	0.325
G410100	Artischocke roh	Artichokes raw	181	44	0.12	0	2.69	2.51	2.4	0.118
G350100	Romanesco roh	Romanesco broccoli raw	148	35	0.28	0.042	5.33	2.16	2.424	0.03
G322100	Grünkohl roh	Curly kale raw	221	53	0.67	0.103	3.32	2.64	4.16	0.062
G343100	Wirsing roh	Savoy cabbage raw	154	37	0.32	0.057	4.1	3.5	2.779	0.022
G344100	Spitzkohl roh	Pointed cabbage raw	130	31	0.18	0.022	4.54	4.4	1.21	0.045
G321100	Chinakohl roh	Chinese white cabbage raw	76	18	0.2	0.012	1.38	1.242	1.8	0.032
G331100	Kohlrabi roh	Kohlrabi raw	120	28	0.16	0.028	3.88	3.704	1.94	0.05
G345100	Sauerkraut abgetropft, roh	Sauerkraut drained, raw	96	23	0.31	0.072	0.99	0.77	1.125	1.19
G440100	Palmenherz roh	Palm heart, raw	134	32	0.2	0.04	3.98	3.8	2.7	0.035
G482100	Frühlingszwiebel/Lauchzwiebel, roh	Spring onion raw	114	27	0.19	0.032	3	2.8	1.9	0.03
G490100	Knoblauch roh	Garlic raw	399	97	0.42	0.063	3	2	6.05	0.02
G488100	Silberzwiebel roh	Silverskin onion raw	142	34	0.15	0.024	6.01	6.01	1.156	0.022
G486100	Frühlingszwiebel/Lauchzwiebel (ohne Laub) roh	Spring onion, bulb only, raw	137	32	0.15	0.025	5.99	5.99	0.9	0.032
G484100	Perlzwiebel roh	Pearl onion raw	142	34	0.15	0.024	6.01	6.01	1.156	0.022
G485100	Schalotte roh	Shallot raw	139	33	0.1	0.016	3.2	3.2	2	0.028
G568900	Tomate geschält, Konserve	Tomato peeled, canned	99	24	0.3	0	3.25	3.25	1.2	0.01
G581000	Kürbis Hokkaido (C. maxima) roh	Hokkaido pumpkin raw	127	30	0.2	0.047	5.298	4.59	1.4	0.018
G583100	Chayote roh	Chayote raw	143	34	0.1	0.025	5.81	5.1	0.78	0.005
G650100	Schwarzwurzel roh	Black salsify raw	256	61	0.43	0.047	8.8	4	1.39	0.012
G670100	Wurzelpetersilie roh	Parsley root raw	321	76	0.47	0.076	13.8	6.05	2.88	0.03
G630100	Meerrettich roh	Horseradish raw	354	84	0.3	0.048	11.67	8.25	5.875	0.022
G720100	Wachsbohne roh	Wax bean raw	114	27	0.2	0	3.4	2.26	2.1	0.005
G750100	Sojabohne unreif (Edamame) roh	Soya bean immature (edamame) raw	612	146	6.8	0.79	6.2	1.3	13	0.038
G760200	Erbse grün, tiefgefroren	Pea green, deep-frozen	325	77	0.7	0.145	10	5.4	4.9	0.01
G520802	Gurke gesäuert (Gewürzgurke) abgetropft	Cucumber/gherkin pickled, drained	138	33	tr	0	5.52	5.49	0.9	1.135
H110800	Erdnussmus	Peanut butter (100 % pure)	2567	620	49.7	7.7	9.9	4.9	29	0.008
H160100	Pekannuss	Pecan	2977	723	72	5.575	3	2.68	10.967	0.008
F960800	Cashewnussmus	Cashew butter (100 % pure)	2585	623	49.4	9.8	26	6.15	17.6	0.038
H320100	Pinienkern	Pine nut	2726	660	61.9	4.34	6.2	4	16.4	0.445
H210100	Mandel süß	Sweet almond	2250	544	46.6	4.01	3.87	3.634	22.333	0.005
H190600	Macadamianuss geröstet ohne Fett	Macadamia nut roasted without fat	3124	758	76.1	11.2	5.2	4.1	9.19	0.01
H250100	Pistazie	Pistachio nut	2477	599	51.6	6.139	7.6	6.62	20.802	0.729
H250700	Pistazie geröstet ohne Fett, gesalzen	Pistachio nut roasted without fat, salted	2432	588	49.3	11.76	8.6	6.8	23	1.198
H480100	Chia-Samen	Chia seeds	1973	479	32.79	3.54	3.66	0.473	22.11	0.001
H520800	Oliven geschwärzt, in Salzlake, abgetropft	Olives blackened, in brine, drained	576	140	14.84	2.62	0	0	0.84	1.838
H702100	Augenbohne reif	Cowpea/black-eyed pea, mature	1347	319	1.26	0.31	45.751	2.03	23.5	0.04
H750100	Dicke Bohne reif	Broad bean mature	1471	349	1.53	0.241	46.7	4.94	27	0.032
H742100	Kidneybohne reif	Kidney bean mature	1330	316	0.83	0.12	40.3	2.4	22.8	0.06
C551000	Weizenkleber/Weizengluten	Gluten (from wheat)	1672	394	1.85	0.23	13.46	13.46	80.6	0.072
H764400	Sojamehl vollfett	Soya flour full fat	2140	514	22.8	2.53	24	5.8	38.362	0.01
K762400	Hefe Flocken/Nährhefe	Yeast flakes/nutritional yeast	1280	305	4.5	0	6.2	2.5	48.7	0.352
H725100	Linse reif	Lentil mature	1362	323	1.7	0.24	44.8	1.3	23.357	0.018
G760400	Erbse reif	Pea green mature	1309	311	1.44	0.26	40.5	3.3	23.023	0.06
G750400	Sojabohne reif	Soya bean mature	1613	388	18.267	2.35	6.6	6	38.2	0.012
G770400	Kichererbse reif	Chick pea mature	1332	317	5.915	0.918	39.6	2.411	18.583	0.058
G780400	Limabohne (Butterbohne Mondbohne) reif	Lima bean/butter bean, mature	1372	325	1.4	0.41	48.635	1.99	20.6	0.032
H800100	Mandeldrink ungesüßt, angereichert mit Vitaminen und Calcium	Almond drink unsweetened, fortified with vitamins and calcium	99	24	2.159	0.185	0.2	0.173	0.87	0.128
H841100	Sojadrink ungesüßt	Soya drink unsweetened	124	30	1.297	0.186	0.4	0.389	3.22	0.064
H843300	Dessert/Puddingalternative, pflanzlich, angereichert mit Vitaminen und Calcium	Plant-based dessert/pudding alternative, fortified with vitamins and calcium	374	89	3.78	2.39	10.85	10.82	2.32	0.065
H844100	Soja-Joghurtalternative ungesüßt, angereichert mit Vitaminen und Calcium	Plant-based yogurt alternative, made from soya, unsweetened, fortified with vitamins and calcium	184	44	2.67	0.46	0.33	0.16	4.17	0.085
K130492	Pommes frites tiefgefroren, frittiert	Potato chips/french fries, deep-frozen, deep-fried	851	203	9.04	0.702	25.94	0.24	2.9	0.066
K120100	Kartoffel ungeschält, roh	Potatoe unpeeled, raw	364	86	0.1	0.034	18.46	1.46	2.05	0.02
K130262	Pommes frites tiefgefroren, gebacken	Potato chips/french fries, deep-frozen, baked	704	167	4.33	0.4	27.4	0.21	3.03	0.071
K130200	Pommes frites tiefgefroren	Potato chips/french fries, deep-frozen	518	123	3.22	0.283	20.17	0.17	2.23	0.054
K290100	Kartoffelchips energiereduziert	Potato crisps/potato chips, calorie-reduced	1942	464	21.5	9.34	57.9	1.5	6.2	1.825
K280200	Kartoffelsticks	Potato sticks	2092	502	31.5	2.634	46.52	2.17	6.5	1.8
K707100	Edel-Reizker roh	Saffron milk cap (red pine mushroom) raw	149	36	0.67	0.117	2.9	0.2	2.833	0.015
K718100	Steinpilz roh	Porcini mushroom raw	193	46	0.4	0.071	3.27	0.53	5.4	0.015
K709100	Hallimasch roh	Dark honey mushroom raw	155	37	0.68	0.119	2.9	0.2	3.171	0.103
K702100	Trüffel roh	Black truffle (Perigord black truffle) raw	302	73	0.51	0.09	0.6	0.6	8.288	0.192
M111100	Milch entrahmt, frisch, höchstens 0,1 % Fett, pasteurisiert	Milk skimmed, fresh, max. 0.1 % fat, pasteurised	143	34	0.07	0.044	4.8	4.8	3.418	0.132
M114200	Milch fettarm, 1,5 % Fett, laktosefrei, pasteurisiert	Milk low-fat, fresh, 1.5 % fat, lactose-free, pasteurised	187	44	1.54	1.04	4.11	4.11	3.49	0.118
M117700	Sahneersatz (Mischung aus pflanzlichen Fetten und Milch)	Cream substitute (mixture of vegetable fats and milk)	752	182	18	16.564	3.43	3.43	1.57	0.07
M114300	Vollmilch 3,5 % Fett, laktosefrei, pasteurisiert	Whole milk, fresh, 3.5 % fat, lactose-free, pasteurised	261	62	3.49	2.39	4.15	4.15	3.55	0.087
M021000	Ziegenmilch mind. 3 % Fett	Goat's milk min. 3 % fat	280	67	3.92	2.552	4.2	4.2	3.615	0.105
M011000	Schafmilch mind. 4,5 % Fett	Sheep's milk min. 4.5 % fat	385	92	5.967	3.573	4.432	4.432	5.163	0.128
M141200	Joghurt fettarm, mind. 1,5 % bis max. 1,8 % Fett	Yogurt low-fat, min. 1.5 % to max. 1.8 % fat	264	62	1.6	0.92	6.046	5.773	5.035	0.142
M1A5200	H-Milch fettarm, 1,5 % Fett, laktosefrei, ultrahocherhitzt	Milk low-fat, 1.5 % fat, lactose-free, ultra-heated	192	46	1.45	1	4.61	4.61	3.16	0.093
M182100	Kondensmagermilch max. 1 % Fett	Evaporated milk max. 1 % fat	361	85	0.24	0.142	12.1	12.1	8.2	0.3
M1A7300	H-Vollmilch 3,5 % Fett, laktosefrei, ultrahocherhitzt	Whole milk, 3.5 % fat, lactose-free, ultra-heated	264	63	3.49	2.39	4.59	4.59	3.18	0.089
M182300	Kondensmilch teilentrahmt, mind. 1 % bis < 7,5 % Fett	Evaporated milk semi-skimmed, min. 1 % to < 7.5 % fat	459	109	4.1	2.49	10.3	10.3	7.6	0.28
M148300	Joghurt mind. 3,5 % Fett, mit Magermilchpulverzusatz	Yogurt min. 3.5 % fat, fortified with skimmed milk powder	312	74	3.5	1.8	5.8	5.8	4.2	0.15
M1E3300	Joghurt mind. 3,5 % Fett, laktosefrei	Yogurt min. 3.5 % fat, lactose-free	284	68	3.46	2.27	4.36	4.36	3.98	0.1
M121300	Dickmilch/Sauermilch, mind. 3,5 % Fett	Soured milk (thick) min. 3.5 % fat	280	67	3.5	1.87	4.8	4.8	3.3	0.125
M141500	Sahnejoghurt mind. 10 % Fett	Yogurt min. 10 % fat	516	124	10	6.571	4.5	4.5	3.3	0.115
M130300	Kefir mind. 3,5 % Fett	Kefir min. 3.5 % fat	265	63	3.5	2.301	4.13	4.13	3.164	0.115
M149500	Schafjoghurt	Yogurt made from sheep's milk	377	90	6.2	3.5	4.02	4.02	3.87	0.097
M161000	Süßmolke	Sweet whey	105	25	0.24	0.14	4.7	4.7	0.82	0.112
M173800	Schlagsahne mind. 30 % Fett	Whipping cream min. 30 % fat	1270	308	31.7	16.88	3.27	3.27	2.312	0.085
M171500	Kaffeesahne mind. 10 % Fett	Coffee cream min. 10 % fat	514	124	10.5	6.397	4.05	4.05	3.037	0.1
M182400	Kondensmilch mind. 7,5 % Fett	Evaporated milk min. 7.5 % fat	552	132	7.57	4.127	9.32	9.32	6.358	0.245
M2J7100	Trinkjoghurt aus entrahmter Milch, max. 0,5 % Fett, mit Fruchtzubereitung, gesüßt	Yogurt drink from skimmed milk, max. 0.5 % fat, with fruit preparation, sweetened	319	75	0.42	0.13	13.26	12.25	3.45	0.126
M2A3300	Joghurt mild, max. 3,8 % Fett, mit Fruchtzubereitung, gesüßt, laktosefrei	Yogurt mild, max. 3.8 % fat, with fruit preparation, sweetened, lactose-free	408	97	2.96	1.9	13.2	12.3	3.01	0.104
M2L2300	Trinkjoghurt mind. 3,5 % Fett, mit Fruchtzubereitung, gesüßt	Yogurt drink min. 3.5 % fat, with fruit preparation, sweetened	405	96	2.96	1.9	13	12.1	3.01	0.104
M303700	Chester (Cheddar) mind. 50 % Fett i. Tr.	Chester (Cheddar) cheese min. 50 % fat in dry matter	1603	387	32.2	19.345	0.206	0.206	22.984	1.45
M302600	Bergkäse mind. 45 % Fett i. Tr.	Bergkäse (Alpine cheese) min. 45 % fat in dry matter	1640	395	30.805	18.57	0	0	28.9	0.75
M302700	Bergkäse mind. 50 % Fett i. Tr.	Bergkäse (Alpine cheese) min. 50 % fat in dry matter	1754	423	34.8	16.5	0	0	26.9	0.988
M303600	Chester (Cheddar) mind. 45 % Fett i. Tr.	Chester (Cheddar) cheese min. 45 % fat in dry matter	1535	370	28.8	15.1	0	0	26.6	1.75
M313600	Provolone mind. 45 % Fett i. Tr.	Provolone cheese min. 45 % fat in dry matter	1651	398	31.98	21.109	0	0	26.08	2.075
M300600	Hartkäse mind. 45 % Fett i. Tr.	Hard cheese min. 45 % fat in dry matter	1553	374	29.15	20.25	0	0	27.5	0.532
M309600	Jarlsberg mind. 45 % Fett i. Tr.	Jarlsberg cheese min. 45 % fat in dry matter	1465	352	26.9	14	0	0	26.7	1.5
M403800	Tilsiter mind. 60 % Fett i. Tr.	Tilsit cheese min. 60 % fat in dry matter	1735	419	37.8	19.7	0	0	19	1.5
M404600	Wilstermarschkäse mind. 45 % Fett i. Tr.	Wilstermarsch cheese min. 45 % fat in dry matter	1335	321	24.9	13	0	0	23.4	1.75
M406700	Fontina mind. 50 % Fett i. Tr.	Fontina cheese min. 50 % fat in dry matter	1600	386	31.1	20.1	0	0	25.6	1.95
M307700	Raclettekäse mind. 45 % Fett i. Tr.	Raclette cheese min. 45 % fat in dry matter	1421	342	27.5	17.9	0	0	22.8	1.595
M401700	Edamer mind. 50 % Fett i. Tr.	Edam cheese min. 50 % fat in dry matter	1532	369	29.6	18.175	0	0	25	1.5
M401600	Edamer mind. 45 % Fett i. Tr.	Edam cheese min. 45 % fat in dry matter	1475	355	28.3	17.375	0	0	24.295	1.28
M403700	Tilsiter mind. 50 % Fett i. Tr.	Tilsit cheese min. 50 % fat in dry matter	1487	359	29.6	15.5	0	0	22.3	1.5
M403600	Tilsiter mind. 45 % Fett i. Tr.	Tilsit cheese min. 45 % fat in dry matter	1475	355	27.7	17.1	0.025	0.025	25.764	1.74
M401400	Edamer mind. 30 % Fett i. Tr.	Edam cheese min. 30 % fat in dry matter	1092	262	16.2	10.109	0.049	0.049	28.046	1.28
M401500	Edamer mind. 40 % Fett i. Tr.	Edam cheese min. 40 % fat in dry matter	1320	317	23.4	14.625	0	0	25.85	1.92
M506600	Danbo mind. 45 % Fett i. Tr.	Danbo cheese min. 45 % fat in dry matter	1343	323	25	15.783	0.05	0.05	23.6	1.695
M524500	Halloumi Grillkäse	Halloumi cheese	1308	315	25.06	14.79	0.1	0	21.46	1.566
M501700	Butterkäse mind. 50 % Fett i. Tr.	Butterkäse cheese min. 50 % fat in dry matter	1440	347	28.8	14.78	0.01	0	21.46	1.98
M507600	Esrom mind. 45 % Fett i. Tr.	Esrom cheese min. 45 % fat in dry matter	1364	328	25.7	16.642	0.01	0	23.7	1.945
M503700	Steinbuscher mind. 50 % Fett i. Tr.	Steinbuscher cheese min. 50 % fat in dry matter	1311	316	26	13.6	0.01	0	20	2
M504500	Weißlacker mind. 40 % Fett i. Tr.	Weisslacker cheese min. 40 % fat in dry matter	1115	268	19.7	10.4	0.01	0	21.8	3.5
M501600	Butterkäse mind. 45 % Fett i. Tr.	Butterkäse cheese min. 45 % fat in dry matter	1287	310	23.5	12.3	0.1	0.089	23.614	1.98
M503600	Steinbuscher mind. 45 % Fett i. Tr.	Steinbuscher cheese min. 45 % fat in dry matter	1227	296	23	12	0.01	0	21.6	2.5
M504700	Weißlacker mind. 50 % Fett i. Tr.	Weisslacker cheese min. 50 % fat in dry matter	1355	327	27	14.1	0.01	0	20	3.5
M504600	Weißlacker mind. 45 % Fett i. Tr.	Weisslacker cheese min. 45 % fat in dry matter	1220	294	23	12	0.01	0	20.8	3.5
M505700	Trappistenkäse mind. 50 % Fett i. Tr.	Trappista cheese min. 50 % fat in dry matter	1551	374	30.7	16.1	0.01	0	23.5	1.5
M501800	Butterkäse mind. 60 % Fett i. Tr.	Butterkäse cheese min. 60 % fat in dry matter	1589	384	34.7	18.2	0.01	0	17	1.98
M503400	Steinbuscher mind. 30 % Fett i. Tr.	Steinbuscher cheese min. 30 % fat in dry matter	1016	243	15	7.9	0.01	0	26.5	1.5
M505600	Trappistenkäse mind. 45 % Fett i. Tr.	Trappista cheese min. 45 % fat in dry matter	1434	345	26.8	14	0.01	0	25.1	1.5
M602800	Camembert mind. 60 % Fett i. Tr.	Camembert cheese min. 60 % fat in dry matter	1565	378	34	18.725	0.01	0	17.9	1.772
M609800	Weinkäse, Weichkäse, mind. 60 % Fett i. Tr.	Wine cheese, soft cheese, min. 60 % fat in dry matter	1580	382	34.7	18.2	0.01	0	17	2
M600900	Weichkäse mind. 70 % Fett i. Tr.	Soft cheese min. 70 % fat in dry matter	1707	413	40	20.9	0.01	0	13.2	1.75
M600800	Weichkäse mind. 60 % Fett i. Tr.	Soft cheese min. 60 % fat in dry matter	1517	367	33.2	21.663	0.01	0	16.8	1.75
M601700	Brie mind. 50 % Fett i. Tr.	Brie cheese min. 50 % fat in dry matter	1413	341	27.9	12.869	0.107	0.097	22.139	1.575
M602700	Camembert mind. 50 % Fett i. Tr.	Camembert cheese min. 50 % fat in dry matter	1297	313	25.7	15.017	0.101	0.101	20.082	1.672
M602400	Camembert mind. 30 % Fett i. Tr.	Camembert cheese min. 30 % fat in dry matter	894	214	13.5	7.442	0	0	23.021	1.672
M601600	Brie mind. 45 % Fett i. Tr.	Brie cheese min. 45 % fat in dry matter	1097	264	19.82	9.14	0	0	21	1.75
M600700	Weichkäse mind. 50 % Fett i. Tr.	Soft cheese min. 50 % fat in dry matter	1284	310	25.5	17.656	0	0	19.8	1.75
M600600	Weichkäse mind. 45 % Fett i. Tr.	Soft cheese min. 45 % fat in dry matter	1067	257	19.82	13.72	0	0	19.58	1.395
M604600	Münster mind. 45 % Fett i. Tr.	Muenster cheese min. 45 % fat in dry matter	1211	292	22.6	13.95	0.01	0	21.6	2.55
M605500	Romadur mind. 40 % Fett i. Tr.	Romadur cheese min. 40 % fat in dry matter	1144	275	20.1	12.813	0.01	0	23.1	1.772
M605700	Romadur mind. 50 % Fett i. Tr.	Romadur cheese min. 50 % fat in dry matter	1299	313	25.7	16.38	0.01	0	20	1.772
M609600	Weinkäse, Weichkäse, mind. 45 % Fett i. Tr.	Wine cheese, soft cheese, min. 45 % fat in dry matter	1219	294	23	15.924	0.01	0	21.18	2.5
M604700	Münster mind. 50 % Fett i. Tr.	Muenster cheese min. 50 % fat in dry matter	1336	322	26.3	16.23	0.01	0	20.9	2.25
M603700	Limburger mind. 50 % Fett i. Tr.	Limburger cheese min. 50 % fat in dry matter	1354	327	27.2	17.3	0.01	0	20	2
M605300	Romadur mind. 20 % Fett i. Tr.	Romadur cheese min. 20 % fat in dry matter	753	180	9.16	5.674	0.01	0	23.9	1.772
M603300	Limburger mind. 20 % Fett i. Tr.	Limburger cheese min. 20 % fat in dry matter	774	185	8.57	5.309	0.01	0	26.4	1.772
M600500	Weichkäse mind. 40 % Fett i. Tr.	Soft cheese min. 40 % fat in dry matter	1037	249	18.22	12.63	0.01	0	21.18	1.985
M410700	Schnittkäse aus Schafmilch, mind. 50 % Fett i. Tr.	Semi-hard cheese made from sheep's milk, min. 50 % fat in dry matter	1585	383	33.63	22.377	0.012	0	19.16	1.291
M6A5700	Weichkäse aus Schafmilch, mind. 45 % Fett i. Tr.	Soft cheese made from sheep's milk, min. 45 % fat in dry matter	1157	279	22.66	16.23	0.6	0.6	17.86	1.478
M715800	Brotaufstrich aus pflanzlichen Fetten, Rahm, Joghurt entrahmt	Spread made from vegetable fats, cream, skimmed yogurt	950	230	22.1	15.826	2.47	2.47	4.8	0.418
M713700	Speisequark Rahmstufe, 50 % Fett i. Tr.	Quark 50 % fat in dry matter	739	178	14.5	7.5	2.9	2.9	8.3	0.1
M710700	Frischkäsezubereitung Natur, mind. 50 % Fett i. Tr.	Cream cheese preparation min. 50 % fat in dry matter	838	202	16.61	11.032	2.73	2.73	9.74	0.8
M032100	Mozzarella mind. 45 % Fett i. Tr.	Mozzarella min. 45 % fat in dry matter	1073	259	20.99	14.259	0	0	17.12	0.468
M176800	Sauerrahm/Creme fraiche, 30 % Fett	Creme fraiche 30 % fat	1092	265	27.03	18.475	2.55	2.55	2.4	0.078
M772800	Schmelzkäse aus Frischkäse, streichfähig, mind. 60 % Fett i. Tr.	Processed cheese made from cream cheese, spreadable, min. 60 % fat in dry matter	1356	328	29.6	19.5	4.1	4.1	10.7	1.8
M780100	Kochkäse < 10 % Fett i. Tr.	German cooked cheese < 10 % fat in dry matter	356	84	0.5	0.26	4.2	4.2	15.2	1
M711100	Körniger Frischkäse < 10 % Fett i. Tr.	Cottage cheese < 10 % fat in dry matter	308	73	1.2	0.771	3	3	11.8	0.5
M711300	Körniger Frischkäse mind. 20 % Fett i. Tr.	Cottage cheese min. 20 % fat in dry matter	459	109	4.3	2.205	3.64	3.64	13.3	0.575
M712200	Schichtkäse mind. 10 % Fett i. Tr.	Layered cheese min. 10 % fat in dry matter	383	91	2.42	1.535	4.14	4.14	12.441	0.1
M712300	Schichtkäse mind. 20 % Fett i. Tr.	Layered cheese min. 20 % fat in dry matter	465	111	4.96	2.686	3.94	3.94	11.9	0.1
M713200	Speisequark Viertelfettstufe, 10 % Fett i. Tr.	Quark 10 % fat in dry matter	353	84	2	1.04	4.1	4.1	11.6	0.1
M713300	Speisequark Halbfettstufe, 20 % Fett i. Tr.	Quark 20 % fat in dry matter	460	110	5.1	2.762	3.04	3.04	12.245	0.088
M730100	Sauermilchkäse < 10 % Fett i. Tr.	Soured milk cheese < 10 % fat in dry matter	543	128	0.473	0.309	0	0	30.031	2.638
M827200	Frischkäsezubereitung mind. 10 % Fett i. Tr., mit Gemüse/Kräutern	Cream cheese preparation min. 10 % fat in dry matter, with vegetables/herbs	451	107	3	1.57	3.3	3.3	16	0.975
M710100	Skyr, Frischkäse < 10 % Fett i. Tr.	Skyr Icelandic style strained yogurt < 10 % fat in dry matter	270	64	0.84	0.47	3.19	3.14	10.35	0.083
M7B1600	Frischkäse aus Schafmilch, Natur, mind. 45 % Fett i. Tr.	Cream cheese made from sheep's milk, min. 45 % fat in dry matter	952	229	16.42	11.8	1.74	1.74	17.94	1.049
M771700	Schmelzkäse schnittfest, mind. 50 % Fett i. Tr.	Processed cheese sliceable min. 50 % fat in dry matter	1445	348	29	15.2	4.1	4.1	17	3
M810500	Schmelzkäsezubereitung mind. 40 % Fett i. Tr.	Processed cheese preparation min. 40 % fat in dry matter	1058	254	19	10	5.1	5.1	15	2.75
M771400	Schmelzkäse schnittfest, mind. 30 % Fett i. Tr.	Processed cheese sliceable min. 30 % fat in dry matter	921	221	13.6	9.1	9	9	14.8	3
M771600	Schmelzkäse schnittfest, mind. 45 % Fett i. Tr.	Processed cheese sliceable min. 45 % fat in dry matter	1240	299	23.6	12.24	5.1	5.1	15.7	2.8
N314000	Limonade chininhaltig	Carbonated soft drink with quinine	173	41	0	0	9.88	9.88	tr	0.002
N310400	Zitronenlimonade	Carbonated lemonade	160	38	0	0	9.27	9.27	tr	0.022
N315000	Ginger Ale	Ginger Ale	157	37	0	0	8.87	8.87	tr	0.002
N128000	Natürliches Mineralwasser still	Natural mineral water still	0	0	0	0	0	0	0	0.007
N127000	Natürliches Mineralwasser mit Kohlensäure	Natural mineral water carbonated	0	0	0	0	0	0	0	0.007
N130000	Natürliches Mineralwasser mit geringem Mineraliengehalt	Natural mineral water with low mineral content	0	0	0	0	0	0	0	0.004
N160000	Quellwasser	Spring water	0	0	0	0	0	0	0	0.006
N419000	Türkischer Mokka (Getränk)	Turkish mocha (infusion)	2	0	0	0	0	0	0.12	0.01
N415000	Kaffee (Getränk) entkoffeiniert	Coffee (infusion) decaffeinated	2	0	0	0	0	0	0.12	0.01
N411100	Espresso (Getränk)	Espresso (infusion)	11	2	0	0	0	0	0.4	0.018
N416000	Kaffee (Getränk) koffeinreduziert	Coffee (infusion) caffeine-reduced	2	0	0	0	0	0	0.12	0.01
N440100	Kaffee (Getränk) entkoffeiniert, aus Instantpulver	Coffee (infusion) made from decaffeinated instant powder	7	2	0	0	0	0	0.33	0.002
N440900	Instantkaffeepulver entkoffeiniert	Coffee instant powder decaffeinated	624	150	1.2	-	4.1	0	19.5	0.12
N611000	Mate-Tee (Getränk)	Mate tea (infusion)	2	0	0	0	0	0	0.1	0.005
N720100	Kräutertee (Getränk)	Herbal tea (infusion)	0	0	0	0	0	0	tr	0.006
N601000	Roibusch-/Rooibos-/Rotbusch-Tee (Getränk)	Rooibos tea (infusion)	0	0	0	0	0	0	tr	0.005
N670100	Schwarztee (Getränk) entkoffeiniert	Black tea (infusion) decaffeinated	0	0	0	0	0	0	0	0.005
P151120	Hefeweizen/Weizenbier, 0,0 % vol	Wheat beer 0.0 % vol	108	26	0	0	5.9	3.6	0.478	0.003
P151110	Hefeweizen/Weizenbier, alkoholfrei	Wheat beer alcohol-free	94	22	0	0	4.7	2.4	0.484	0.003
P161000	Lagerbier hell	Pale beer	150	36	0	0	2.283	0.231	0.4	0.012
P165000	Lagerbier dunkel	Dark beer	111	27	0	0	0.172	0.172	0.4	0.008
P197000	Bier kohlenhydratreduziert	Beer reduced carbohydrate content	134	32	0	0	0.8	0	0.422	0.004
P1A4000	Leichtbier	Light beer	115	27	0	0	2.2	0.1	0.422	0.004
P163100	Pilsner Bier, alkoholfrei	Pilsner beer alcohol-free	77	18	0	0	3.7	1.6	0.416	0.004
P154000	Kölsch	Koelsch (beer from Cologne)	158	38	0	0	2.218	0.108	0.422	0.004
P153000	Altbier	Dark beer (medium-gravity beer) top-fermented	165	40	0	0	2.284	0.156	0.502	0.004
P172000	Bockbier	Bock beer (original wort > 16 %)	206	49	0	0	2.127	0	0.9	0.012
P177000	Stout	Stout	193	46	0	0	5.3	3.2	0.4	0.004
P174000	Doppelbock	Doppelbock beer (original wort min. 18 %)	208	50	0	0	2.131	0	0.503	0.004
P219000	Eiswein	Ice wine	593	141	0	0	23.06	23.05	0.077	0.004
N014000	Wein alkoholfrei	Wine alcohol-free	74	18	0	0	3	3	0.097	0.005
N003000	Aperitif alkoholfrei	Aperitif alcohol-free	274	64	0	0	15	15	0.129	0.004
P289000	Federweißer (Traubenmost teilweise vergoren)	Federweisser (still fermenting young wine)	304	73	0	0	1.288	1.288	0.15	0.005
P232000	Weißwein Beerenauslese/Trockenbeerenauslese	White wine Beerenauslese/Trockenbeerenauslese	548	130	0	0	18.55	18.55	0.124	0.004
P231000	Weißwein süß	White wine sweet	373	89	0	0	6.15	6.15	0.143	0.005
P230000	Weißwein lieblich	White wine medium sweet	320	77	0	0	2.43	2.43	0.148	0.005
P431000	Portwein	Port wine	672	161	0	0	11.9	11.9	0.1	0.01
P2A1000	Rotwein süß	Red wine sweet	397	95	0	0	5.15	5.12	0	0.005
P2A2000	Rotwein lieblich	Red wine medium sweet	357	86	0	0	2.29	2.26	0	0.005
P462000	Sherry medium dry	Sherry medium dry	495	119	0	0	5.9	5.9	0.1	0.068
P341300	Wermutwein trocken	Vermouth dry	436	105	0	0	3	3	0.1	0.028
P560100	Bitterlikör 11 % vol	Bitter liqueur 11 % vol	634	150	0	0	25	25	0	0.004
P330000	Perlwein/Perlwein mit zugesetzer Kohlensäure, trocken	Pearl wine/pearl wine with added carbonic acid, dry	309	74	0	0	2.09	2.08	0	0.005
P2A7100	Qualitätsschaumwein, Sekt, halbtrocken	Quality sparkling wine medium dry	334	80	0	0	3.9	3.9	0	0.005
P2A7000	Qualitätsschaumwein, Sekt, süß	Quality sparkling wine sweet	357	86	0	0	5.5	5.5	0	0.005
P2A6110	Qualitätsschaumwein, Sekt, herb/brut	Quality sparkling wine brut	288	69	0	0	0.63	0.62	0	0.005
P2A6100	Qualitätsschaumwein, Sekt, extra trocken	Quality sparkling wine extra dry	298	72	0	0	1.34	1.33	0	0.005
N005000	Sekt alkoholfrei	Sparkling wine alcohol-free	95	22	0	0	5.2	5.2	0	0.005
P273000	Rosewein trocken	Rose wine dry	266	64	0	0	0.7	0.7	0.1	0.01
P2B1000	Rosewein süß	Rose wine sweet	325	78	0	0	4.85	4.85	0.1	0.01
P2B1200	Rosewein halbtrocken	Rose wine medium dry	271	65	0	0	1.17	1.17	0.1	0.01
Q310000	Walnussöl	Walnut oil	3696	899	99.9	9.6	0	0	0	0
Q120000	Olivenöl	Olive oil	3696	899	99.9	12	0	0	0	0.004
Q210000	Erdnussöl	Peanut oil	3696	899	99.9	16.7	0	0	0	0
Q550000	Kokosöl	Coconut oil	3700	900	100	87.8	0	0	tr	0
Q180000	Rapsöl/Rüböl	Rapeseed oil/canola oil	3700	900	100	7.2	0	0	0	0.004
Q260000	Maiskeimöl	Corn oil	3700	900	100	13.186	0	0	0	0.002
Q270000	Sojaöl	Soya oil	3700	900	100	14.7	0	0	0	0
Q320000	Sonnenblumenöl	Sunflower oil	3700	900	100	11	0	0	0	0.003
Q640000	Halbfettbutter	Butter half fat	1552	377	39.8	25.46	0.571	0.571	4	0.2
Q683000	Butterschmalz	Rendered butter	3687	897	99.5	62.654	0	0	0.25	0.005
Q6A7000	Mischfett mit überwiegend Milchfett, ungesalzen	Mixed fat spread, mainly milk fat, unsalted	2659	647	71.28	35.06	0.645	0.645	0.59	0.018
Q630000	Süßrahmbutter	Sweet cream butter	3073	747	82.5	55.651	0.6	0.6	0.59	0.03
Q620000	Sauerrahmbutter	Cultured butter	3072	747	82.2	52.649	0.571	0.571	1.188	0.028
Q860000	Schweinefett/Schweineschmalz	Pork lard	3700	900	100	38.736	0	0	tr	0.002
Q830000	Hühnerfett	Chicken fat	3700	900	100	29.118	0	0	tr	0.025
U205000	Rind Fettgewebe, subkutan roh	Beef fatty tissue, subcutaneous, raw	3504	852	94	40.292	0	0	1.5	0.025
Q880000	Hammelfett/Hammeltalg	Mutton tallow/fat	3074	747	81.3	42.8	0	0	3.85	0.005
R113000	Speisesalz jodiert/Jodsalz, mit Fluorid	Iodised salt with fluoride	0	0	0	0	0	0	0	95.362
R113100	Speisesalz jodiert/Jodsalz, mit Fluorid und Folsäure	Iodised salt with fluoride and folic acid	0	0	0	0	0	0	0	95.362
R111100	Steinsalz	Rock salt	0	0	0	0	0	0	0	95.362
R114000	Speisesalz jodiert/Jodsalz	Iodised salt	0	0	0	0	0	0	0	95.362
R112000	Meersalz	Sea salt	0	0	0	0	0	0	0	95.362
R121000	Weinessig	Wine vinegar	109	25	0	0	0	0	0	0.208
R134000	Senf extra scharf	Mustard extra hot	460	111	6.96	0.49	2.94	2.76	5.51	3.275
R133000	Senf scharf	Mustard hot	460	111	6.96	0.49	2.94	2.76	5.51	3.275
R135000	Senf süß	Mustard sweet	743	177	5.37	0.4	25.1	25	4.25	2.525
R141200	Curry-Gewürzketchup	Curry ketchup	417	98	0.1	0.03	21.16	20.82	1.4	1.9
R148200	Feinkostsauce/Grillsauce, Tomaten-Basis	Barbecue sauce, tomato-based	431	102	0.56	0.076	21.36	19.04	1.46	1.991
R161200	Tomaten passiert/Tomatenpüree	Tomato puree	121	29	0.1	0.02	3.94	3.6	1.18	0.311
Q991000	Mayonnaise (Fertigprodukt)	Mayonnaise (ready-made product)	3084	750	81.2	6.88	2.3	2.3	1.49	0.91
R910000	Bratensoße Instantpulver	Gravy instant powder	1366	324	8.65	5.386	51.942	17.59	7.71	19.875
R810000	Bouillon/Brühe/Suppe (Brühwürfel, Pulver)	Bouillon/stock/soup (stock cubes, powder)	822	195	5.8	2.68	27.91	0.4	5.82	51.731
S372000	Marshmallow (Schaumzuckerware)	Marshmallow	1579	373	0.2	0.06	84	65.8	1.8	0.062
R381100	Orangeat	Candied orange peel	1105	260	0.2	-	62.9	62.9	0	0.14
S311000	Hartkaramelle (Bonbon)	Hard candy	1776	421	0.2	0	92.8	69	0	0.095
S124000	Invertzuckercreme	Invert sugar cream	1406	331	0	0	82.5	82.5	0.15	0.048
S111100	Puderzucker	Icing sugar/powdered sugar	1700	400	0	0	100	100	0	0.012
S114000	Vanillezucker	Vanilla sugar	1700	400	0	0	100	100	0	0.012
S351000	Fondant (Fondantmasse)	Fondant/fondant mass	1436	339	3.1	-	77	76	0.7	0.042
R452000	Vanillinzucker	Vanillin sugar	1700	400	0	0	100	100	0	0.012
S152000	Melasse	Treacle/molasses, dark	974	229	0.1	0.02	55.9	55.9	1.2	0.27
S361000	Fruchtgummi (Gummibonbon)	Gum drops with fruit essence	1325	312	0.3	0	70.7	56.7	4.8	0.142
S531200	Milchschokolade gefüllt mit Mandel-Karamell	Milk chocolate filled with almond-caramel	2066	494	25.48	14.85	54.96	45.54	9.08	0.652
S622100	Pralinen gefüllt mit Mandel-Karamell	Pralines filled with almond-caramel	2066	494	25.48	14.85	54.96	45.54	9.08	0.652
S622600	Pralinen gefüllt mit Karamellcreme	Pralines filled with caramel cream	1872	446	17.05	9.35	68.7	60.82	3.72	0.471
S550000	Sahneschokolade	Cream chocolate	2361	567	36.02	21.73	51.917	51.051	7	0.167
S530000	Milchschokolade	Milk chocolate	2221	532	31.34	18.75	54.026	52.826	6.83	0.189
S628000	Pralinen gefüllt mit Milch-/Joghurtcreme	Pralines filled with milk/yogurt cream	2346	565	40.26	22.62	39.39	39.39	7.51	0.198
S620000	Pralinen gefüllt	Pralines filled	2346	565	40.26	24.19	39.39	39.39	7.51	0.198
S580000	Schokolade weiß	Chocolate white	2312	554	33.44	19.42	56.786	56.786	6.18	0.253
S500000	Schokolade	Chocolate	2173	520	28.36	16.87	57.5	55.354	5.49	0.022
S539900	Vollmilchschokolade	Whole milk chocolate	2312	555	35.13	21.12	52.01	51.38	6.34	0.185
S713000	Kakaopulver stark entölt	Cocoa powder strongly deoiled	1295	311	11.2	6.9	12.3	1.015	25.503	0.822
S570000	Bitterschokolade	Dark chocolate	2338	563	41.33	24.97	33.7	30	9.1	0.02
T041600	Aal geräuchert (Räucheraal)	Eel smoked	1362	329	28.6	6.597	0	0	17.9	1.25
T064100	Hecht roh	Pike raw	355	84	1.13	0.223	0	0	18.4	0.188
T861100	Kaviar echt (Stör)	Caviar (sturgeon)	1017	244	15.5	2.157	0	0	26.1	4.85
T091100	Heringsrogen roh	Herring roe raw	555	131	3.05	0.425	0	0	26	0.228
T094100	Lachsrogen roh	Salmon roe raw	477	113	2.6	0.3	0	0	22.4	0.265
T121100	Thunfisch roh	Tuna raw	585	139	5.52	1.559	0	0	22.4	0.108
T107600	Makrele geräuchert	Mackerel smoked	1402	338	29.2	7.161	0	0	18.89	1.805
T206100	Schellfisch roh	Haddock raw	312	74	0.58	0.1	0	0	17.1	0.17
T800200	Stockfisch (getrocknet)	Stockfish (cod unsalted, dried)	1439	339	2.5	0.584	0	0	79.2	5.082
T208100	Merlan/Wittling, roh	Whiting raw	361	85	1.31	0.235	0	0	18.4	0.202
T209100	Seehecht roh	Hake raw	364	86	1.93	0.338	0	0	17.2	0.252
T202100	Leng roh	Ling raw	346	82	0.62	0.15	0	0	19	0.268
T204200	Dorsch/Kabeljau, tiefgefroren	Cod deep-frozen	304	72	0.6	0.145	0	0	16.562	0.228
T213100	Alaska-Pollack/Alaska-Seelachs, roh	Alaska pollock raw	239	57	0.82	0.148	0	0	12.3	0.272
T207200	Köhler/Seelachs, tiefgefroren	Saithe/pollack, deep-frozen	342	81	1.1	0.179	0	0	17.75	0.17
T033100	Dornhai roh	Piked dogfish raw	751	181	14.5	4.69	0	0	12.6	0.042
T415100	Königslachs roh	Chinook salmon raw	753	180	11.2	2.5	0	0	19.9	0.12
T422400	Forelle gesalzen	Trout salted	574	137	5.52	0.95	0	0	21.2	2.098
T422100	Forelle roh	Trout raw	655	156	7.63	1.443	0	0	21.552	0.112
T103100	Matjeshering mild gesalzen	Matjes herring mild salted	1129	272	22.6	4.129	0	0	16	6.25
U291100	Rind Hinterhesse, roh	Beef leg/hindshank, raw	586	140	6	1.9	0	0	21.4	0.188
U261100	Rind Bug/Schulter, roh	Beef shoulder, raw	540	128	5.3	2.325	0	0	20.2	0.125
U201000	Rind Muskelfleisch, roh	Beef muscle meat, raw	446	106	1.9	0.798	0.103	0.043	22	0.165
U284100	Rind Hüfte, roh	Beef rump, raw	463	110	2.35	1.019	0	0	22.1	0.142
U482100	Kalb Keule, roh	Veal round, raw	379	89	0.72	0.301	0	0	20.7	0.215
U287100	Rind Oberschale, roh	Beef topside/top round, raw	522	124	4.527	2.057	0	0	20.86	0.118
U602100	Schwein Fleisch, sehnenfrei, sichtbarer Fettanteil max. 5 % (S II) roh	Pork meat, tendon free, visible fat content max. 5 % (S II) raw	572	136	5.61	1.89	0	0	21.41	0.147
U511100	Schwein Filetmedaillon, roh	Pork fillet medaillon, raw	430	102	1.2	0.3	0	0	22.7	0.122
U733100	Schaf Filetsteak, roh	Sheep fillet steak, raw	497	118	2.97	1.35	0	0	22.79	0.122
U711100	Schaf Filetmedaillon, roh	Sheep fillet medaillon, raw	497	118	2.97	1.35	0	0	22.79	0.122
U602200	Schwein Fleisch, geringer Feinsehnenanteil, sichtbarer Fettanteil max. 3 - 5 % (S II/III) roh	Pork meat, low fine tendon content, visible fat content max. 3 - 5 % (S II/III) raw	575	137	5.08	1.78	0	0	22.77	0.108
U602000	Schwein Fleisch, fett- und sehnenfrei (S I) roh	Pork meat, fat and tendon free (S I) raw	445	105	1.85	0.576	0	0	22.16	0.108
U522100	Schwein Stielkotelett, roh	Pork chop (loin) raw	730	175	10.08	3.4	0	0	21.02	0.122
U578100	Schwein Lachsbraten, roh	Pork meat for roasting (loin) raw	487	115	2.35	0.78	0	0	23.56	0.11
W510000	Kasseler, Rohpökelware, geräuchert	Pork loin chop, raw cured, smoked	454	107	2.17	0.851	0	0	21.97	3.075
U533100	Schwein Schmetterlingssteak, roh	Pork steak (loin) raw	610	145	6.2	2.3	0	0	22.4	0.11
U577100	Schwein Kammbraten, roh	Pork meat for roasting (neck) raw	730	175	10.9	4.05	0	0	19.21	0.136
U532100	Schwein Kammsteak, roh	Pork steak (neck) raw	730	175	10.9	4.05	0	0	19.21	0.136
V250100	Wildschwein Fleisch, roh	Wild boar meat, raw	676	162	9.3	3.248	0	0	19.5	0.235
U57B100	Schwein Ladenbauch, roh	Pork belly for roasting, raw	1340	324	28.06	10.05	0	0	17.74	0.152
U603100	Schwein Bauch, mager, sichtbarer Fettanteil max. 25 % (S IV) roh	Pork belly, lean, visible fat content max. 25 % (S IV) raw	1197	289	24.63	9.37	0	0	16.79	0.143
U604000	Schwein Bauch, kernig, sichtbarer Fettanteil max. 60 % (S V) roh	Pork belly, firm, visible fat content max. 60 % (S V) raw	1269	307	26.68	9.93	0	0	16.6	0.149
U583100	Schwein Kochfleisch (Bauch) roh	Pork meat for boiling (belly) raw	1340	324	28.06	10.05	0	0	17.74	0.152
U57A100	Schwein Grillbauch, roh	Pork belly for grilling, raw	1340	324	28.06	10.05	0	0	17.74	0.152
U564100	Schwein Dicke Rippe roh	Pork breast tip cut raw	818	196	13.07	4.25	0	0	19.66	0.174
U603000	Schwein Fleisch, höherer Sehnenanteil, sichtbarer Fettanteil max. 7 - 10 % (S III) roh	Pork meat, higher tendon content, visible fat content max. 7 - 10 % (S III) raw	844	203	13.76	5.51	0	0	19.7	0.146
U571100	Schwein Bratenfleisch (Bug mit Fett und Schwarte) roh	Pork meat for roasting (shoulder with fat and rind) raw	825	198	12.92	4.2	0	0	20.4	0.142
U574100	Schwein Bratenfleisch (Bug ohne Fett und Schwarte) roh	Pork meat for roasting (shoulder without fat and rind) raw	564	135	5.83	1.8	0	0	20.51	0.161
U554100	Schwein Gulasch (Restbug) roh	Pork goulash (shoulder strips) raw	507	121	3.83	1.22	0	0	21.51	0.154
W441000	Parmaschinken	Parma ham	1277	307	21.8	8.074	0.13	0.13	26.72	5.3
W442000	Schwarzwälder Schinken, Rohpökelware, geräuchert	Black Forest ham, raw cured, smoked	1277	307	21.9	7.827	0.13	0.13	26.5	5.35
U575100	Schwein Bratenfleisch (Nuss) roh	Pork meat for roasting (thick flank) raw	460	109	2.43	0.73	0	0	21.77	0.136
U543100	Schwein Schnitzel (Nuss) roh	Pork schnitzel (thick flank) raw	460	109	2.43	0.73	0	0	21.77	0.136
U601000	Schwein Muskelfleisch, roh	Pork muscle meat, raw	443	105	1.86	0.647	0	0	22	0.178
U576100	Schwein Bratenfleisch (Hüfte/Schinkenspeck) roh	Pork meat for roasting (rump) roh	535	127	4.23	1.39	0	0	22.28	0.119
U579100	Schwein Schwartenbraten (Krustenbraten) roh	Pork meat for roasting (silverside) raw	923	222	15.79	5.14	0	0	19.9	0.143
U563100	Schwein Roulade (Oberschale) roh	Pork meat for olives (topside) raw	484	115	2.51	0.78	0	0	23.01	0.119
U541100	Schwein Schnitzel (Oberschale) roh	Pork schnitzel (topside) raw	448	106	1.9	0.715	0	0	22.2	0.18
U801000	Schaf Muskelfleisch, roh	Sheep muscle meat, raw	473	112	3.41	1.555	0	0	20.4	0.235
U726100	Hammel Kotelett, roh	Mutton chop (loin) raw	1437	348	32	14.593	0	0	14.9	0.225
U727100	Lamm Kotelett, roh	Lamb chop (loin) raw	903	217	15.9	7.253	0	0	18.5	0.15
U817100	Lamm Nuss, roh	Lamb thick flank, raw	510	121	4.6	2.19	0	0	20	0.15
U837100	Lamm Hals/Kamm/Nacken, roh	Lamb scrag, raw	797	191	13	6.226	0	0	18.6	0.165
U816100	Hammel Filet/Lende, roh	Mutton tenderloin, raw	806	194	13.2	6.021	0	0	18.7	0.188
U811100	Schaf Filet/Lende, roh	Sheep tenderloin, raw	806	194	13.2	6.021	0	0	18.7	0.188
U754100	Schaf Gulasch (Hals/Kamm/Nacken) roh	Sheep goulash (scrag) raw	748	180	11.9	5.7	0	0	18.1	0.165
U981700	Fleischfond Konserve	Soup basic stock canned	33	8	0.22	0.11	0	0	1.48	0.638
V434100	Suppenhuhn Fleisch, mit Haut, roh	Boiling fowl meat, with skin, raw	1066	257	20.3	6.5	0	0	18.5	0.161
V416100	Hähnchen Brustfilet, roh	Chicken breast fillet, raw	462	109	1.81	0.41	0	0	23.25	0.128
V417100	Hähnchen Flügel, mit Haut, roh	Chicken wings, with skin, raw	827	199	13.94	3.012	0	0	18.33	0.232
V334100	Wildente Fleisch, mit Haut, roh	Wild duck meat, with skin, raw	858	206	15.2	5	0	0	17.4	0.14
V444100	Poularde Fleisch, mit Haut, roh	Poulard meat, with skin, raw	730	175	11	2.4	0	0	19	0.098
V413000	Hähnchen Fleisch, ohne Haut, roh	Chicken meat, without skin, raw	551	131	5.6	0.979	0	0	20.2	0.198
V484100	Pute Fleisch, mit Haut, roh	Turkey meat, with skin, raw	658	157	8.5	2.173	0	0	20.2	0.158
V320100	Rebhuhn Fleisch, roh	Partridge meat, raw	1039	248	12	3.9	0	0	35	0.25
V515100	Lamm Herz, roh	Lamb heart, raw	551	132	6.8	2.8	0	0	17.6	0.292
U080100	Rind Leberhack, roh	Beef liver mince, raw	552	131	3.66	1.149	5.3	0	19.21	0.29
V535100	Lamm Leber, roh	Lamb liver, raw	549	131	4.92	1.52	1	0	20.6	0.168
V542100	Kalb Lunge, roh	Veal lungs, raw	378	90	2.17	0.667	0	0	17.5	0.385
V543100	Schwein Lunge, roh	Pork lungs, raw	476	114	6.67	2.092	0	0	13.5	0.378
V546100	Hammel Lunge, roh	Mutton lungs, raw	398	94	2.3	0.709	0	0	18.4	0.512
V563100	Schwein Milz, roh	Pork spleen, raw	427	102	3.64	1.846	0	0	17.2	0.25
V561100	Rind Milz, roh	Beef spleen, raw	422	100	2.9	1.472	0	0	18.5	0.248
V566100	Hammel Milz, roh	Mutton spleen, raw	454	108	4	2.028	0	0	18	0.21
V574100	Schaf Niere, roh	Sheep kidney, raw	376	89	2.95	0.98	0	0	15.7	0.39
V571100	Rind Niere, roh	Beef kidney, raw	466	111	5.14	2.416	0	0	16.2	0.49
V573100	Schwein Niere, roh	Pork kidney, raw	428	102	3.765	1.159	0	0	17	0.368
V576100	Hammel Niere, roh	Mutton kidney, raw	393	93	3.03	1.006	0	0	16.5	0.495
V585100	Lamm Bries, roh	Lamb sweetbread, raw	341	81	3.16	1.6	0	0	13.2	0.142
V595100	Lamm Zunge, roh	Lamb tongue, raw	940	227	18.6	5.9	0	0	14.8	0.192
V636100	Gans Leber, roh	Goose liver, raw	458	109	4.28	1.6	1.2	0	16.4	0.35
V438100	Suppenhuhn Innereien, roh	Boiling fowl giblets, raw	645	154	9.21	2.42	0	0	17.9	0.192
V635100	Ente Leber, roh	Duck liver, raw	510	121	4.64	1.4	1.2	0	18.7	0.27
V551100	Rind Magen/Kutteln, roh	Beef stomach/tripe, raw	335	80	2.84	1.17	0	0	13.5	0.222
V553100	Schwein Magen, roh	Pork stomach, raw	659	158	10.1	4.02	0	0	16.8	0.188
W149300	Salami (Schwein)	Pork salami	1551	374	30.9	12.309	0	0	23.54	4.1
W288100	Geflügelmortadella	Poultry mortadella	948	229	19.09	7.317	0.009	0	12.57	2.3
W874200	Cocktailwürstchen Konserve	Cocktail sausage small canned	943	228	19.5	6.871	0	0	12.5	1.778
W874300	Wiener Würstchen Konserve	Vienna sausage canned	943	228	19.5	6.871	0	0	12.5	1.778
W212000	Geflügel-Wiener Würstchen	Poultry Vienna sausage	962	232	18.98	5.094	1.01	1.01	13.62	2.212
W870400	Lyoner/Lyoner Wurst, Konserve	Lyon sausage canned	1164	281	25.5	9.01	0.25	0.24	12.25	2.013
W231200	Mortadella/Schinkenwurst fein zerkleinert	Mortadella/Ham bologna finely minced	1093	264	23	8.132	0.25	0.24	13.5	2.013
W245000	Lyoner weiß	White Lyoner sausage	1164	281	25.5	9.01	0.25	0.24	12.25	2.013
W255100	Lyoner grob	Lyoner sausage coarsely minced	1164	281	25.5	9.01	0.25	0.24	12.25	2.013
W234000	Fleischwurst	Bologna	1265	306	28.3	11.044	0.25	0.24	12.11	2.438
W241000	Gelbwurst	Gelbwurst sausage (uncured)	1234	298	27.7	10.528	0.25	0.24	11.55	2.5
W871700	Bierwurst/Blasenwurst, Konserve	Bierwurst canned	1140	275	24	8.66	0.46	0.46	13.73	1.84
W880100	Leberwurst Konserve	Liver sausage high quality, canned	1475	357	33.15	12.13	2.05	1.915	12.3	1.875
W314000	Kalbsleberwurst	Veal liver sausage	1451	351	32	12.583	1.933	1.915	13.55	1.96
W424000	Schwein Kochschinken, Kochpökelware	Pork ham, cooked cured	549	130	3.7	1.328	0.74	0.74	22.5	2.26
X412263	Geflügelkraftbrühe (Huhn)	Poultry consomme (chicken)	20	5	0.3	-	0	0	0.5	0.85
X412463	Fischkraftbrühe	Fish consomme	32	8	0.4	-	0	0	1	0.738
X412053	Rinderkraftbrühe	Beef consomme	14	3	0.2	-	0	0	0.4	0.562
X411363	Wildbrühe	Game stock	14	3	0.2	-	0	0	0.4	0.562
X413663	Doppelte Rinderkraftbrühe	Double beef consomme	14	3	0.2	-	0	0	0.4	0.562
X411563	Kalbsbrühe	Veal stock	14	3	0.2	-	0	0	0.4	0.562
X412363	Wildkraftbrühe	Game consomme	14	3	0.2	-	0	0	0.4	0.562
C211100	Weizen Vollkornschrot	Wheat coarse meal	1398	331	1.833	0.227	59.213	1.053	12.812	0.02
C113000	Weizen Flocken	Wheat flakes	1398	331	1.833	0.308	59.213	1.053	12.812	0.02
C219100	Hartweizen Vollkorngrieß	Durum wheat wholemeal semolina	1461	346	2.32	0.35	60.94	1.071	14.4	0.002
C219200	Hartweizen ganzes Korn, roh	Durum wheat whole grain, raw	1461	346	2.32	0.35	60.94	1.071	14.4	0.002
C119100	Bulgur (Hartweizen) roh	Bulgur (durum wheat) raw	1494	353	2	0.28	68	1.9	12.4	0.028
C119200	Couscous (Hartweizen) roh	Couscous (durum wheat) raw	1483	350	1.7	0.241	68.92	1.062	11.692	0.016
C117000	Weizen Grütze	Wheat groats	1492	352	1.48	0.19	68.92	1.062	13.36	0.002
C121000	Roggen ganzes Korn, roh	Rye whole grain, raw	1272	302	1.7	0.31	53.844	1.424	11	0.01
C236100	Dinkel Flocken	Spelt flakes	1425	337	2.45	0.24	58.82	1.04	14.25	0.002
C457000	Reis Kleie	Rice bran	1574	380	20.8	3.6	17.2	1.5	14.1	0.012
C240100	Emmer ganzes Korn, roh	Emmer wheat whole grain, raw	1448	342	2.34	0.25	63.27	1.114	13.09	0.002
C240200	Emmer Flocken	Emmer wheat flakes	1448	342	2.34	0.25	63.27	1.114	13.09	0.002
C241200	Einkorn Flocken	Einkorn wheat flakes	1424	337	2.86	0.27	58.9	1.177	13.93	0.002
C241100	Einkorn ganzes Korn, roh	Einkorn wheat whole grain, raw	1424	337	2.86	0.27	58.9	1.177	13.93	0.002
C413000	Grünkern Vollkornmehl	Green spelt flour	1354	321	2	0.296	59.18	2.484	10.399	0.008
C412000	Grünkern Vollkornschrot	Green spelt coarse meal	1391	329	2.68	0.38	59.18	2.484	11.07	0.002
C317000	Grünkern Grütze	Green spelt groats	1391	329	2.68	0.38	59.18	2.484	11.07	0.002
C326000	Buchweizen Grieß	Buckwheat semolina	1482	350	3.12	0.46	65.08	1.018	12.52	0.001
C433100	Braunhirse Mehl	Brown millet flour	1418	337	3.74	0.46	55.81	0.731	11.1	0.001
C534200	Cerealien extrudiert, gesüßt, ungefüllt, mit Zimtgeschmack, angereichert mit Vitaminen und Mineralstoffen	Extruded cereals sweetened, unfilled, cinnamon flavoured, fortified with vitamins and minerals	1789	424	9.38	3.46	73.36	23.41	8.36	0.318
E131100	Entenei roh	Duck egg raw	756	182	14.4	3.852	0.34	0.34	12.8	0.25
F112600	Apfelsaft angereichert mit Vitamin C	Apple juice fortified with vitamin C	188	44	0	0	10.585	9.585	0.097	0.015
F310600	Traubensaft	Grape juice	290	68	0	0	16.35	15.35	0.21	0.008
F501600	Ananassaft	Pineapple juice	197	47	0.1	0.02	10.709	9.709	0.4	0.01
F212100	Sauerkirsche roh	Sour cherry raw	293	69	0.5	0.11	13.746	12.746	0.9	0.002
F223100	Zwetschge roh	Blue plum raw	205	48	0.17	0.022	10.71	8.1	0.3	0.002
F211100	Süßkirsche roh	Sweet cherry raw	298	70	0.31	0.07	15.33	13.66	0.9	0.001
F310100	Weintraube roh	Grape raw	260	61	0.28	0.062	12.18	12.08	0.75	0.015
F225100	Reineclaude roh	Greengage raw	258	61	tr	0	13.4	10.8	0.84	0.002
F224100	Mirabelle roh	Mirabelle plum raw	312	74	0.2	0.026	16.78	14.17	0.73	0
F305100	Stachelbeere roh	Gooseberry raw	212	50	0.15	0.014	9.836	7.226	0.875	0.005
F601100	Zitrone roh	Lemon raw	170	40	0.4	0.131	3.16	3.16	0.7	0.01
F605100	Pampelmuse/Pomelo, roh	Pomelo raw	194	46	0.4	0.1	7.77	7.77	0.9	0.005
F607100	Clementine roh	Clementine raw	204	48	0.15	0.02	9.19	9.19	0.85	0.002
F604100	Grapefruit roh	Grapefruit raw	149	35	0.15	0.034	6.5	6.5	0.5	0.002
F606100	Mandarine roh	Mandarin raw	223	53	0.3	0.042	10.1	10.1	1	0.007
F522100	Lulo/Naranjilla, roh	Naranjilla raw	205	48	0.15	0.045	8.85	8.85	1	0.005
F840300	Korinthe (Weinbeere getrocknet)	Currant (grape dried)	1310	309	1	0.2	67.512	66.62	2.2	0.025
G109100	Zuckerhutsalat roh	Sugar loaf chicory raw	55	13	0.2	0.021	0.83	0.83	1.25	0.108
G430100	Gemüsefenchel roh	Fennel/Florence fennel, raw	113	27	0.2	0.044	3.43	2.97	1.4	0.068
G324100	Pak Choi roh	Pak choi raw	69	16	0.2	0.012	1	0.8	1.8	0.032
G680100	Rettich roh	Radish raw	87	21	0.15	0.033	2.97	1.981	1.05	0.055
G691100	Radieschen roh	Small red radish raw	78	18	0.14	0.033	2.31	2.133	1.05	0.055
G414100	Gemüseartischocke/Kardone, roh	Cardoon raw	78	19	0.1	0.011	2.69	2.51	0.7	0.425
G492100	Bärlauch roh	Wild garlic raw	110	26	0.19	-	2.934	2.89	1.9	0.03
G012902	Kapern gesäuert, abgetropft	Capers pickled, canned, drained	92	22	0.42	0	0	0	2.12	6.95
R211200	Ingwer/Ingwerwurzel, roh	Ginger root raw	202	48	0.75	0.2	6.8	0.53	1.92	0.03
G693100	Wasabi roh	Japanese horseradish/wasabi root, raw	376	90	0.63	0.1	11.67	8.25	4.8	0.042
H731400	Lupinenmehl	Lupin flour	1360	327	8.8	0.93	6.6	6	37.716	0.012
H710400	Erbsenmehl	Pea flour	1183	280	1.3	0.13	40.5	3.3	20.905	0.06
H720400	Kichererbsenmehl	Chickpea flour	1352	322	5.8	0.5	39.6	2.411	20.043	0.058
H160600	Pekannuss geröstet ohne Fett	Pecan roasted without fat	3088	750	74.3	5.7	4.3	4.1	11.2	0.002
H190100	Macadamianuss	Macadamia nut	3030	736	73	10.7	5.2	4.1	8.797	0.01
H220100	Mandel bitter	Bitter almond	2250	544	46.6	4.007	3.87	3.634	22.333	0.005
H210200	Mandel süß, blanchiert	Sweet almond blanched	2250	544	46.6	4.007	3.87	3.634	22.333	0.005
H210600	Mandel süß, geröstet ohne Fett	Sweet almond roasted without fat	2274	550	46.6	4.007	3.87	3.634	22	0.325
H730000	Linse rot reif	Lentil red mature	1413	334	2.17	0.379	48.8	1.2	25.6	0.018
H011000	Sojaproteinisolat	Soya bean protein isolate	1626	384	3.39	0.42	0	0	88.3	2.5
H841400	Sojadrink ungesüßt, angereichert mit Vitaminen und Calcium	Soya drink unsweetened, fortified with vitamins and calcium	124	30	1.297	0.187	0.4	0.389	3.22	0.064
K706100	Butterpilz roh	Brown-yellow boletus (slippery jack) raw	131	31	0.36	0.064	3.27	0.53	2.548	0.015
K704100	Birkenpilz roh	Brown birch bolete raw	193	46	0.62	0.11	3.27	0.53	4.7	0.005
K717100	Rotkappe roh	Orange birch bolete raw	142	34	0.78	0.138	3.27	0.53	2.173	0
M0A1000	Mozzarella mind. 20 % Fett i. Tr.	Mozzarella min. 20 % fat in dry matter	659	158	8.5	5.7	0	0	19.912	0.542
M114100	Milch entrahmt, höchstens 0,1 % Fett, laktosefrei, pasteurisiert	Milk skimmed, fresh, max. 0.1 % fat, lactose-free, pasteurised	148	35	0.07	0.043	5.1	5.1	3.418	0.132
M113100	H-Milch entrahmt, höchstens 0,5 % Fett, ultrahocherhitzt	Milk skimmed, max. 0.5 % fat, ultra-heated	148	35	0.208	0.142	4.676	4.676	3.51	0.1
M141100	Joghurt aus entrahmter Milch, max. 0,5 % Fett	Yogurt from skimmed milk, max. 0.5 % fat	204	48	0.1	0.058	5.83	5.83	5.27	0.138
M130500	Sahnekefir mind. 10 % Fett	Kefir min. 10 % fat	496	120	10	6.8	3.85	3.85	2.95	0.108
M130100	Kefir aus entrahmter Milch, max. 0,5 % Fett	Kefir from skimmed milk, max. 0.5 % fat	158	37	0.5	0.2	4.25	4.25	3.261	0.118
M130200	Kefir fettarm, mind. 1,5 % bis max. 1,8 % Fett	Kefir low-fat, min. 1.5 % to max. 1.8 % fat	194	46	1.5	0.8	4.22	4.22	3.228	0.118
M121200	Dickmilch/Sauermilch, fettarm, mind. 1,5 % bis max. 1,8 % Fett	Soured milk (thick) low-fat, min. 1.5 % to max. 1.8 % fat	217	52	1.5	0.79	5.2	5.2	3.4	0.125
M1B2200	Joghurt fettarm, mind. 1,5 % bis max. 1,8 % Fett, laktosefrei	Yogurt low-fat, min. 1.5 % to max. 1.8 % fat, lactose-free	268	63	1.6	0.92	6.31	6.04	5.035	0.142
M148200	Joghurt fettarm, mind. 1,5 % bis max. 1,8 % Fett, mit Magermilchpulverzusatz	Yogurt low-fat, min. 1.5 % to max. 1.8 % fat, fortified with skimmed milk powder	248	59	1.5	0.79	6.1	5.8	4.3	0.15
M121500	Sahnedickmilch/Sahnesauermilch, mind. 10 % Fett	Soured milk (thick) min. 10 % fat	512	123	10	5.3	4.5	4.5	3.1	0.125
M148500	Sahnejoghurt mind. 10 % Fett, mit Magermilchpulverzusatz	Yogurt min. 10 % fat, fortified with skimmed milk powder	544	131	10	5.3	5.5	5.5	4	0.15
M172500	Sauerrahm/Saure Sahne, mind. 10 % Fett	Sour cream min. 10 % fat	495	119	10	5.3	4.1	4.1	3.1	0.1
M162000	Sauermolke	Sour whey	94	22	0.09	0.05	4.2	4.2	0.68	0.122
M172900	Sauerrahm/Creme fraiche, 40 % Fett	Sour cream 40 % fat	1637	397	42	21.9	2	2	2.1	0.072
M172700	Sauerrahm/Schmand, mind. 20 % Fett	Sour cream min. 20 % fat	850	206	20	10.4	3	3	2.8	0.1
M301700	Appenzeller mind. 50 % Fett i. Tr.	Appenzeller cheese min. 50 % fat in dry matter	1674	403	32.5	22.583	0	0	26.646	1.55
M305700	Greyerzer mind. 50 % Fett i. Tr.	Gruyère cheese min. 50 % fat in dry matter	1654	399	32.1	17.12	0	0	26.9	1.475
M306400	Parmesan mind. 30 % Fett i. Tr.	Parmesan cheese min. 30 % fat in dry matter	1630	391	27.43	17.826	0.056	0.056	35.6	1.668
M402400	Gouda mind. 30 % Fett i. Tr.	Gouda cheese min. 30 % fat in dry matter	1109	266	16	8.4	0	0	29.587	2.325
M403400	Tilsiter mind. 30 % Fett i. Tr.	Tilsit cheese min. 30 % fat in dry matter	1137	273	17.2	10.606	0.049	0.049	28.7	1.432
M400400	Schnittkäse mind. 30 % Fett i. Tr.	Semi-hard cheese min. 30 % fat in dry matter	1111	266	16.8	11.6	0.049	0.049	27.882	1.272
M403500	Tilsiter mind. 40 % Fett i. Tr.	Tilsit cheese min. 40 % fat in dry matter	1258	303	22.3	11.7	0	0	24.8	1.5
M402500	Gouda mind. 40 % Fett i. Tr.	Gouda cheese min. 40 % fat in dry matter	1300	313	23.4	11.7	0	0	24.7	2.325
M400500	Schnittkäse mind. 40 % Fett i. Tr.	Semi-hard cheese min. 40 % fat in dry matter	1320	317	23.4	16.2	0	0	25.86	1.92
M400700	Schnittkäse mind. 50 % Fett i. Tr.	Semi-hard cheese min. 50 % fat in dry matter	1555	375	30.3	21.2	0	0	24.8	1.485
M508600	Havarti mind. 45 % Fett i. Tr.	Havarti cheese min. 45 % fat in dry matter	1418	342	26.8	17.354	0.074	0.074	24	1.888
M400800	Schnittkäse mind. 60 % Fett i. Tr.	Semi-hard cheese min. 60 % fat in dry matter	1735	419	37.8	26.3	0	0	19	1.5
M404700	Wilstermarschkäse mind. 50 % Fett i. Tr.	Wilstermarsch cheese min. 50 % fat in dry matter	1503	362	30.3	18.6	0	0	21.623	1.618
M619700	Bel Paese mind. 50 % Fett i. Tr.	Bel Paese cheese min. 50 % fat in dry matter	1559	376	30.2	18.85	0.01	0	25.4	1.98
M500800	Schnittkäse halbfest mind. 60 % Fett i. Tr.	Semi-soft cheese min. 60 % fat in dry matter	1589	384	34.7	24.109	0.01	0	17	1.98
M512400	Steppenkäse mind. 30 % Fett i. Tr.	Steppenkäse cheese min. 30 % fat in dry matter	1029	246	15.4	8.1	0.01	0	26.3	2
M500400	Schnittkäse halbfest mind. 30 % Fett i. Tr.	Semi-soft cheese min. 30 % fat in dry matter	1024	245	15.2	8.4	0.01	0	26.525	1.502
M512600	Steppenkäse mind. 45 % Fett i. Tr.	Steppenkäse cheese min. 45 % fat in dry matter	1363	328	25.4	13.4	0.01	0	24.1	1.5
M500500	Schnittkäse halbfest mind. 40 % Fett i. Tr.	Semi-soft cheese min. 40 % fat in dry matter	1116	268	19.7	11	0.01	0	21.878	3.512
M500700	Schnittkäse halbfest mind. 50 % Fett i. Tr.	Semi-soft cheese min. 50 % fat in dry matter	1364	329	27.3	15.2	0.01	0	19.913	3.485
M600400	Weichkäse mind. 30 % Fett i. Tr.	Soft cheese min. 30 % fat in dry matter	894	214	13.5	7.443	0	0	23.021	1.672
M600300	Weichkäse mind. 20 % Fett i. Tr.	Soft cheese min. 20 % fat in dry matter	774	185	8.57	4.724	0.01	0	26.4	1.772
M713500	Speisequark Fettstufe, 40 % Fett i. Tr.	Quark 40 % fat in dry matter	662	159	11.4	6.173	2.6	2.6	10.874	0.085
M827700	Frischkäsezubereitung mind. 50 % Fett i. Tr., mit Gemüse/Kräutern	Cream cheese preparation min. 50 % fat in dry matter, with vegetables/herbs	787	190	15.3	8	3	3	9.3	1
M712500	Schichtkäse mind. 40 % Fett i. Tr.	Layered cheese min. 40 % fat in dry matter	667	160	11.3	6.117	3.2	3.2	10.8	0.105
M820200	Frischkäsezubereitung Natur, mind. 10 % Fett i. Tr.	Cream cheese preparation min. 10 % fat in dry matter	364	86	2.8	1.9	3	3	11.6	0.5
M820100	Frischkäsezubereitung Natur < 10 % Fett i. Tr.	Cream cheese preparation < 10 % fat in dry matter	272	64	0.2	0.1	3	3	11.9	0.5
M820600	Frischkäsezubereitung Natur, mind. 45 % Fett i. Tr.	Cream cheese preparation min. 45 % fat in dry matter	719	173	12	7.9	3.34	3.34	12.2	0.528
M820500	Frischkäsezubereitung Natur, mind. 40 % Fett i. Tr.	Cream cheese preparation min. 40 % fat in dry matter	686	165	11	7.2	3.39	3.39	12.4	0.535
M827300	Frischkäsezubereitung mind. 20 % Fett i. Tr., mit Gemüse/Kräutern	Cream cheese preparation min. 20 % fat in dry matter, with vegetables/herbs	575	137	7.5	3.9	3.6	3.6	13.2	0.975
M780300	Kochkäse mind. 20 % Fett i. Tr.	German cooked cheese min. 20 % fat in dry matter	519	124	5.6	3.658	3.8	3.8	13.8	1
M780500	Kochkäse mind. 40 % Fett i. Tr.	German cooked cheese min. 40 % fat in dry matter	648	156	10.5	6.86	1.7	1.7	12.8	1.365
M810400	Schmelzkäsezubereitung mind. 30 % Fett i. Tr.	Processed cheese preparation min. 30 % fat in dry matter	912	219	14	7.1	7.4	7.4	15	2.75
M827100	Frischkäsezubereitung < 10 % Fett i. Tr., mit Gemüse/Kräutern	Cream cheese preparation < 10 % fat in dry matter, with vegetables/herbs	357	84	0.2	0.1	3.4	3.4	16.461	1.002
N310300	Orangenlimonade	Orange soft drink	142	33	0	0	8.35	8.35	tr	0.002
N330000	Colagetränk koffeinhaltig	Cola beverage caffeinated	175	41	0	0	10.3	10.3	0	0.002
N120000	Natürliches Mineralwasser	Natural mineral water	0	0	0	0	0	0	0	0.007
N323000	Brause	Carbonated sherbet	156	37	0	0	9	9	0	0.022
N311000	Limonade mit Süßungsmitteln	Carbonated soft drink with artificial sweeteners	5	1	0	0	0.1	0.1	0	0.025
N321000	Brause mit Zucker und Süßungsmitteln	Carbonated sherbet with sugar and artificial sweeteners	62	15	0	0	3.5	3.5	0	0.025
N316000	Limonade mit Gewürzauszügen und Süßungsmitteln	Carbonated soft drink with spice extracts and artificial sweeteners	6	2	0	0	0	0	0	0.002
N710000	Früchtetee (Getränk)	Fruit tea (infusion)	0	0	0	0	0	0	tr	0.005
N721000	Pfefferminztee (Getränk)	Peppermint tea (infusion)	0	0	0	0	0	0	0	0.007
P163110	Pilsner Bier, 0,0 % vol	Pilsner beer 0.0 % vol	82	19	0	0	4.4	2.3	0.413	0.004
P166000	Export dunkel	Dark export beer	111	27	0	0	0.172	0.172	0.4	0.008
P273100	Rotling trocken	Rotling wine dry	266	64	0	0	0.7	0.7	0.1	0.01
P341600	Wermutwein süß	Vermouth sweet	586	140	0	0	14.6	14.6	0.1	0.025
P432000	Madeirawein	Madeira wine	639	153	0	0	11.9	11.9	0.1	0.01
P464000	Sherry sweet	Sherry sweet	888	211	0	0	36.7	36.7	0.1	0.045
P530000	Fruchtaromalikör	Fruit aroma liqueur	1231	294	0	0	31.8	31.8	0.1	0.068
P510000	Fruchtsaftlikör	Fruit juice liqueur	986	235	0	0	31.8	31.8	0.1	0.068
P461000	Sherry dry	Sherry dry	420	101	0	0	0.08	0.05	0.1	0.072
P463000	Sherry cream	Sherry cream	590	141	0	0	13.4	13.4	0.1	0.062
Q330000	Traubenkernöl	Grapeseed oil	3700	900	100	11.3	0	0	0	0.004
Q340000	Distelöl/Safloröl	Safflower oil	3700	900	100	9.18	0	0	0	0.004
Q160000	Leinöl	Linseed oil	3700	900	100	9.5	0	0	0	0.004
Q170000	Hanföl	Hemp oil	3700	900	100	9.6	0	0	0	0.004
Q230000	Sesamöl	Sesame oil	3700	900	100	14.8	0	0	0	0.002
Q220000	Weizenkeimöl	Wheat germ oil	3700	900	100	17.378	0	0	0	0.002
Q350000	Mohnöl	Poppy seed oil	3700	900	100	11.5	0	0	0	0
Q940000	Bratöl/Frittieröl, pflanzlich	Vegetable deep-frying oil	3700	900	100	7.5	0	0	tr	0.001
Q150000	Palmfett/Palmöl, raffiniert	Palm fat/palm oil, refined	3700	900	100	48.36	0	0	0	0
Q150100	Palmfett gehärtet	Palm fat hydrogenated	3700	900	100	52.2	0	0	tr	0
Q530000	Kakaobutter	Cocoa butter	3700	900	100	59.9	0	0	tr	0
Q520000	Sheabutter	Shea butter	3700	900	100	43.26	0	0	tr	0
Q550200	Kokosfett gehärtet	Coconut fat hydrogenated	3700	900	100	92.1	0	0	tr	0
Q550100	Kokosöl desodoriert	Coconut oil deodorized	3700	900	100	85.7	0	0	tr	0
Q810000	Entenfett	Duck fat	3700	900	100	27.68	0	0	0	0.025
Q820000	Gänsefett/Gänseschmalz	Goose lard/fat	3700	900	100	27.68	0	0	0	0.025
R122000	Branntweinessig	Distilled vinegar	108	25	0	0	0	0	0	0.208
R125000	Balsamicoessig	Balsamic vinegar	406	95	tr	0	20.04	20.04	0	0.055
R160000	Tomatenmark	Tomato paste	343	81	0.2	0.04	13.2	12.9	3.4	0.8
R381200	Zitronat/Sukkade	Candied lemon peel	1097	259	tr	0	62.9	62.9	0	0.14
S151100	Ahornsirup	Maple syrup	1021	240	0.06	0.007	59.9	59.9	0.04	0.03
S353000	Fondant mit Pfefferminzgeschmack	Peppermint creams	1436	339	3.1	-	77	76	0.7	0.042
S355000	Fondantkonfekt	Fondant confectionery	1436	339	3.1	-	77	76	0.7	0.042
S356000	Fondantcreme	Fondant cream	1487	351	3.1	-	80	79	0.7	0.042
S740000	Trinkschokoladenpulver	Instant hot chocolate powder (for drinking chocolate)	1563	370	5.87	3.24	68.131	64.954	7.97	0.022
S723000	Getränkepulver kakaohaltig	Beverage powder containing cocoa	1595	377	2.36	1.243	80.395	78.422	5.2	0.203
S672000	Schokoladen-Dekor	Chocolate decorations	2173	520	28.36	16.87	57.5	55.354	5.49	0.022
S610000	Pralinen	Pralines	2312	555	35.13	21.12	52.01	51.38	6.34	0.185
S622900	Sahnepralinen	Cream pralines	2361	567	36.02	21.73	51.917	51.051	7	0.167
S560000	Zartbitter-/Halbbitterschokolade	Bittersweet/semisweet chocolate	2224	534	32.26	19.42	49.6	46.9	6.62	0.022
S331000	Toffee/Sahnetoffee	Toffee/cream toffee	2094	500	15.9	8.58	75.1	51.3	2	0.78
T121902	Thunfisch im eigenen Saft, Konserve, abgetropft	Tuna canned, drained	404	95	0.41	0.158	0	0	22.87	0.9
T124100	Gelbflossen-Thun roh	Yellowfin tuna raw	433	102	0.49	0.172	0	0	24.4	0.12
T122100	Weißer Thun roh	Albacore raw	513	121	1.37	0.24	0	0	27.2	0.194
T120100	Pelamide roh	Atlantic bonito raw	585	139	5.52	0.63	0	0	22.4	0.108
T121200	Thunfisch tiefgefroren	Tuna deep-frozen	454	107	0.7	0.198	0	0	25.2	0.165
T201100	Brosme/Lumb, roh	Cusk raw	314	74	0.55	0.147	0	0	17.3	0.282
T206600	Schellfisch geräuchert	Haddock smoked	393	93	0.47	0.095	0	0	22.1	1.392
T213200	Alaska-Pollack/Alaska-Seelachs, tiefgefroren	Alaska pollock deep-frozen	305	72	0.7	0.127	0	0	16.4	0.17
T412100	Buckellachs roh	Pink salmon raw	520	124	4.4	0.81	0	0	21	0.155
T417100	Wildlachs roh	Pacific salmon raw	753	180	11.2	2.398	0	0	19.9	0.12
T422112	Forelle/Regenbogenforellen-Filet mit Haut, roh	Trout/rainbow trout fillet with skin, raw	568	136	6.47	1.081	0	0	18.96	0.11
T406100	Felchen/Maräne/Renke/Schnäpel, roh	Whitefishes raw	476	113	3.21	0.69	0	0	20.625	0.37
T424100	Meerforelle roh	Sea trout raw	453	108	3.61	0.88	0	0	18.4	0.145
T422200	Forelle tiefgefroren	Trout deep-frozen	541	129	5.3	0.885	0	0	19.9	0.275
V272100	Rentier Fleisch, roh	Reindeer meat, raw	447	106	1.7	0.6	0	0	22.6	0.16
U104100	Rind Fleisch, vom Knochen, roh	Beef bonemeat, raw	444	105	1.9	0.595	0	0	22	0.165
U205300	Rind Knochenmark, roh	Beef marrow, raw	3504	852	94	42.704	0	0	1.5	0.025
U405000	Kalb Fettgewebe, subkutan roh	Veal fatty tissue, subcutaneous, raw	3504	852	94	40.279	0	0	1.5	0.025
U461100	Kalb Bug/Schulter, roh	Veal shoulder, raw	398	94	1.01	0.423	0	0	21.2	0.218
U151100	Rind Gulasch (Bug) roh	Beef goulash (shoulder) raw	540	128	5.3	2.325	0	0	20.2	0.125
U231100	Rind Hals/Kamm/Nacken, roh	Beef neck/chuck, raw	625	149	8.05	3.615	0	0	19.25	0.108
U171100	Rind Bratenfleisch (Bug) roh	Beef meat for roasting (shoulder) raw	540	128	5.3	2.325	0	0	20.2	0.125
U184100	Rind Kochfleisch (Bug) roh	Beef meat for boiling (shoulder) raw	540	128	5.3	2.325	0	0	20.2	0.125
U271100	Rind Vorderhesse, roh	Beef shin/foreshank, raw	540	128	5.3	1.66	0	0	20.2	0.125
U185100	Rind Kochfleisch (Hüfte) roh	Beef meat for boiling (rump) raw	463	110	2.35	1.06	0	0	22.1	0.142
U211100	Rind Filet/Lende, roh	Beef fillet (tenderloin) raw	508	121	4	1.802	0	0	21.2	0.1
U163100	Rind Roulade (Oberschale) roh	Beef meat for olives (topside/top round) raw	522	124	4.527	2.057	0	0	20.86	0.118
U202000	Rind Fleisch, fett- und sehnenfrei (R I) roh	Beef meat, fat and tendons free (R I) raw	522	124	4.527	1.901	0	0	20.86	0.165
U207000	Rind Bindegewebe, roh	Beef connective tissue, raw	586	140	6	2.4	0	0	21.4	0.188
U109100	Rind Ochsenschwanz, roh	Beef oxtail, raw	782	188	11.5	5.224	0	0	21	0.272
U486100	Kalb Unterschale/Schwanzstück, roh	Veal silverside, raw	379	89	0.72	0.301	0	0	20.7	0.215
U362100	Kalb Roulade (Keule) roh	Veal meat for olives (round) raw	379	89	0.72	0.301	0	0	20.7	0.215
U342100	Kalb Schnitzel (Keule) roh	Veal schnitzel (round) raw	379	89	0.72	0.301	0	0	20.7	0.215
U485100	Kalb Kugel/Nuss, roh	Veal thick flank, raw	379	89	0.72	0.301	0	0	20.7	0.215
U504100	Schwein Fleisch, vom Knochen, roh	Pork bonemeat, raw	443	105	1.86	0.59	0	0	22	0.178
U721100	Schaf Kotelett, roh	Sheep chop (loin) raw	1437	348	32	14.596	0	0	14.9	0.225
U806000	Hammel Muskelfleisch, roh	Mutton muscle meat, raw	473	112	3.41	1.555	0	0	20.4	0.235
U807000	Lamm Muskelfleisch, roh	Lamb muscle meat, raw	490	116	3.7	1.18	0	0	20.8	0.168
V464100	Ente Fleisch, mit Haut, roh	Duck meat, with skin, raw	944	227	17.2	5.712	0	0	18.1	0.095
V335100	Wildente Schenkel, mit Haut, roh	Wild duck leg, with skin, raw	858	206	15.2	5	0	0	17.4	0.14
V4A6100	Hähnchen Brust, ohne Haut, roh	Chicken breast, without skin, raw	460	109	2.42	0.547	0	0	21.81	0.149
V486100	Pute Brust, ohne Haut, roh	Turkey breast, without skin, raw	446	105	0.99	0.36	0	0	24.1	0.115
V487100	Pute Flügel, mit Haut, roh	Turkey wings, with skin, raw	798	192	12.3	2.6	0	0	20.2	0.138
V4A5100	Hähnchen Oberschenkel, mit Haut, roh	Chicken thigh, with skin, raw	882	212	15.96	3.534	0	0	17.17	0.19
V4B5100	Hähnchen Unterschenkel, mit Haut, roh	Chicken drumstick, with skin, raw	633	151	8.58	1.85	0	0	18.55	0.237
V435100	Suppenhuhn Schenkel, mit Haut, roh	Boiling fowl leg, with skin, raw	1066	257	20.3	4.492	0	0	18.5	0.161
V488100	Pute Innereien, roh	Turkey giblets, raw	645	154	9.21	2.42	0	0	17.9	0.192
V468100	Ente Innereien, roh	Duck giblets, raw	645	154	9.21	2.42	0	0	17.9	0.192
V478100	Gans Innereien, roh	Goose giblets, raw	645	154	9.21	2.42	0	0	17.9	0.192
V454100	Perlhuhn Fleisch, mit Haut, roh	Guineafowl meat, with skin, raw	636	152	6.45	1.7	0	0	23.4	0.168
V471100	Gans Fleisch, ohne Haut, roh	Goose meat, without skin, raw	651	155	7.13	2.45	0	0	22.8	0.218
V402100	Baby-Pute Fleisch, mit Haut, roh	Young turkey meat, with skin, raw	632	151	6.79	1.735	0	0	22.4	0.165
V485100	Pute Keule, ohne Haut, roh	Turkey leg, without skin, raw	482	114	3.61	1.39	0	0	20.5	0.215
V494100	Taube Fleisch, mit Haut, roh	Pigeon meat, with skin, raw	707	169	9.5	2.824	0	0	20.9	0.225
V516100	Hammel Herz, roh	Mutton heart, raw	537	128	6.8	2.6	0	0	16.8	0.295
V514100	Schaf Herz, roh	Sheep heart, raw	491	117	5.68	2.17	0	0	16.5	0.222
V511100	Rind Herz, roh	Beef heart, raw	508	121	6	2.291	0	0	16.8	0.27
V534100	Schaf Leber, roh	Sheep liver, raw	550	131	5.02	1.91	1	0	20.4	0.175
V536100	Hammel Leber, roh	Mutton liver, raw	558	132	3.95	1.241	3	0	21.2	0.238
V552100	Kalb Magen/Gekröse, roh	Veal stomach/pluck, raw	559	134	8.3	3.429	0	0	14.8	0.222
V562100	Kalb Milz, roh	Veal spleen, raw	420	100	3	1.523	0	0	18.2	0.285
V572100	Kalb Niere, roh	Veal kidney, raw	520	124	6.37	2.922	0	0	16.7	0.472
V582100	Kalb Bries, roh	Veal sweetbread, raw	418	99	3.4	1.725	0	0	17.2	0.218
V591100	Rind Zunge, roh	Beef tongue, raw	860	207	15.9	5.197	0	0	16	0.25
V594100	Schaf Zunge, roh	Sheep tongue, raw	903	218	17.2	5.6	0	0	15.7	0.195
V596100	Hammel Zunge, roh	Mutton tongue, raw	777	187	14.8	4.837	0	0	13.5	0.262
W140000	Salami	Salami	1551	374	30.9	12.307	0	0	23.54	2.925
W870200	Mortadella/Schinkenwurst fein zerkleinert, Konserve	Mortadella/Ham bologna finely minced, canned	1093	264	23	8.133	0.25	0.24	13.5	2.013
W870600	Fleischwurst Konserve	Bologna canned	1265	306	28.3	11.043	0.25	0.24	12.11	2.438
W880200	Kalbsleberwurst Konserve	Veal liver sausage canned	1451	351	32	12.583	1.933	1.915	13.55	1.96
W440000	Schwein Kochschinken, Kochpökelware, Konserve (Dosenschinken)	Pork ham, cooked cured, canned	768	184	10.7	4.45	0.74	0.74	20.2	2.26
C123000	Roggen Flocken	Rye flakes	1238	293	1.7	0.31	53.844	1.424	9	0.01
C221100	Roggen Vollkornschrot	Rye coarse meal	1306	310	1.35	0.25	56.47	1.424	8.43	0.002
F311100	Weintraube rot, roh	Grape red, raw	339	80	0.1	0.022	17.5	17.5	0.6	0.002
F504100	Dattel roh	Date raw	596	140	0.1	0	31.6	31.5	1.5	0.018
F312100	Weintraube weiß, roh	Grape white, raw	306	72	0.2	0.045	15.54	15.54	0.7	0.002
F317600	Traubensaft angereichert mit Eisen	Grape juice fortified with iron	290	68	0	0	16.35	15.35	0.21	0.008
F501100	Ananas roh	Pineapple raw	193	46	0.1	0.021	9.4	9.4	0.5	0.01
F602100	Limette roh	Lime raw	121	28	0.2	0	1.9	1.9	0.5	0.005
F613100	Kumquat roh	Kumquat raw	217	51	0.3	0.042	10.1	10.1	0.65	0.015
F609100	Tangerine roh	Tangerine raw	223	53	0.3	0.042	10.1	10.1	1	0.007
F608100	Satsuma roh	Satsuma mandarin raw	212	50	0.3	0	9.6	9.6	0.8	0.007
H212800	Mandelmus	Sweet almond butter (100 % pure)	2313	559	46.6	4.007	4.51	4.43	25.3	0.018
M1A3100	H-Milch entrahmt, höchstens 0,5 % Fett, laktosefrei, ultrahocherhitzt	Milk skimmed, max. 0.5 % fat, lactose-free, ultra-heated	153	36	0.208	0.142	4.97	4.97	3.51	0.1
M1B1100	Joghurt aus entrahmter Milch, max. 0,5 % Fett, laktosefrei	Yogurt from skimmed milk, max. 0.5 % fat, lactose-free	209	49	0.1	0.057	6.13	6.13	5.27	0.138
M148100	Joghurt aus entrahmter Milch, max. 0,5 % Fett, mit Magermilchpulverzusatz	Yogurt from skimmed milk, max. 0.5 % fat, fortified with skimmed milk powder	194	46	0.1	0.057	6.2	6.2	4.3	0.15
M121100	Dickmilch/Sauermilch, entrahmt, max. 0,5 % Fett	Soured milk (thick) skimmed, max. 0.5 % fat	158	37	0.1	0.068	5.2	5.2	3.2	0.132
M7A6800	Mascarpone mind. 80 % Fett i. Tr.	Mascarpone min. 80 % fat in dry matter	1628	395	40.33	26.963	3.38	3.38	4.5	0.109
M301300	Appenzeller mind. 20 % Fett i. Tr.	Appenzeller cheese min. 20 % fat in dry matter	1015	242	11.4	7.922	0	0	33.8	2.025
M300700	Hartkäse mind. 50 % Fett i. Tr.	Hard cheese min. 50 % fat in dry matter	1654	399	32.1	22.296	0	0	26.9	1.475
M300400	Hartkäse mind. 30 % Fett i. Tr.	Hard cheese min. 30 % fat in dry matter	1630	391	27.43	19.05	0.056	0.056	35.6	1.668
M827500	Frischkäsezubereitung mind. 40 % Fett i. Tr., mit Gemüse/Kräutern	Cream cheese preparation min. 40 % fat in dry matter, with vegetables/herbs	608	146	10.2	5.3	3.2	3.2	9.7	0.975
M741600	Ricotta, Molkeneiweißkäse, mind. 45 % Fett i. Tr.	Ricotta min. 45 % fat in dry matter	662	159	12.3	8.159	3.43	3.43	8.58	0.462
M771300	Schmelzkäse schnittfest, mind. 20 % Fett i. Tr.	Processed cheese sliceable min. 20 % fat in dry matter	908	217	11.5	6	3.1	3.1	24.5	3
M780200	Kochkäse mind. 10 % Fett i. Tr.	German cooked cheese min. 10 % fat in dry matter	440	104	3	1.57	3.9	3.9	14.7	1
N331000	Colagetränk koffeinhaltig, mit Süßungsmitteln	Cola beverage caffeinated, with artificial sweeteners	0	0	0	0	0	0	0	0.002
N340000	Colagetränk koffeinfrei	Cola beverage decaffeinated	175	41	0	0	10.3	10.3	0	0.002
P550000	Kaffeelikör/Kakaolikör, klar	Coffee/cocoa liqueur, without milk/cream	1408	335	0.4	-	46	46	0.1	0.022
P560000	Bitterlikör/Kräuterlikör/Gewürzlikör	Bitter/herb/spice liqueur	1183	282	0	0	28.78	28.75	0.1	0.068
Q4A4000	Sonnenblumenmargarine Vollfett, angereichert mit Vitamin D	Margarine made from sunflower oil, fortified with vitamin D	2961	720	79.94	21.61	0	0	0.17	0.203
Q4A1000	Pflanzenmargarine Dreiviertelfett, angereichert mit Vitaminen	Margarine three-quarter fat, fortified with vitamins	2226	541	60.13	14.29	0	0	0.06	0.064
Q4C2000	Pflanzliches Streichfett mit > 41 % und < 60 % Fett, angereichert mit Vitaminen	Vegetable fat spread with > 41 % and < 60 % fat, fortified with vitamins	1664	405	44.94	8.62	0	0	0.03	0.072
Q4C4000	Rapsölmargarine Vollfett, angereichert mit Vitaminen	Margarine made from rapeseed oil/canola oil, fortified with vitamins	2979	725	80.48	16.44	0	0	0.04	0.32
Q4C5000	Mischfett mit überwiegend Pflanzenfett, ungesalzen, angereichert mit Vitaminen	Mixed fat spread (mainly vegetable fat) unsalted, fortified with vitamins	2051	499	54.66	19.51	1.24	0.513	0.39	0.444
Q400000	Pflanzenmargarine Vollfett, angereichert mit Vitaminen	Margarine full-fat, fortified with vitamins	2951	718	79.6	22.86	0.164	0.164	0.11	0.223
Q440000	Pflanzenmargarine Halbfett, angereichert mit Vitaminen	Margarine half-fat, fortified with vitamins	1527	371	39.66	12.81	3.14	0.361	0.26	0.48
Q4C1000	Pflanzliches Streichfett mit > 62 - < 80 % Fett, angereichert mit Vitaminen	Vegetable fat spread with > 62 % and < 80 % fat, fortified with vitamins	2583	628	69.57	18.52	0.347	0.347	0.12	0.313
Q4C3000	Pflanzliches Streichfett mit < 39 % Fett, angereichert mit Vitaminen	Vegetable fat spread with < 39 % fat, fortified with vitamins	1176	286	30.18	6.57	2.68	0.305	0.75	0.4
Q482000	Ziehmargarine	Margarine for making puff pastry	2953	718	79.8	45.81	0	0	0	0.512
Q481000	Backmargarine	Margarine for baking	2949	717	79.7	32.21	0	0	0	0.512
Q570000	Palmkernfett/Palmkernöl	Palm kernel fat/palm kernel oil	3700	900	100	78.85	0	0	tr	0
S330000	Weichkaramelle	Soft caramels	2094	500	15.9	9.6	75.1	51.3	2	0.78
S671000	Zartbitter-/Halbbitter-Kuvertüre	Glazing chocolate, bittersweet/semi-sweet	2224	534	32.26	19.42	49.6	46.9	6.62	0.022
T118100	Schildmakrele/Stöcker, roh	Atlantic horse mackerel raw	501	119	4.46	1.45	0	0	19.75	0.16
T200100	Grenadier roh	Grenadier raw	323	76	0.7	0.169	0	0	17.5	0.282
T403100	Bachsaibling roh	Brook trout raw	461	109	2.73	0.594	0	0	21.2	0.112
U216100	Rind Filetsteak roh	Beef tenderloin steak raw	508	121	4	1.801	0	0	21.2	0.1
U333100	Kalb Filetsteak, roh	Veal tenderloin steak, raw	508	121	4	1.526	0	0	21.2	0.1
U070100	Rind Tatar/Schabefleisch, roh	Beef mince, lean, raw	485	115	3	1.111	0	0	22	0.165
U411100	Kalb Filet/Lende, roh	Veal fillet (tenderloin) raw	428	101	1.82	0.694	0	0	21.2	0.238
U221100	Rind Roastbeef (Rücken) roh	Beef roastbeef (loin) raw	546	130	4.45	1.943	0	0	22.45	0.138
U432100	Kalb Hals/Nacken/Kamm, roh	Veal scrag raw	459	109	2.66	1.112	0	0	21.2	0.26
U351100	Kalb Gulasch (Bug) roh	Veal goulash (shoulder) raw	398	94	1.01	0.423	0	0	21.2	0.218
U371100	Kalb Bratenfleisch (Bug) roh	Veal meat for roasting (shoulder) raw	398	94	1.01	0.423	0	0	21.2	0.218
V212100	Hirsch Fleisch, roh	Venison meat, raw	474	112	3.34	1.268	0	0	20.6	0.158
V311100	Fasan Fleisch, mit Haut, roh	Pheasant meat, with skin, raw	646	154	6.55	2.13	0	0	23.75	0.08
V463000	Ente Fleisch, ohne Haut, roh	Duck meat, without skin, raw	512	122	5.1	1.069	0	0	19	0.225
V474100	Gans Fleisch, mit Haut, roh	Goose meat, with skin, raw	1414	342	31	8.72	0	0	15.7	0.215
V481000	Pute Fleisch, ohne Haut, roh	Turkey meat, without skin, raw	430	102	2.2	0.623	0	0	20.5	0.232
W561000	Putenbrust, Kochpökelware, geräuchert	Turkey breast cold cuts, cooked cured, smoked	452	107	1.63	0.503	0	0	23.02	3.05
V465100	Ente Schenkel, mit Haut, roh	Duck leg, with skin, raw	882	212	15.96	5.3	0	0	17.17	0.258
V475100	Gans Schenkel, mit Haut, roh	Goose leg, with skin, raw	961	231	18.073	5.084	0	0	17.17	0.19
V512100	Kalb Herz, roh	Veal heart, raw	458	109	5.06	1.933	0	0	15.9	0.26
V592100	Kalb Zunge, roh	Veal tongue, raw	716	172	11.6	3.792	0	0	16.9	0.232
M400300	Schnittkäse mind. 20 % Fett i. Tr.	Semi-hard cheese min. 20 % fat in dry matter	1015	242	11.4	7.922	0	0	33.8	2.025
M810300	Schmelzkäsezubereitung mind. 20 % Fett i. Tr.	Processed cheese preparation min. 20 % fat in dry matter	801	191	10	5.3	7.6	7.6	17	3
M827400	Frischkäsezubereitung mind. 30 % Fett i. Tr., mit Gemüse/Kräutern	Cream cheese preparation min. 30 % fat in dry matter, with vegetables/herbs	583	140	9	4.8	3	3	11	0.975
N352000	Colagetränk koffeinfrei, mit Süßungsmitteln	Cola beverage decaffeinated, with artificial sweeteners	0	0	0	0	0	0	0	0.002
P540100	Mandellikör	Almond liqueur	1408	335	0.4	-	46	46	0.1	0.022
T612100	Schwertfisch roh	Swordfish raw	445	106	3.11	0.584	0	0	19.4	0.255
U235100	Rind Hochrippe, roh	Beef forerib/prime rib, raw	647	155	8.05	3.615	0	0	20.55	0.128
U131100	Rind Steak (Rücken) roh	Beef steak (loin) raw	546	130	4.45	2.003	0	0	22.45	0.138
U175100	Rind Rostbraten, roh	Beef meat for roasting (sirloin) raw	546	130	4.45	1.954	0	0	22.45	0.138
U121100	Rind Kotelett (Rücken) roh	Beef chop (loin) raw	546	130	4.45	1.943	0	0	22.45	0.138
U421100	Kalb Rücken, roh	Veal loin, raw	452	107	2.62	1.096	0	0	20.9	0.232
V217100	Hirsch Rücken, roh	Venison saddle, raw	474	112	3.34	1.268	0	0	20.6	0.158
V112100	Pferd Fleisch, roh	Horse meat, raw	456	108	2.67	0.964	0.4	0	20.6	0.11
V221100	Reh Keule, roh	Roe deer leg, raw	410	97	1.25	0.475	0	0	21.4	0.15
V222100	Reh Rücken, roh	Roe deer saddle, raw	512	122	3.55	1.347	0	0	22.4	0.21
V354100	Wachtel Fleisch, ohne Haut, roh	Quail meat, without skin, raw	538	128	4.53	1.3	0	0	21.8	0.128
M500300	Schnittkäse halbfest mind. 20 % Fett i. Tr.	Semi-soft cheese min. 20 % fat in dry matter	1016	242	11.4	6.4	0	0	33.82	2.025
U255100	Rind Brustkern/Mittelbrust, roh	Beef brisket/centre cut, raw	834	200	13.993	6.48	0	0	18.585	0.155
U401000	Kalb Muskelfleisch, roh	Veal muscle meat, raw	392	92	0.81	0.3	0	0	21.3	0.235
U331100	Kalb Steak (Rücken) roh	Veal steak (loin) raw	452	107	2.62	1.096	0	0	20.9	0.232
U323100	Kalb Kotelett (Rücken) roh	Veal chop (loin) raw	452	107	2.62	1.096	0	0	20.9	0.232
U382100	Kalb Kochfleisch (Brust) roh	Veal meat for boiling (breast) raw	834	200	13.993	5.857	0	0	18.585	0.155
U452100	Kalb Brust, roh	Veal breast, raw	838	201	14.2	5.943	0	0	18.4	0.262
U304100	Kalb Fleisch, vom Knochen, roh	Veal bonemeat, raw	392	92	0.81	0.254	0	0	21.3	0.235
Y817142	Rahmnockerln gebraten	Cream dumplings fried	805	193	12.3	5.7	13.6	7.1	6.7	0.2
X556233	Tomaten gebacken provenzalische Art	Tomatoes baked Provencal style	398	96	7.95	0.59	3.83	3.83	1	0.482
D0A1000	Buchweizen-Wasserbiskuitboden	Buckwheat water sponge cake base	1289	305	4.93	1.23	53.4	26.108	10.63	0.318
X700242	Eier-Frischteigwaren mit Grieß, grün, selbstgemacht, roh	Fresh egg pasta with semolina, green, homemade, raw	997	236	3.4	0.82	39.1	0.55	10.66	1.055
Q590000	Käsealternative, Basis Pflanzenfett, vegan	Plant-based cheese alternative, vegetable fat based, vegan	1217	293	23.043	20.2	21.168	0	0.156	2.152
X573612	Weiße Rüben gedünstet (mit Fett und Salz)	Turnip stewed (with fat and salt)	282	68	4.5	0.3	4.75	4.16	0.81	0.45
S241500	Speiseeis Vanille, überzogen mit Schokolade	Vanilla ice cream, covered with chocolate	1220	292	16.3	10.67	31.75	28.21	3.67	0.128
U693172	Schwein Hintereisbein/Hinterhaxe, gegrillt	Pork hindshank (hock) grilled	1174	282	19.73	6.638	0	0	26.1	0.258
V551132	Rind Magen/Kutteln, gekocht	Beef stomach/tripe, boiled	408	97	3.04	1.25	0	0	17.4	0.142
D4A2000	Brownies	Brownies	2036	489	32.84	19.93	38.7	30.7	7.26	0.27
B8B1000	Mehrkornknusperbrot angereichert mit Vitaminen und Spurenelementen	Multigrain crackerbread, fortified with vitamins and trace elements	1492	353	2.3	0.2	66.4	3.1	10.7	1.3
V465162	Ente Schenkel, mit Haut, gebraten ohne Fett (Ofen)	Duck leg, with skin, fried without fat (oven)	812	194	9.98	3.31	0	0	26.02	0.342
B107900	Vollkornbrot mit Quark	Wholemeal bread with quark	899	213	1.02	0.126	38	1.05	7.92	1.202
T207132	Köhler/Seelachs, pochiert	Saithe/pollack, poached	423	100	2.549	0.684	0	0	19.32	0.152
X929012	Vollkornpfannkuchen/Vollkorneierkuchen, ungesüßt, mit Milch 3,5 % Fett, gebraten	Wholemeal pancakes unsweetened, with milk 3.5 % fat, fried	962	231	13.4	2.49	17.04	2.74	8.98	0.275
B6A5200	Dinkelvollkornknäckebrot mit Ölsamen und Hartkäse	Wholemeal spelt criscpread with oilseeds and hard cheese	1775	424	18.1	4	43	1.2	17.8	1.835
Y996140	Vanillecremeeis	Vanilla ice cream (with egg)	737	176	9.42	4.59	18.5	17.98	4.3	0.102
C514300	Knuspermüslimischung, klassisch, gesüßt, angereichert mit Vitaminen und Mineralstoffen	Crunchy muesli mix, classic, sweetened, fortified with vitamins and minerals	1764	421	15.95	6.82	56.4	19.2	9	0.53
V419000	Hähnchen Flügel, mit Haut, mariniert, roh	Chicken wings, with skin, marinated, raw	876	211	15.26	2.9	1.66	1.61	16.56	1.07
X559312	Kürbis gedünstet (mit Fett und Salz)	Pumpkin stewed (with fat and salt)	233	56	3.2	0.3	4.97	4.31	1.34	0.468
X655032	Kartoffelpuffer/Reibekuchen (mit saurer Sahne und Grieß) gebraten	Potato pancakes (with sour cream and semolina) fried	772	185	8.9	0.9	21.6	1.5	3.6	0.38
X537063	Rotkohl mit Apfel gedünstet	Red cabbage with apple stewed	258	62	3.74	0.31	4.9	4.62	1.01	0.19
T603200	Zander tiefgefroren	Pike-perch deep-frozen	364	86	0.66	0.146	0	0	20	0.06
D1A1200	Rhabarber-Streuselkuchen (Hefeteig)	Rhubarb crumble cake (yeast dough)	711	169	6	3.62	23	7.48	3.52	0.04
T502400	Blei/Brachsen/Brasse, gesalzen	Common bream salted	461	110	3.91	1.013	0	0	18.58	2.215
B551200	Weizenmischbrötchen mit Mohn	Wheat-rye roll (> 50 % and < 90 % wheat) with poppy seeds	1230	291	3.3	0.91	53	1.7	9	1.432
M246000	Joghurt mind. 3,5 % Fett, mit Schokoladenzubereitung, gesüßt	Yogurt min. 3.5 % fat, with chocolate preparation, sweetened	490	117	4.475	2.56	14.914	14.587	3.46	0.102
U771162	Schaf Bratenfleisch (Bug, mager) gebraten ohne Fett (Ofen)	Sheep meat for roasting (shoulder, lean) fried without fat (oven)	740	176	7.73	2.65	0	0	26.7	0.212
X2A3000	Fruchtmischung (Apfel, Banane, Mandarine) ungesüßt	Fruit mix (apple, banana, mandarin) unsweetened	270	64	0.5	0.149	12.7	11.37	0.729	0.002
X539063	Wirsing gedünstet (mit Fett und Salz)	Savoy cabbage stewed (with fat and salt)	292	70	4.6	0.3	3.7	3.2	2.28	0.365
B6A2100	Roggenvollkornknäckebrot	Wholemeal rye crispbread	1380	327	1.39	0.153	59.32	1.905	9.44	1.326
W641100	Rind Pökelfleisch (Brust) geräuchert	Beef meat (breast) cured, smoked	796	191	13.295	6.157	0.25	0.25	17.658	1.8
X987812	Hafer Grütze, gekocht (mit Fett und Salz)	Oat groats, boiled (with fat and salt)	300	71	2.18	0.29	9.2	0.128	2.8	0.128
V438142	Suppenhuhn Innereien, geschmort ohne Fett	Boiling fowl giblets, braised without fat	1021	244	13.4	3.52	0	0	30.9	0.245
B6A4000	Mehrkornvollkornknäckebrot	Multigrain wholemeal crispbread	1429	339	2.4	0.39	60	1.9	10.6	1.205
B6A2300	Roggenvollkornknäckebrot mit Milch	Wholemeal rye crispbread with milk	1379	327	1.38	0.15	59.18	2.407	9.69	1.375
D465300	Thüringer Obstkuchen (Hefeteig)	Thuringian fruit flan (yeast dough)	693	165	4.9	2.2	22	10.1	7.1	0.1
M2A2100	Milchmischgetränk < 1 % Fett, probiotisch, aromatisiert, mit Zucker und Süßungsmitteln, angereichert mit Vitaminen	Milk drink < 1 % fat, probiotic, flavoured, with sugar and artificial sweeteners, fortified with vitamins	117	28	0.071	0.043	3.2	3	3.473	0.135
V591800	Rind Zunge, Kochpökelware	Beef tongue, cooked cured	727	175	12.257	4.007	0.498	0.498	15.579	1.8
X699312	Süßkartoffeln gedünstet (mit Fett und Salz)	Sweet potatoes stewed (with fat and salt)	521	124	3.1	0.2	21.3	4.6	1.44	0.4
B8A7000	Sauerteigbrot mit Sonnenblumenkernen, glutenfrei	Sourdough bread with sunflower seeds, gluten-free	971	231	7.6	0.8	30.9	1.3	7.9	1.002
D4A8100	Kokoskuchen (Rührmasse)	Coconut cake (cake batter)	1851	444	28.64	19.96	37.8	22.8	7.33	0.52
X644013	Kartoffelgratin ohne Käse	Potato gratin without cheese	492	117	5.03	2.5	15	1.8	2.4	0.32
B106000	Vollkornbrot mit Ölsamen	Wholemeal bread with oilseeds	966	229	3.17	0.41	37	0.868	8.1	1.15
U884000	Schaf Keule, mager, mariniert, roh	Sheep leg, lean, marinated, raw	507	120	3.88	1.8	0.34	0.34	20.9	1.022
B526300	Roggenbrötchen mit Sesam	Rye roll with sesame seeds	1161	275	3.55	0.94	48	0.823	8.42	1.392
U857162	Lamm Brust, gebraten ohne Fett (Ofen)	Lamb breast, fried without fat (oven)	1393	336	27.778	12.668	0	0	21.507	0.235
X530143	Bayerisches Kraut gedünstet	Bavarian white cabbage stewed	242	58	3.712	0.27	3.84	3.74	1.009	0.178
B517700	Weizenbrötchen mit Quark	Wheat roll with quark	1262	298	2.68	0.85	56	2.1	10.2	1.445
V4A5162	Hähnchen Oberschenkel, mit Haut, gebraten ohne Fett (Ofen)	Chicken thigh, with skin, fried without fat (oven)	1065	256	17.35	3.841	0	0	24.88	0.226
X4A8060	Misosuppe	Miso soup	44	11	0.4	0	0.85	0.43	0.6	1.135
X459033	Bouillabaisse	Fish soup "Bouillabaisse"	185	44	0.7	0.1	1.1	1.1	8	0.542
G311182	Blumenkohl gebraten ohne Fett (Pfanne)	Cauliflower fried without fat (pan)	296	71	0.56	0.085	10.65	4.32	4.848	0.06
D4A7000	Käse-Schinken-Hörnchen (Quark-Öl-Teig)	Cheese-ham crescent (quark oil dough)	1279	305	14.25	4.8	28.3	1.36	14.45	1.372
S358300	Vanillefondant	Vanilla fondant	1650	390	4.602	2.225	85.3	79.5	0.011	0.01
G554182	Pfefferschote rot, gebraten ohne Fett (Pfanne)	Chilli pepper red, fried without fat (pan)	287	68	0.75	0.071	10.49	10.49	3.17	0.038
D130100	Apfelkuchen (Sandmasse)	Apple pie (sand cake batter)	1022	244	12.42	7.42	29.1	18.1	3.1	0.095
D710500	Anisplätzchen (Biskuitmasse)	Anise sponge biscuits	1481	350	2.87	0.72	71.82	41.976	8	0.152
X9A2010	Hirsebrei ungesüßt, mit Milch 3,5 % Fett	Millet porridge unsweetened, with milk 3.5 % fat	566	134	4.18	2.37	17.82	4.2	6	0.113
C416000	Mehlmischung für Kuchen glutenfrei	Flour mix for cake gluten-free	1474	347	0.5	0.063	82.9	0.2	1.8	0.008
Y640312	Lachssteaks gebraten	Salmon steaks fried	934	224	14.484	2.71	0	0	23.4	0.609
D1A1300	Zwetschgen-Streuselkuchen (Hefeteig)	Blue plum crumble cake (yeast dough)	807	192	6.02	3.61	30	11.96	3.34	0.04
D483400	Apfelstrudel (Mürbeteig)	Apple strudel (shortcrust pastry)	1205	289	16.1	9	29.8	13.4	4.6	0.058
E609132	Eierteigwaren Tortelloni (Ricotta-Spinat-Füllung) getrocknet, gekocht	Egg pasta Tortelloni (ricotta and spinach filling) dried, boiled	446	106	1.776	0.851	17.862	1.069	4.142	0.265
B526000	Roggenbrötchen mit Ölsamen	Rye roll with oilseeds	1182	281	5.17	1.12	45	0.86	9.1	1.32
X988012	Buchweizen gekocht (mit Fett und Salz)	Buckwheat boiled (with fat and salt)	429	102	2.51	0.26	15.8	0.268	3.33	0.185
D701800	Springerle	"Springerle" anise biscuits	1663	392	2.36	0.57	83.67	49.208	7.84	0.135
D0A2000	Mandelbiskuitboden	Almond sponge cake base	1292	307	9.95	1.87	41.49	28.284	11.98	0.24
Y993240	Schokoladensahneeis	Chocolate cream ice cream	1336	322	25.59	13.34	18.4	18	3.9	0.078
U642800	Schwein Bauch (wie gewachsen) Rohpökelware	Pork belly (untrimmed) raw cured	1220	294	25.08	8.981	0.47	0.47	16.69	4.5
S580200	Schokolade weiß, mit Kaffee	Chocolate white, filled with coffee	2279	546	32.8	19.05	55.8	55.65	6.4	0.25
Y880763	Quarkkrapfen frittiert	Quark doughnuts deep-fried	1422	340	16.3	6.3	39.4	17.9	7	0.255
D6A3000	Braune Lebkuchen unglasiert	Brown gingerbread without icing	1395	332	12.1	7.02	47.5	20.8	7	0.542
B277700	Roggenmischbrot mit Quark	Rye-wheat bread (> 50 % and < 90 % rye) with quark	942	223	0.76	0.09	43	0.94	7.31	1.238
X469313	Spanisch Fricco (Kartoffel-Eintopf mit Schweinefleisch, Naturjoghurt und saurer Sahne)	"Spanish Fricco" (potato stew with pork, yogurt and sour cream)	719	173	11.3	5	10	2.3	7.13	0.22
T091400	Heringsrogen gesalzen	Herring roe salted	622	147	3.569	0.498	0	0	28.821	3.54
D1A3000	Apfelkuchen (Quark-Öl-Teig)	Apple cake (quark oil dough)	741	177	6.34	0.6	25.2	10.6	3.4	0.195
D710800	Schokoladen-Haselnuss-Cookies	Chocolate-hazelnut cookies	2109	505	27.39	13.25	54.7	33	7.8	0.562
F503400	Banane getrocknet	Banana dried	1226	290	1.5	0.27	58.9	51.49	4.89	0.005
B881100	Eiweißbrot/Proteinbrot	Protein bread	947	226	8.2	0.93	11	3.9	23.4	0.97
M200300	Milchmischgetränk 3,5 % Fett, aromatisiert, gesüßt	Milk drink 3.5 % fat, flavoured, sweetened	326	78	3.33	2.106	8.5	8.29	3.38	0.082
Y720163	Rührei gebraten in Butter	Scrambled eggs fried in butter	715	172	12.99	4.91	0.42	0.41	13.31	0.728
G263132	Sauerampfer gekocht	Sorrel boiled	148	35	0.514	0.051	1.656	1.032	4.557	0
X530353	Sauerkraut gedünstet	Sauerkraut stewed	120	29	1.05	0.11	1.68	1.53	0.76	0.72
G211152	Spinat gedünstet	Spinach stewed	93	22	0.361	0.037	1.12	0.9	2.49	0.15
Y352212	Schweinebraten ohne Sauce	Pork roast without sauce	1102	264	17.24	5.6	0	0	27.24	0.622
X570363	Erbsenpüree von grünen Erbsen	Pea puree from fresh peas	504	121	5.795	1.96	9.8	5.6	4.7	0.258
C522700	Getreideflakes gesüßt, mit Schokolade, angereichert mit Vitaminen und Mineralstoffen	Cereal flakes sweetened, with chocolate, fortified with vitamins and minerals	1588	376	5.8	2.92	69.3	21.8	8.1	0.88
F302600	Himbeersaft	Raspberry juice	150	35	0.24	0.008	5.53	5.53	0.9	0.008
V533182	Schwein Leber, gebraten ohne Fett (Pfanne)	Pork liver, fried without fat (pan)	619	147	5.55	1.739	1.163	0	23.15	0.246
B6A3200	Roggenvollkornknäckebrot mit Sonnenblumenkernen	Wholemeal rye crispbread with sunflower seeds	1541	367	9.39	0.93	49.8	2.168	12.21	1.337
C522100	Getreideflakes gesüßt, angereichert mit Vitaminen und Mineralstoffen	Cereal flakes sweetened, fortified with vitamins and minerals	1475	348	1.6	0.29	70.2	12.1	9.7	0.835
U541172	Schwein Schnitzel (Oberschale) gegrillt	Pork schnitzel (topside) grilled	578	137	2.388	0.898	0	0	28.8	0.22
B511100	Weizenbrötchen mit Kümmel und Salz	Wheat roll with caraway seeds and salt	1229	291	2.69	0.85	55	1.9	9.3	2.165
W423000	Schwein Kochschinken, Kochpökelware, geräuchert	Pork ham, cooked cured, smoked	447	106	3.04	1.004	0.465	0.465	19.24	1.8
U693700	Schwein Hintereisbein/Hinterhaxe, Kochpökelware, geräuchert	Pork hindshank (hock) cooked cured, smoked	679	163	10.63	3.577	0.437	0.437	16.35	1.8
D0A3000	Nussbiskuitboden	Nut sponge cake base	1339	319	11.5	1.99	41.5	28.305	11.42	0.238
D652300	Pfeffernüsse	"Pfeffernusse" spiced gingerbread biscuits with sugar icing	1681	397	4.48	0.79	78.6	39.2	8.85	0.408
B6A1500	Weizenvollkornknäckebrot mit Ölsamen, Hartkäse und Möhre	Wholemeal wheat crispbread with oilseeds, hard cheese and carrots	1749	417	15.3	2.9	48	3.8	16.1	1.878
X341040	Mayonnaise mit Essig	Mayonnaise with vinegar	2959	719	78.57	6.4	0.41	0.41	2	1.272
D657100	Kathrinchen (Honigteigplätzchen)	"Kathrinchen" honey gingerbread biscuits	1691	401	8.91	5.17	71.43	31.254	7.14	0.075
G486132	Frühlingszwiebel/Lauchzwiebel (ohne Laub) gekocht	Spring onion, bulb only, boiled	157	37	0.173	0.028	6.91	6.91	1	0.022
W217000	Knacker einfach/Schüblinge einfach/Servela einfach	Knacker sausage simple	870	210	17.86	5.99	0.08	0	12.2	2
C558000	Fleischersatz glutenhaltig (Seitan)	Meat substitute containing gluten (seitan)	834	199	7.2	0.651	4	0.475	28.4	1.631
Y273032	Kalbsleber mehliert, gebraten	Veal liver floured, fried	594	141	2.94	0.57	9.2	0.016	19.22	0.53
B591000	Mehrkornbrötchen	Multigrain roll	1275	302	5.44	1.07	50	1.8	9.8	1.282
B8A2000	Brötchen glutenfrei	Roll gluten-free	1284	303	4.2	1.922	61	2.3	4.4	1.3
X572712	Grünkohl gedünstet (mit Fett und Salz)	Curly kale stewed (with fat and salt)	320	77	4.29	0.35	3.7	1.95	3.02	0.19
D4A8400	Möhren-Nuss-Kuchen (Rührmasse)	Carrot nut cake (cake batter)	1502	360	20.04	8.26	36	16.42	7.35	0.37
D431900	Ottilienkuchen (Rührmasse)	"Ottilienkuchen" cake (cake batter)	1905	456	26.98	14.18	45.1	28.7	7.1	0.208
E151132	Putenei gekocht	Turkey egg boiled	679	163	11.9	3.63	0.34	0.34	13.7	0.378
G345152	Sauerkraut abgetropft, gedünstet	Sauerkraut drained, stewed	92	22	0.307	0.071	0.98	0.763	1.114	1.178
U711162	Schaf Filetmedaillon, gebraten ohne Fett (Ofen)	Sheep fillet medaillon, fried without fat (oven)	616	146	3.21	1.46	0	0	29.26	0.141
B881200	Eiweißbrötchen/Proteinbrötchen	Protein roll	1373	328	11.9	1.35	16	5.7	33.9	1.402
V522132	Kalb Hirn, gekocht	Veal brain, boiled	430	103	6.706	1.697	0	0	10.694	0.21
U532072	Schwein Kammsteak, mariniert, gegrillt	Pork steak (neck) marinated, grilled	1300	312	22.4	6.05	0.19	0.18	27.29	1.5
B111400	Weizenvollkornbrot mit Nüssen	Wholemeal wheat bread with nuts	1018	242	4.29	0.417	38	1.1	8.8	1.122
D430400	Napfkuchen mit Sultaninen und Zitronat (Rührmasse)	Ring cake with sultanas and candied lemon peel (cake batter)	1687	402	17.6	9.7	52	27.4	7.1	0.418
X3A4010	Roquefortsauce	Roquefort sauce	1774	430	41.23	20.27	1.876	1.876	12.436	1.982
B531000	Haferbrötchen	Oat roll	1274	302	4.47	1.46	52	2.3	10.5	1.432
U281200	Rind Keule, tiefgefroren	Beef round, deep-frozen	620	148	7.1	2.223	0	0	21	0.15
D1A3100	Zwetschgenkuchen (Quark-Öl-Teig)	Blue plum cake (quark oil dough)	758	180	6.37	0.6	26.4	11.03	3.36	0.195
U687032	Schwein Oberschale (ohne Deckel) gekocht	Pork topside, boiled	611	145	2.73	0.849	0	0	30.01	0.078
M2M2400	Sahnejoghurt mind. 10 % Fett, mit Schokoladenzubereitung, gesüßt	Yogurt min. 10 % fat, with chocolate preparation, sweetened	632	151	8.87	5.8	14.3	13.8	2.9	0.1
D088000	Wiener Tortenboden kakaohaltig (dunkel)	Viennese sponge cake base containing cocoa (dark)	1520	362	16.29	8.74	44	26.848	8.99	0.228
X574112	Sojasprossen gedünstet (mit Fett und Salz)	Soya bean sprouts stewed (with fat and salt)	356	86	6.04	0.48	0.3	0.3	6.38	0.225
U622700	Schwein Kotelett (Rücken/cranial) Kochpökelware, geräuchert	Pork loin (cranial part) cooked cured, smoked	550	131	6.82	2.301	0.437	0.437	17.07	1.8
X3A9010	Joghurt-Dip	Yogurt dip	387	93	6.6	3.9	4	4	3.64	0.45
D462700	Mandelkuchen (Hefeteig)	Almond cake (yeast dough)	1795	429	22.77	9.09	44	17.11	10.07	0.068
D623500	Käsewaffeln salzig (Rührmasse)	Cheese waffles salted (cake batter)	1997	481	35.96	21.53	27.5	0.472	10.7	0.315
S352000	Fondantkonfekt mit Zartbitterschokolade überzogen	Fondant confectionery covered with bittersweet chocolate	1527	361	6	1.94	75	73	1.3	0.04
M8A6000	Speisequarkzubereitung mind. 30 % Fett i. Tr., mit Kräutern	Quark preparation min. 30 % fat in dry matter, with herbs	495	119	7.78	4.149	3.32	3.3	8.35	0.842
M837500	Speisequarkzubereitung mind. 40 % Fett i. Tr., mit Kräutern	Quark preparation min. 40 % fat in dry matter, with herbs	571	137	9.66	5.142	3.52	3.5	8.53	0.802
D483200	Haselnusszopf (Mürbeteig)	Braided hazelnut bread (shortcrust pastry)	1800	431	25.17	8.98	41.2	20.89	8.47	0.182
U990100	Bratensoße dunkel, Konserve	Gravy dark, canned	182	43	1.56	0.62	5.7	1.23	1.32	1.475
T204132	Dorsch/Kabeljau, pochiert	Cod poached	292	69	0.78	0.176	0	0	15.5	0.185
X537912	Weißkraut gedünstet (mit Fett und Salz)	White cabbage stewed (with fat and salt)	241	58	3.71	0.27	3.83	3.73	1.009	0.23
E606200	Semmelknödel getrocknet	White bread dumplings dried	1642	390	10.66	4.76	54.32	6.05	17.35	2.7
D089000	Schokobiskuitrolle/Schokobiskuitroulade, ungefüllt	Chocolate sponge cake roll unfilled	1224	290	6.78	2.2	44.4	28.011	11.59	0.278
B516300	Weizenbrötchen mit Sesam	Wheat roll with sesame seeds	1263	299	3.43	0.96	55	1.9	9.6	1.438
X471353	Schokoladen-Milchkaltschale gebunden mit Stärke	Cold chocolate-milk soup thickened with starch	361	86	3.52	2.228	9.8	7.71	3.72	0.122
Y321222	Schweinekotelett natur, gebraten	Pork chop fried	961	230	13.59	3.67	0.02	0	26.92	0.383
B226800	Roggenbrot mit Nüssen	Rye bread with nuts	967	230	3.97	0.37	38	0.992	6.12	1.132
X643153	Tomatenkartoffeln gedünstet	Potatoes with tomatoes stewed	420	100	4.2	0.3	12.98	2.4	1.76	0.368
B416000	Weizenvollkornbrötchen mit Ölsamen	Wholemeal wheat roll with oilseeds	1261	299	5.61	1.19	46	1.4	11.2	1.36
U404000	Kalb Fleisch, sehnenfrei, sichtbarer Fettanteil > 20 % (KA IV) roh	Veal meat, tendon free, visible fat content > 20 % (KA IV) raw	1224	296	25.412	11.5	0	0	16.702	0.178
X925012	Pfannkuchen/Eierkuchen, ungesüßt, mit Milch 1,5 % Fett, gebraten	Pancakes unsweetened, with milk 1.5 % fat, fried	889	211	5	1.17	31.6	2.54	8.75	0.348
D0A2200	Mandelboden (mit Eiklar zubereitet)	Almond cake base (prepared with egg white)	1572	375	16.218	1.39	44.95	44.867	10.6	0.148
U541072	Schwein Schnitzel (Oberschale) mariniert, gegrillt	Pork schnitzel (topside) marinated, grilled	769	184	8.52	1.27	0.16	0.15	26.38	1.2
H154000	Kokosmilch/Kokosnussmilch	Coconut milk	933	227	21.9	19.104	2.1	2.1	2.774	0.055
Y560312	Grillhähnchen	Chicken grilled	1069	257	17.78	3.72	0	0	24.18	0.566
D401400	Honigkuchen	Gingerbread cake	1547	366	6.5	0.83	68.4	38	6.77	0.435
X574512	Sojabohnen (Edamame) gedünstet (mit Fett und Salz)	Soya bean (edamame) stewed (with fat and salt)	668	161	10	0.97	5.1	1	10.8	0.295
D131200	Apfelkuchen (Rührmasse)	Apple pie (cake batter)	923	220	9.97	5.88	27.8	14.6	3.8	0.175
X3A8020	Senf-Honig-Dressing für Salat	Mustard-honey dressing for salad	1667	404	41.3	2.98	5.17	5.08	0.62	0.925
D431200	Mandelkuchen (Rührmasse)	Almond cake (cake batter)	1795	430	23.96	9.32	41.3	21.07	10.47	0.358
D7B1100	Buttergebäck kakaohaltig (Mürbeteig)	Butter biscuits containing cocoa (shortcrust pastry)	2076	497	27.08	16.49	54	21.72	7.42	0.195
S692000	Getreidechips umhüllt mit Milchschokolade	Cereal crisps coated with milk chocolate	2146	513	27.67	14.96	59.4	36.8	5.24	0.338
C119232	Couscous (Hartweizen) gekocht	Couscous (durum wheat) boiled	659	156	0.68	0.108	31.05	0.479	4.914	0.012
T213172	Alaska-Pollack/Alaska-Seelachs, gegrillt	Alaska pollock grilled	309	73	1.04	0.187	0	0	15.9	0.358
G650152	Schwarzwurzel gedünstet	Black salsify stewed	252	60	0.422	0.046	8.6	3.9	1.363	0.012
S478100	Ingwer kandiert	Ginger candied	914	215	0.39	0.1	51.1	47.78	1.01	0.022
Y824243	Scheiterhaufen gebacken	Souffle with rolls, apple and raisins	708	168	4.9	2.2	25.1	16	4.9	0.39
P5A1000	Sahnelikör	Cream liqueur	1090	262	10.178	5.421	18	18	0.75	0.03
D9A2000	Vollkornhefeteig süß roh	Wholemeal yeast dough, sweetened, raw	1146	273	8.26	3.17	38	6.535	8.4	0.165
X9A3050	Grissini	Grissini	1483	354	13	1.4	44	1.11	11.63	0.575
N410500	Kaffee (Getränk) mit Kondensmilch 7,5 % Fett und Zucker	Coffee (infusion) with evaporated milk 7.5 % fat and sugar	53	13	0.248	0.136	2.105	2.105	0.32	0.018
S581900	Kokos-Praline mit Cremefüllung und blanchierter Mandel	Coconut praline with cream-filling and blanched almond	2505	604	46.8	28.32	36.5	33.6	6.7	0.3
S142400	Birnenkraut	Pear butter, sweetened	872	206	0.7	0.126	47.7	40.9	0.8	0.008
D733800	Mandelgebäck (Mürbeteig)	Almond biscuits (shortcrust pastry)	2246	539	32.93	17.28	49.9	21.7	8.39	0.15
U711172	Schaf Filetmedaillon, gegrillt	Sheep fillet medaillon, grilled	677	161	3.95	1.8	0	0	31.25	0.161
R910032	Bratensoße aus Instantpulver, zubereitet mit Wasser	Gravy made from instant powder and water	43	10	0.247	0.153	1.731	0.586	0.225	0.648
X940112	Mehlschmarren (süddeutsche Mehlspeise) gebraten	"Mehlschmarren" fried (thick flour pancake cut into pieces)	1065	254	11.04	1.91	29.92	4.05	7.78	0.138
W236000	Fleischsalat-Grundmasse	Bologna for meat salads	1079	261	24.01	8.1	0.96	0.878	10.24	2
R9A5100	Sacherguss/Schokoladenglasur, für Gebäck/Torten	Sacher icing/chocolate icing, for pastry/tortes	1444	345	15.75	9.48	45.4	43.9	3.31	0.015
T411800	Graved Lachs	Graved salmon (salt-sugar-cured)	635	152	7.74	1.446	1.493	1.493	19.009	2.922
P9A4000	Cocktail, Gin Tonic	Cocktail, Gin and tonic	232	55	0	0	5.368	5.368	0	0.002
D7A5000	Apfeltaschen (Hefeteig)	Turnover (yeast dough) filled with apples	1025	244	7	3.8	38	14.6	5.5	0.062
X357112	Buttermilch-Dressing mit Honig für Salat	Buttermilk dressing with honey for salad	436	104	6.28	1.1	8.03	7.94	2.86	0.515
Y720443	Rührei gebraten mit Pfifferlingen	Scrambled eggs fried with chanterelles	686	166	13.59	2.3	1.11	0.99	9.26	0.575
F090100	Fruchtmischung gezuckert, roh	Mixed fruit sugared, raw	370	87	0.4	0.125	18.9	17.87	0.694	0.005
F303600	Brombeersaft	Blackberry juice	168	40	0.2	0	9.2	4.9	1.17	0.002
F305152	Stachelbeere gedünstet	Gooseberry stewed	235	56	0.167	0.015	10.929	8.029	0.972	0.005
Y341313	Debreziner Bohnengulasch (mit Schweinefleisch)	"Debreziner" bean goulash with pork	404	97	4.8	0.77	2.3	1.75	10.52	0.312
V585132	Lamm Bries, gekocht	Lamb sweetbread, boiled	383	91	3.28	1.7	0	0	15.4	0.11
T402182	Stint gebraten ohne Fett (Pfanne)	European smelt fried without fat (pan)	422	100	1.912	0.409	0	0	20.662	0.415
B6A1200	Weizenvollkornknäckebrot mit Müslizutaten, gesüßt	Wholemeal wheat crispbread with muesli ingredients, sweetened	1835	438	18.1	3.6	50	13.8	13.6	0.47
B257700	Weizenmischbrot mit Quark	Wheat-rye bread (> 50 % and < 90 % wheat) with quark	947	224	0.85	0.1	43	0.8	7.79	1.205
D301300	Französische Schokoladentorte (Rührmasse)	French chocolate torte (cake batter)	1888	452	23.7	14.8	52.4	31.5	5.66	0.472
D432300	Früchtekuchen (ohne Fett zubereitet)	Fruitcake (prepared without fat)	1596	380	12.3	1.4	56.4	43.2	7.4	0.225
D072000	Blätterteig eifrei, roh	Puff pastry egg-free, raw	1766	425	32.19	12.91	28.65	0.123	4.18	0.398
S624000	Pralinen gefüllt mit Fruchtcreme	Pralines filled with fruit cream	2291	550	35.3	22.2	51.1	46.9	4.3	0.13
V334162	Wildente Fleisch, mit Haut, gebraten ohne Fett (Ofen)	Wild duck meat, with skin, fried without fat (oven)	1014	243	15	4.9	0	0	27	0.178
U886142	Hammel Keule, geschmort ohne Fett	Mutton leg, braised without fat	1287	309	22.5	10.263	0	0	26.719	0.182
B416700	Weizenvollkornbrötchen mit Kürbiskernen	Wholemeal wheat roll with pumpkin seeds	1252	297	5.66	1.29	45	1.3	11.7	1.355
C141032	Gerste ganzes Korn, gekocht	Barley whole grain, boiled	746	176	1.062	0.268	33.4	0.912	6.001	0.02
B106500	Vollkornbrot mit Sonnenblumenkernen	Wholemeal bread with sunflower seeds	968	230	3.29	0.35	37	0.95	8.1	1.145
M2A0300	Milchmischgetränk 3,5 % Fett, aromatisiert, gesüßt, angereichert mit Vitaminen	Milk drink 3.5 % fat, flavoured, sweetened, fortified with vitamins	326	78	3.33	2.106	8.5	8.29	3.38	0.082
B491300	Dinkelvollkornbrötchen mit Ölsamen	Wholemeal spelt roll with oilseeds	1250	297	5.97	1.21	45	1.6	11.5	1.368
Y5A1000	Hähnchenbrustfilet mit Cornflakes paniert, gebraten	Chicken breast fillet with cornflakes breading, fried	801	191	8.13	1.02	6.13	0.11	23.14	0.52
Y848160	Rumtopf	Fruit preserved in rum with sugar	1385	333	0.1	0.01	17.4	16.9	0.3	0.005
Y993440	Erdbeersahneeis	Strawberry cream ice cream	996	241	20.88	10.47	9.83	9.82	2.9	0.065
N0A1100	Nearwater/Aqua Plus Getränk, aromatisiert, mit Zucker und Süßungsmitteln	Nearwater/Aqua Plus beverage, flavoured, with sugar and artificial sweeteners	61	14	0	0	3.6	3.6	0	0.008
V487200	Pute Flügel, mit Haut, tiefgefroren	Turkey wings, with skin, deep-frozen	798	192	12.3	2.6	0	0	20.2	0.138
T900300	Meeresfrüchtemischung roh	Shellfish (frutti di mare) raw	304	72	1.51	0.42	0	0	14.614	0.695
X320253	Bechamelsauce mit Milch 3,5 % Fett	Bechamel sauce with milk 3.5 % fat	494	119	8.01	5.08	7.24	4.26	4.21	0.21
Y730463	Omelett gebraten mit Tomaten	Omelette fried with tomatoes	587	142	11.81	1.96	2.13	2.12	6.2	0.308
Y141823	Rindergulasch mit Gemüse	Beef goulash with vegetables	419	100	4	1	7	3	8	0.5
Y771510	Kräuterquark (aus Magerquark)	Quark, < 10 % fat in dry matter, with herbs	335	80	2.7	1.4	3.8	3.8	9.49	0.48
B551000	Weizenmischbrötchen	Wheat-rye roll (> 50 % and < 90 % wheat)	1221	289	2.72	0.85	54	1.7	8.8	1.46
Y146113	Westfälischer Pfefferpotthast mit Rindfleisch und Sauce	Westphalian "Pfefferpotthast" (beef stew with sauce)	510	122	6.2	1.6	3.44	3.41	12.45	0.495
W237000	Fleischkäse fettreduziert	Fleischkaese sausage reduced-fat	613	147	8.1	3.08	0.16	0	18.25	2.2
Y560322	Brathähnchen gebraten im Ofen	Chicken fried in oven (roast chicken)	958	230	15.44	2.81	0.017	0.011	22.69	0.504
C512600	Müslimischung Bircher Art (mit Trockenfrüchten und Nüssen) ungesüßt	Muesli mix Bircher style (with dried fruit and nuts) unsweetened	1538	366	11	2.2	49.4	11.3	11.8	0.02
C341032	Mais gekocht	Maize boiled	372	88	0.95	0.158	16.583	0.367	2.284	0.002
W221300	Currybratwurst	Curry-Bratwurst	890	215	19.01	6.66	0.04	0	10.92	1.906
X556043	Ganze Tomaten gedünstet, mit Sahne	Whole tomatoes stewed, with cream	344	83	6.643	2.21	3.68	3.68	1.215	0.245
V592800	Kalb Zunge, Kochpökelware	Veal tongue, cooked cured	601	144	8.682	2.839	0.483	0.483	15.977	1.8
Y141523	Krautgulasch (mit Rindfleisch)	Beef goulash with white cabbage	538	129	7.1	1.5	3.93	2.65	11.34	0.24
B710700	Dinkelbrot mit Nüssen	Spelt bread with nuts	1068	253	5.01	0.76	41	0.486	8.66	1.132
D701500	Raspeli	"Raspeli" meringue with cocoa powder and coconut	1882	450	23.388	21.675	50.4	49.5	6.3	0.18
D440700	Englischer Kuchen (Sandmasse) mit Alkohol	English cake (sand cake batter) with alcohol	1773	424	22.2	11.4	48.3	32.3	5.8	0.135
U665162	Schwein Dünner Bug (ohne Fett und Schwarte) gebraten ohne Fett (Ofen)	Pork shoulder (without fat and rind) fried without fat (oven)	710	169	6.57	2.04	0	0	27.44	0.185
T402152	Stint gedünstet	European smelt stewed	324	77	1.619	0.348	0	0	15.536	0.395
G093100	Suppengrün/Suppenkraut, roh	Mirepoix raw	137	33	0.335	0.061	3.4	3.3	2.154	0.14
Y824443	Kirschenmichel gebacken	Cherry souffle	640	152	4.84	2.15	21.58	12.29	5	0.398
U724000	Schaf Kotelett, mariniert, roh	Sheep chop (loin) marinated, raw	1324	320	29.2	13.32	0.34	0.34	13.87	1.08
B111600	Weizenvollkornbrot mit Sonnenblumenkernen	Wholemeal wheat bread with sunflower seeds	993	236	3.37	0.35	38	1.2	9.3	1.122
U461132	Kalb Bug/Schulter, gekocht	Veal shoulder, boiled	503	119	1.082	0.453	0	0	27.257	0.202
E632100	Dinkeleierteigwaren roh	Spelt egg pasta raw	1548	366	2.29	0.4	68.48	0.478	14.51	0.042
F201600	Aprikosensaft	Apricot juice	209	49	0.104	0.008	10.8	10.1	0.7	0.005
D2A2000	Johannisbeertorte mit Baiser/Träublestorte (Mürbeteig)	Red currant torte (shortcrust pastry) with meringue	1341	320	12.9	5.85	41.75	22.5	6.7	0.112
Y782613	Käse-Weißbrot-Auflauf	Cheese-white bread casserole	1087	260	14.01	8.358	17.34	2.06	15.3	1.075
D610300	Schokoladenbaiser	Chocolate meringue	1710	406	10.81	6.54	66.3	64.442	8.1	0.268
D431300	Makronenkuchen (Rührmasse)	Macaroon cake (cake batter)	1902	456	26.23	11.14	44.6	27.232	8.8	0.165
W540000	Hamburger Rauchfleisch (Rind Oberschale) Rohpökelware, geräuchert	Beef meat (topside/top round) raw cured, smoked	496	118	4.231	1.923	0.492	0.492	19.495	4.5
G730200	Dicke Bohne unreif, tiefgefroren	Broad bean immature, deep-frozen	291	70	0.7	0.153	6.6	1.4	6	0.048
D790700	Kekse/Plätzchen (Vollkornmürbeteig)	Wholemeal biscuits	2177	522	29.77	18.584	53.1	20.933	7.13	0.2
D0A8000	Quicheboden (Mürbeteig)	Quiche base (shortcrust pastry)	1844	442	25.85	15.84	42.5	0.392	8.2	0.408
C522600	Getreideflakes gesüßt, mit Schokolade	Cereal flakes sweetened, with chocolate	1588	376	5.8	2.92	69.3	21.8	8.1	0.88
G994100	Gemüsemischung asiatische Art, roh	Mixed vegetables Asian style, raw	125	30	0.3	0.039	3.6	3.6	2	0.018
B8A9000	Vollkornbrot glutenfrei	Wholemeal bread gluten-free	952	227	6	0.65	32	2.7	6.6	0.832
Y497623	Hammelfleisch gedünstet mit Weißkraut (Irish Stew)	Mutton stewed with white cabbage (Irish Stew)	647	155	9.8	3.7	9.45	2.51	6.36	0.488
B275700	Roggenmischbrot mit Kümmel	Rye-wheat bread (> 50 % and < 90 % rye) with caraway seeds	927	219	0.75	0.09	43	0.705	6.53	1.232
X471423	Schokoladen-Milchsuppe gebunden mit Grieß	Chocolate-milk soup thickened with semolina	364	87	3.4	2.14	10	7.42	3.9	0.118
D432100	Rehrücken gebacken (Sandmasse)	Mock saddle of venison cake (sand cake batter)	1996	479	30.58	13.79	39.3	27.8	9.35	0.205
V592132	Kalb Zunge, gekocht	Veal tongue, boiled	726	174	10.875	3.557	0	0	19.012	0.13
W207000	Geflügelbockwurst mit Schweinefleisch	Poultry bockwurst with pork	572	137	9.6	3.1	0	0	12.73	2
U171200	Rind Bratenfleisch (Bug) tiefgefroren	Beef meat for roasting (shoulder) deep-frozen	540	128	5.3	2.325	0	0	20.2	0.125
G250200	Petersilienblatt tiefgefroren	Parsley leaf deep-frozen	139	33	0.36	0.043	1.31	0.85	4.088	0.314
D771600	Croissant (Hefeblätterteig/Plunderteig)	Danish pastry croissant	1780	426	23.57	13.52	44	7.2	8	0.872
B516700	Weizenbrötchen mit Kürbiskernen	Wheat roll with pumpkin seeds	1295	307	5.17	1.23	52	1.9	10.7	1.36
D4A8600	Rotweinkuchen (Rührmasse)	Red wine cake (cake batter)	1788	429	28.01	14.8	34.2	18.2	7.92	0.335
M813700	Schmelzkäsezubereitung 45 - 52 % Fett i. Tr., mit Schinken	Processed cheese preparation 45 - 52 % fat in dry matter, with ham	1156	279	22.98	15.467	5.14	5.14	12.19	2.308
D7A5300	Zimtschnecken (Hefeteig)	Danish swirl (yeast dough) with cinnamon	1481	352	10.09	5.95	56.3	21.36	7.5	0.088
V488200	Pute Innereien, tiefgefroren	Turkey giblets, deep-frozen	645	154	9.21	2.42	0	0	17.9	0.192
G920200	Gemüsemischung Leipziger Allerlei, tiefgefroren	Mixed vegetables "Leipziger Allerlei", deep-frozen	241	57	0.398	0.086	8.2	3.64	3.2	0.025
C522400	Getreideflakes gesüßt, mit Nüssen	Cereal flakes sweetened, with nuts	1559	370	6.93	1.21	60.9	19.4	10.8	0.778
X330053	Grundsauce dunkel/braun (von Wildbrühe)	Basic sauce brown (from game stock)	317	76	5.4	0.38	5.53	0.02	1.14	0.642
W213000	Frankfurter Würstchen/Schinkenwürstchen	Frankfurt sausage small	1115	270	24.4	4.92	0.08	0	12.4	2
D1A4200	Stachelbeerkuchen (Rührmasse) mit Baiser	Gooseberry cake (cake batter) with meringue	1150	275	12.25	7.16	35.6	22.433	4.1	0.185
F508700	Maracujanektar/Passionsfruchtnektar	Passion fruit nectar	236	56	0.1	0.011	13.209	13.209	0.2	0.015
D7B4000	Friesenkekse (Mürbeteig)	"Friesenkekse" biscuits (shortrcrust pastry)	2137	511	27.31	14.77	58.36	26.288	6.5	0.06
Y882310	Quarkspeise mit Pfirsichen	Quark dish with peaches	474	113	4.92	2.662	10.88	10.62	5.8	0.088
X651013	Kartoffeln geschält, roh gebraten	Potatoes raw, peeled, fried	928	222	12.753	0.88	22.601	1.136	2.88	0.009
X518543	Ratatouille	Ratatouille	241	58	3.36	0.26	4.6	4.5	1.2	0.43
X469043	Weißkraut-Karotten-Eintopf mit weißen Bohnen und Hammelfleisch	White cabbage-carrot stew with haricots and mutton	546	131	7.916	3.543	6	2.3	7.159	0.202
D432400	Quarkstollen (Rührmasse)	Quark stollen (cake batter)	1589	379	15.7	6.3	48.6	28.9	8.1	0.312
X890933	Paella	Paella	428	102	3.3	0.4	9	1	8.5	0.625
F514600	Kiwisaft	Kiwi fruit juice	206	48	0.4	0	9.1	9.1	0.8	0.008
Y881610	Quarkspeise mit Himbeeren	Quark dish with raspberries	472	112	4.87	2.606	10	10	5.8	0.085
Y881510	Quarkspeise mit Erdbeeren	Quark dish with strawberries	465	111	4.88	2.605	10.26	10.24	5.75	0.085
X810413	Milchreis gesüßt, mit Milch 3,5 % Fett und Rosinen, aufgezogen, gebacken	Rice pudding sweetened, with milk 3.5 % fat and raisins, baked	590	140	4.3	2.7	20.8	10.7	4.1	0.105
D462800	Schneckennudeln/Rosenkuchen (Hefeteig)	Yeast rose cake	1462	348	11.9	6.2	51	27.1	7.1	0.098
D0A5100	Hefeteig (feiner) gebacken	Yeast dough (fine) baked	1507	359	14.06	7.84	48	8.52	8.6	0.298
S571000	Bitterschokolade gefüllt mit Karamell	Dark chocolate filled with caramel	2281	549	37.6	22.7	40	36.7	8.1	0.115
W183000	Bauernbratwurst/Westfälinger	Bauernbratwurst sausage raw, small, firm	1166	281	22.58	8.54	0.15	0	19.24	2.5
D0A5000	Hefeteig (einfacher) gebacken	Yeast dough (simple) baked	1356	322	8.98	5.15	50	8.85	8.71	0.335
T710400	Edelkrebs/Flusskrebs, gesalzen	Crayfish salted	309	73	0.56	0.08	0	0	16.935	1.88
W138100	Gänsezervelatwurst mit Schweinefleisch	Zervelatwurst sausage with goose meat and pork	1518	366	30.38	11.4	0	0	23.2	3.8
Y780163	Käsefondue (mit Alkohol)	Cheese fondue (with alcohol)	1048	252	19.01	11.594	0.12	0.12	16.9	0.738
D461400	Gugelhupf mit Rosinen (Hefeteig)	Ring cake with raisins (yeast dough)	1601	382	16.8	8.1	47	16	8.8	0.095
W143000	Salami Ungarische Art	Salami Hungarian-type	1599	386	33.08	12.5	0.18	0	21.81	3.8
W146000	Katenrauchwurst	Katenrauchwurst sausage	1095	263	17.93	6.65	0.18	0	25.15	3.8
G321132	Chinakohl gekocht	Chinese white cabbage boiled	85	20	0.225	0.014	1.56	1.397	2.025	0.035
D753100	Nuss-Spritzgebäck (Rührmasse)	Nut spritz biscuits (cake batter)	2319	558	40.54	19.54	38.6	16.9	7.9	0.172
D461500	Streuselkuchen (Hefeteig)	Crumb cake (yeast dough)	1781	425	17.97	11.1	57	18.29	7.27	0.06
X644113	Kartoffel-Tomaten-Gratin mit Mozzarella	Potato gratin with tomatoes and mozzarella	404	97	5.2	2.9	9.09	1.79	2.76	0.408
K420162	Batate/Süßkartoffel, gebacken	Batata/sweet potato, baked	644	152	0.769	0	32.4	7.1	2.09	0.012
S340000	Weichkaramelle gefüllt	Soft caramel filled	1807	432	18.23	9.6	63	42.4	2.327	0.088
N710600	Früchtetee (Getränk) mit Zucker	Fruit tea (infusion) with sugar	32	7	0	0	1.861	1.861	0	0.005
U211162	Rind Filet/Lende, gebraten ohne Fett (Ofen)	Beef fillet (tenderloin) fried in the oven without fat	573	136	3.951	1.781	0	0	25.126	0.105
P281000	Glühwein	Mulled wine	401	96	0	0.008	8.21	8.18	0.242	0.005
Y849440	Grapefruit gezuckert	Grapefruit sugared	314	74	0.134	0.03	16.5	16.5	0.4	0.002
G613152	Rote Rübe/Rote Bete, gedünstet	Beetroot stewed	180	43	0.098	0.02	7.08	7.08	2.023	0.14
X700062	Eier-Frischteigwaren, selbstgemacht, roh	Fresh egg pasta, homemade, raw	1192	283	5.76	1.07	44.97	0.308	11.07	1.128
W139100	Lammfleisch-Zervelatwurst	Zervelatwurst sausage with lamb meat	1538	371	31.81	11.9	0	0	21.23	3.8
U133100	Rind Steak (Rücken) mariniert, roh	Beef steak (loin) marinated, raw	603	144	6.75	2.02	0.14	0.14	20.41	0.995
M816000	Schmelzkäsezubereitung 45 - 52 % Fett i. Tr., mit Nüssen	Processed cheese preparation 45 - 52 % fat in dry matter, with nuts	1312	317	27.22	15.283	5.1	5.1	12.12	2.135
X951113	Grießbrei einfach, gesüßt	Semolina porridge simple, sweetened	422	100	3.39	2.1	12.94	6.68	4.29	0.105
K420132	Batate/Süßkartoffel, gekocht	Batata/sweet potato, boiled	274	65	0.2	0	12.8	9.2	1.7	0.01
X423462	Rinderkraftbrühe mit Reis	Beef consomme with rice	110	26	0.2	0.009	5	0.02	0.92	0.588
B782100	Weizenfladenbrot	Wheat flatbread	1050	248	2.3	0.2	47	0.317	8.2	1.26
X614213	Kartoffelgulasch	Potato goulash	315	75	3.2	0.5	10.1	1.8	1	0.38
X435143	Käseklößchen	Small cheese dumplings	1545	371	26.4	16.21	15.32	0.277	17.37	1.142
G490162	Knoblauch gebacken	Garlic baked	460	112	0.494	0.074	3	2.4	7.118	0.023
X9A2090	Porridge gesüßt, mit Wasser	Porridge sweetened, with water	340	81	1.308	0.263	13.5	3.139	2.613	0.025
T107172	Makrele gegrillt	Mackerel grilled	786	188	10.36	2.115	0	0	23.7	0.498
H110700	Erdnuss geröstet, gesalzen	Peanut roasted, salted	2543	614	49.2	7.7	9.9	4.9	28.7	0.96
Y771140	Schnittlauchquark (aus Sahnequark)	Quark, min. 40 % fat in dry matter, with chives	548	132	9.18	5.046	2.94	2.94	8.84	0.458
W874100	Frankfurter Würstchen/Schinkenwürstchen, Konserve	Frankfurt small sausage canned	936	226	19.5	4.92	0.08	0	12.5	2
B416500	Weizenvollkornbrötchen mit Sonnenblumenkernen	Wholemeal wheat roll with sunflower seeds	1263	300	5.75	1.12	46	1.4	11.2	1.355
V593800	Schwein Zunge, Kochpökelware	Pork tongue, cooked cured	842	202	12.87	4.207	0.618	0.618	20.88	1.8
D400700	Englische Muffins/Toasties (Hefeteig) gebraten ohne Fett (Pfanne)	English muffins/toasties (yeast dough) fried without fat (pan)	1563	371	8.47	4.94	61	6.81	10.55	1.215
W121500	Teewurst fettreduziert	Teewurst sausage spreadable, reduced-fat	835	200	12.56	4.6	0.1	0	21.63	2.925
B406000	Vollkornbrötchen mit Ölsamen	Wholemeal roll with oilseeds	1239	294	5.54	1.18	45	1.5	10.7	1.358
T410200	Lachs tiefgefroren	Salmon deep-frozen	753	180	11.2	2.398	0	0	19.9	0.08
G541042	Gemüsepaprika grün, geschmort ohne Fett	Sweet pepper green, braised without fat	177	42	0.261	0.065	7.56	7.15	1.175	0.012
X454713	Haferschleim	Oat gruel	85	20	0.386	0.078	3.1	0.043	0.768	0.034
D750600	Heidesand (Mürbeteig)	"Heidesand" biscuits (shortcrust pastry)	2179	521	25.88	16.35	65.4	32.26	5.28	0.08
K750100	Mischpilze roh	Mixed mushrooms raw	140	34	0.3	0.041	2.16	0.97	3.5	0.012
B259000	Weizenmischbrot mit Kürbiskernen	Wheat-rye bread (> 50 % and < 90 % wheat) with pumpkin seeds	1005	238	3.06	0.47	41	0.603	8.42	1.15
V463172	Ente Fleisch, ohne Haut, gegrillt	Duck meat, without skin, grilled	644	153	5.5	1.143	0	0	25.9	0.288
D034000	Schokozwieback	Chocolate rusk	1951	466	20.2	11.18	58	28.4	9.1	0.55
V351200	Wachtel Fleisch, ohne Haut, tiefgefroren	Quail meat, without skin, deep-frozen	538	128	4.53	1.3	0	0	21.8	0.128
X359640	Asia-Dressing	Asian dressing	974	236	22.05	1.66	4.9	4.43	1.84	3.198
G312182	Broccoli gebraten ohne Fett (Pfanne)	Broccoli fried without fat (pan)	296	71	1.193	0.238	4.6	2.76	7.244	0.13
B723300	Laugengebäck mit Sesam	Lye pastry (pretzels) with sesame seeds	1168	276	3.61	1.08	50	1.4	8.9	1.288
W238000	Geflügelfleischkäse mit Schweinefleisch	Poultry fleischkaese sausage with pork	803	193	13.9	4.46	0.11	0	16.86	2
T309152	Seezunge gedünstet	Sole stewed	331	78	1.77	0.516	0	0	15.625	0.252
B111700	Weizenvollkornbrot mit Buttermilch	Wholemeal wheat bread with buttermilk	937	222	1.19	0.18	40	1.4	8.7	1.18
D720800	Käsewindbeutel salzig (Brandmasse) ungefüllt	Cheese puffs salted (choux pastry) unfilled	1023	245	14.16	7.93	16.5	0.229	12.3	0.422
G331132	Kohlrabi gekocht	Kohlrabi boiled	116	28	0.157	0.027	3.8	3.623	1.898	0.04
D400800	Heidelbeer-Muffins (Rührmasse)	Blueberry muffins (cake batter)	1408	336	14.23	8.33	44.3	23.02	5.7	0.24
S132000	Konfitüre extra	Jam extra quality	996	234	0.2	0.016	56.3	56.3	0.4	0.008
U651162	Schwein Brustspitze, gebraten ohne Fett (Ofen)	Pork breast tip, fried without fat (oven)	952	228	14.13	5.31	0	0	25.24	0.193
B8A6000	Sauerteigbrot mit Ölsamen, glutenfrei	Sourdough bread with oilseeds, gluten-free	961	229	7.3	0.96	30.6	1.1	7.9	1.002
S560600	Zartbitter-/Halbbitterschokolade, gefüllt mit Kokoscreme	Bittersweet/semisweet chocolate, filled with coconut cream	2346	564	37.37	23.11	48.1	46.6	5.51	0.068
S220200	Kaffeeeis	Coffee ice cream	716	171	9.2	4.42	17.6	17.1	4.4	0.098
D621100	Eiswaffeln/Waffelhörnchen (Rührmasse)	Ice cream cones	1235	295	13.02	6.21	37.9	18.5	5.44	0.07
V256042	Wildschwein Fleisch, geschmort ohne Fett	Wild boar meat, braised without fat	855	204	10.783	3.766	0	0	26.848	0.205
U583132	Schwein Kochfleisch (Bauch) gekocht	Pork meat for boiling (belly) boiled	1479	357	29.64	10.61	0	0	22.49	0.097
D187200	Apfel-Streuselkuchen (Mürbeteig)	Apple crumble tart (shortcrust pastry)	1293	309	16.13	7.22	35.14	17.06	4.19	0.032
D7A5500	Rosinenbrötchen (Hefeteig)	Roll with raisins (yeast dough)	1424	338	9	5.2	53.8	13.7	8.3	0.082
F614600	Orangennektar mit Süßungsmitteln	Orange nectar with artificial sweeteners	87	20	0	0	4.251	4.251	0.375	0.008
E608000	Böhmische Knödel roh	Bohemian dumplings raw	985	235	8.96	4.77	29.19	2.11	8.31	1.082
H810000	Studentenfutter	Fruit and nut mix	2019	485	32.2	4.3	32.3	29.6	12.3	0.018
B421000	Roggenvollkornbrötchen	Wholemeal rye roll	1075	256	2.86	0.85	43	1.213	7.56	1.422
D734600	Buttergebäck (Mürbeteig)	Butter biscuits (shortcrust pastry)	2074	496	26.15	15.89	57	21.7	6.82	0.16
S142200	Apfelkraut	Apple butter, sweetened	980	231	1	0.365	52.1	49.4	0.9	0.008
R942000	Tortenguss klar (zubereitet mit Wasser und Zucker) für Gebäck/Torten	Gelatin glaze for pastry/tortes	206	48	0.003	0	12.057	8.537	0.015	0.005
C532900	Reiswaffeln schokoliert	Puffed rice waffles chocolate coated	1989	475	21.37	12.36	61	29.6	7.13	0.182
Q960000	Pflanzenfett/Frittierfett, pflanzlich	Vegetable deep-frying fat	3700	900	100	45	0	0	0	0.001
S539100	Vollmilchschokolade gefüllt mit Karamell	Whole milk chocolate filled with caramel	2224	533	30.37	18.68	57.3	52.6	4.57	0.28
S354000	Kokosflocken (aus Fondant)	Coconut fondant flakes	1932	461	16.952	16.025	68.5	58.5	1.922	0.02
U432200	Kalb Hals/Nacken/Kamm, tiefgefroren	Veal scrag deep-frozen	459	109	2.66	1.112	0	0	21.2	0.26
Y436232	Lammfleischspieße mit Gemüse, gegrillt	Lamb skewer with vegetables, grilled	670	161	11.3	3.92	1.7	1.7	12.4	0.36
Y686212	Tintenfische mehliert, gebraten	Cuttlefish floured, fried	404	96	2.2	0.39	2.25	0.271	16.23	1.005
B516400	Weizenbrötchen mit Mohn	Wheat roll with poppy seeds	1259	298	3.3	0.92	55	1.9	9.6	1.438
D0A6100	Kuchenboden/Tortenboden, kakaohaltig (Mürbeteig, einfacher)	Cake base/torte base, containing cocoa (shortcrust pastry, simple)	1794	428	18.28	10.79	55.5	21.904	8.61	0.222
D181300	Apfelkuchen gedeckt (Mürbeteig)	Covered apple sheet cake (shortcrust pastry)	918	219	9.9	5.3	27.4	13.2	3.7	0.06
V487172	Pute Flügel, mit Haut, gegrillt	Turkey wings, with skin, grilled	1228	294	18.9	4	0	0	31.1	0.19
X384143	Barbecuesauce/Grillsauce	Barbecue sauce	466	112	7.27	0.53	9.24	9.11	1.15	0.612
H882000	Käsealternative, Basis Cashewkerne, vegan	Plant-based cheese alternative, cashew-based, vegan	1828	440	33.559	6.598	18.5	4.382	14.97	0.972
B406700	Vollkornbrötchen mit Kürbiskernen	Wholemeal roll with pumpkin seeds	1248	296	5.59	1.279	45	1.4	11.2	1.352
Q998000	Salatcreme (Fertigprodukt)	Salad cream (ready-made product)	1243	300	27.018	2.2	11.92	8.01	1.4	1.715
B6A2800	Roggenvollkornknäckebrot mit Kürbiskernen	Wholemeal rye crispbread with pumpkin seeds	1554	370	9.15	1.455	49.3	1.799	13.77	1.305
G341142	Rotkohl geschmort ohne Fett	Red cabbage braised without fat	212	50	0.318	0.059	6.664	6.535	2.763	0.048
Y025022	Fleischkäse gebraten	Fleischkaese fried	1298	314	28.02	8.41	0.62	0.62	14.34	2.151
B226500	Roggenbrot mit Sonnenblumenkernen	Rye bread with sunflower seeds	941	223	3.04	0.29	38	1.001	6.59	1.132
F609600	Tangerinensaft	Tangerine juice	177	42	0.24	0.034	8.08	8.08	0.9	0.006
B6A5100	Dinkelvollkornknäckebrot mit Ölsamen	Wholemeal spelt criscpread with oilseeds	1796	429	18.2	2	45	2.2	16.4	1.838
C515200	Cornflakes gesüßt, mit Zuckerglasur und Erdnüssen, angereichert mit Vitaminen und Mineralstoffen	Cornflakes sweetened, sugar frosted, with peanuts, fortified with vitamins and minerals	1676	396	3.9	0.6	82.5	33.5	6.2	0.822
B426800	Roggenvollkornbrötchen mit Nüssen	Wholemeal rye roll with nuts	1154	275	6.36	1.12	40	1.303	7.87	1.315
W164200	Göttinger Schinkenwurst	Göttinger ham bologna raw	1554	375	31.89	12.13	0.18	0	21.78	3.8
Y862143	Vanilleflammeri/Vanillepudding, mit Eigelb	Vanilla pudding with egg yolk	600	143	5.26	2.73	19.16	11.3	4.6	0.148
D7A2000	Cookies mit Schokoladenstückchen	Chocolate chip cookies	2043	488	22.18	13.46	64	37.8	6.48	0.188
B226700	Roggenbrot mit Kürbiskernen	Rye bread with pumpkin seeds	947	225	2.98	0.45	38	0.899	7.04	1.138
W171600	Kolbacz	Kolbacz sausage raw	1872	453	41.37	15.6	0	0	20.04	3.8
B111500	Weizenvollkornbrot mit Ölsamen	Wholemeal wheat bread with oilseeds	991	235	3.25	0.41	38	1.1	9.3	1.125
W004000	Aufschnitt-Grundbrät	Sausage meat for cold cuts	903	218	17.86	6.47	0.09	0	14.16	2.2
W116000	Schmierwurst fettreich	Mettwurst sausage high-fat, spreadable	1355	327	28.15	10.83	0.12	0	18.28	2.8
T617152	Schafskopf (Meerbrasse) gedünstet	Sheepshead stewed	391	93	2.3	0.568	0	0	18	0.18
X4B1010	Rhabarberkaltschale gebunden mit Grieß	Cold rhubarb soup thickened with semolina	205	48	0.09	0.02	9.87	8.166	0.55	0.005
D9A4000	Vollkornplunderteig roh	Wholemeal Danish pastry dough, raw	1467	352	21.57	11.294	30	5.193	6.88	0.748
U065100	Schwein Brät, roh	Pork sausage meat, raw	1107	268	24.13	8.53	0.09	0	12.49	1.788
U990200	Meerrettichsoße Konserve	Horseradish sauce canned	550	132	7.8	4.89	9.97	4.476	4.02	1.278
B226000	Roggenbrot mit Ölsamen	Rye bread with oilseeds	939	223	2.92	0.35	38	0.921	6.6	1.138
S623600	Pralinen gefüllt mit Vanillecreme	Pralines filled with vanilla cream	2334	560	36.08	20.15	52.5	52.1	5.4	0.158
B710500	Dinkelbrot	Spelt bread	931	221	2.39	0.55	38	0.684	8.4	1.185
X9A6030	Hefeteig für Pizza/Pizzateig, roh	Yeast dough for pizza/pizza dough, raw	1027	244	6.81	0.52	38	0.16	6.2	0.505
S730000	Getränkepulver malzhaltig, angereichert mit Vitaminen und Mineralstoffen	Beverage powder containing malt, fortified with vitamins and minerals	1540	363	1.8	0.9	74.9	73.4	9.817	0.37
D7A2100	Schokoladen-Mandel-Cookies vegan	Chocolate almond cookies vegan	2194	527	33.2	11.88	44.1	24.17	9.44	0.282
Y855312	Rote Grütze ungesüßt	Red fruit jelly, unsweetened	239	57	0.3	0.029	10.6	6.2	0.9	0.005
B491400	Dinkelvollkornbrötchen mit Sonnenblumenkernen	Wholemeal spelt roll with sunflower seeds	1252	297	6.11	1.15	45	1.7	11.5	1.362
D330300	Schokoladentorte (Rührmasse)	Chocolate torte (cake batter)	1805	432	22.59	10.51	47.5	28.5	7.97	0.242
U632172	Schwein Kamm, gegrillt	Pork neck, grilled	906	217	13.34	4.97	0	0	24.27	0.161
F605600	Pampelmusensaft/Pomelosaft	Pomelo juice	147	35	0.3	0.1	6.22	6.22	0.8	0.005
T417200	Wildlachs tiefgefroren	Pacific salmon deep-frozen	753	180	11.2	2.398	0	0	19.9	0.12
D0A4000	Wasserbiskuitboden	Water sponge cake base	1293	306	3.69	0.96	58.7	34.281	8.5	0.298
T506152	Wels gedünstet	European catfish stewed	488	117	7	1.71	0	0	13.5	0.048
X476140	Buttermilchsuppe gesüßt	Buttermilk soup, sweetened	290	69	1.67	0.97	9.88	8.13	3.08	0.112
B781300	Weizenbaguettebrötchen	Wheat baguette roll	1223	289	1.51	0.36	57	1.8	9.6	1.492
X562043	Karotten/Möhren, gedünstet (mit Fett und Salz)	Carrots stewed (with fat and salt)	273	66	4.2	0.3	5.04	4.96	0.73	0.422
C119132	Bulgur (Hartweizen) gekocht	Bulgur (durum wheat) boiled	646	152	0.9	0.13	29.1	0.8	5.5	0.01
X574212	Kichererbsen gekocht (mit Fett und Salz)	Chickpeas boiled (with fat and salt)	538	128	4.6	0.5	13.1	1.21	6	0.115
S221700	Joghurteis	Yogurt ice cream	526	124	2.5	1.63	21.01	21.01	3.9	0.1
T206182	Schellfisch gebraten ohne Fett (Pfanne)	Haddock fried without fat (pan)	369	87	0.65	0.111	0	0	20.3	0.18
D7A5400	Milchbrötchen (Hefeteig)	Milk roll (yeast dough)	1418	337	11.54	6.5	48	10.79	8.9	0.102
F091100	Fruchtmischung ungesüßt, roh	Mixed fruit unsweetened	261	62	0.4	0.134	12.3	11.22	0.751	0.002
R9A2000	Ananas-Joghurtsahne für Gebäck/Torten	Pineapple yogurt cream for pastry/tortes	668	160	10.1	5.49	14.2	14.08	2.6	0.058
Y881012	Quarkspeise mit Sauerkirschen	Quark dish with sour cherries	497	119	5.1	2.751	11.66	11.44	6.05	0.09
D771700	Croissant (Hefeblätterteig/Plunderteig) gefüllt mit Nuss-Nougat-Creme	Danish pastry croissant, filled with nut nougat cream	1943	465	26.04	12.98	48	18.2	8	0.715
B426000	Roggenvollkornbrötchen mit Ölsamen	Wholemeal rye roll with oilseeds	1122	267	5.17	1.12	40	1.224	8.44	1.322
X558143	Zucchini gedünstet (mit Fett und Salz)	Courgette stewed (with fat and salt)	289	70	4.9	0.5	4	2.5	1.6	0.248
X553912	Paprika gedünstet (mit Fett und Salz)	Sweet peppers stewed (with fat and salt)	233	56	2.8	0.2	5.53	5.52	0.96	0.245
Y662132	Schwertfisch-Rouladen gebraten	Swordfish roulades fried	724	173	8.49	3.55	1	0.07	22.84	0.89
Y413032	Lammfilet gebraten	Lamb fillet fried	1142	274	19.1	6.95	0	0	25.6	0.752
K702152	Trüffel gedünstet	Black truffle (Perigord black truffle) stewed	425	103	0.718	0.125	0.8	0.8	11.673	0.27
D655600	Sirupkuchen	Syrup cake	1425	337	6	0.95	63.2	36.9	6.4	0.475
D657400	Honigkuchenhäufchen	Gingerbread cake mounds	1583	375	7.4	2.1	69.2	47.7	5.9	0.172
H742132	Kidneybohne reif, gekocht	Kidney bean mature, boiled	541	129	1	0.05	15.2	0.9	8.6	0.001
S530700	Milchschokolade gefüllt mit Fruchtcreme	Milk chocolate filled with fruit cream	2310	554	34	18.72	57.3	56.7	3.8	0.12
T860000	Kaviarcreme/Kaviarpaste	Caviar paste	1706	412	36.2	2.6	12.72	9.17	8.6	4.9
Y114022	Rinderfiletsteak gebraten	Beef fillet steak fried	754	180	8.46	2.42	0.02	0	25.92	0.458
S341000	Karamellbonbon zuckerfrei	Caramel candy sugar-free	1140	275	8.279	5.23	83	0.3	0.224	1.152
X9A6020	Blätterteig (mit Butter) roh	Puff pastry (with butter) raw	1932	465	35.67	23.3	29.75	0.382	5.2	0.195
D187300	Apfel-Streuselkuchen (Rührmasse)	Apple crumble tart (cake batter)	918	219	9.09	5.57	30	14.7	3.1	0.128
G554152	Pfefferschote rot, gedünstet	Chilli pepper red, stewed	184	44	0.48	0.046	6.73	6.73	2.03	0.025
B526700	Roggenbrötchen mit Kürbiskernen	Rye roll with pumpkin seeds	1190	282	5.21	1.21	45	0.833	9.58	1.315
S538300	Vollmilchschokolade gefüllt mit Frucht-Vanillecreme	Whole milk chocolate filled with fruit-vanilla cream	2334	560	36.08	20.15	52.5	52.1	5.4	0.158
S621200	Weinbrand-Bohnen	Pralines with brandy filling	1972	472	21.32	12.8	54.7	47.4	3.57	0.015
Y184512	Rindersteak gebraten (mit Fett und Salz)	Beef steak fried (with fat and salt)	768	183	7.37	2.58	0.02	0	29.14	0.525
V487182	Pute Flügel, mit Haut, gebraten ohne Fett (Pfanne)	Turkey wings, with skin, fried without fat (pan)	1100	264	17.1	3.6	0	0	27.5	0.162
B723500	Laugengebäck mit Käse	Lye pastry (pretzels) with cheese	1181	279	3.4	1.28	51	1.4	9.2	1.322
X522012	Blattspinat gedünstet (mit Fett und Salz)	Leaf spinach stewed (with fat and salt)	290	70	5.759	0.42	1.08	0.87	2.401	0.468
M175800	Sprühsahne/Schlagsahne, gesüßt, mind. 30 % Fett	Spray cream/whipping cream, sweetened, min. 30 % fat	1275	309	30	18.9	7.2	7.2	2.4	0.08
F971900	Fruchtsoße gezuckert, Konserve	Fruit sauce sugared, canned	753	177	0.3	0.021	41.7	41.7	0.5	0.005
S472200	Kirsche kandiert (Belegkirsche)	Cherry candied	904	214	0.177	0.04	48.2	39.4	0.513	0.002
X548163	Zwiebeln gebraten	Onions fried	279	66	1.808	0.14	9.42	9.42	1.72	0.488
B276700	Roggenmischbrot mit Kürbiskernen	Rye-wheat bread (> 50 % and < 90 % rye) with pumpkin seeds	1004	238	3.05	0.47	41	0.741	7.98	1.18
B6A6000	Knäckebrot glutenfrei, laktosefrei	Crispbread gluten-free, lactose-free	1614	382	6.1	2.59	71	2.3	8.8	1.21
D612000	Schokokekse glutenfrei	Chocolate biscuits gluten-free	2024	483	22.87	14.07	62.4	20.6	5.21	0.39
D421000	Sandmasse/Sandteig, roh	Sand cake batter raw	1699	407	22.85	13.75	44.9	25.2	4.94	0.208
G520152	Gurke gedünstet	Cucumber stewed	76	18	0.217	0.073	2.14	2.14	1.154	0.008
X988212	Mais gekocht (mit Fett und Salz)	Maize boiled (with fat and salt)	426	101	2.686	0.28	16.044	0.355	2.21	0.19
D701600	Haferflockenplätzchen	Oatmeal biscuits	1875	448	21.87	12.34	51.8	22.249	8.67	0.322
X4A7000	Gemüse-Eintopf/Gemüsepichelsteiner	Vegetable stew "Pichelsteiner"	257	61	2.1	0.2	8	2.3	1.67	0.388
X929212	Pfannkuchen/Eierkuchen, ungesüßt, mit Milch 3,5 % Fett, gebraten	Pancakes unsweetened, with milk 3.5 % fat, fried	1119	267	12.12	2.15	30.1	2.51	8.34	0.33
S571400	Bitterschokolade mit Trüffelfüllung	Dark chocolate filled with truffles	2273	547	37.77	23.15	40	32.6	7.12	0.02
S581600	Vollmilchschokoladen-Riegel gefüllt mit Joghurt-Erdbeercreme	Whole milk chocolate bar filled with strawberry -yogurt cream	2356	565	35.65	19.06	55.5	55	4.6	0.14
D613000	Zitronenkekse glutenfrei	Lemon biscuits gluten-free	1864	445	19.603	11.864	60.41	22.995	4.427	0.088
C515300	Cornflakes gesüßt, mit Zuckerglasur und Erdnüssen	Cornflakes sweetened, sugar frosted, with peanuts	1676	396	3.9	0.6	82.5	33.5	6.2	0.822
D411200	Rehrücken (Wiener Boden hell)	Mock saddle of venison cake (Viennese sponge cake light)	2053	493	32.26	14.63	38.5	29.1	9.76	0.27
T020142	Tintenfisch geschmort ohne Fett	Common cuttlefish braised without fat	302	71	1.22	0.36	0	0	15.094	1.065
T420162	Forelle gebraten ohne Fett (Ofen)	Trout fried without fat (oven)	826	197	9.2	1.738	0	0	28.047	0.13
X538943	Weinkraut mit Apfel gedünstet	White cabbage with white wine and apple stewed	301	72	4.26	0.33	5.2	4.96	1.03	0.212
B277300	Roggenmischbrot mit Buttermilch	Rye-wheat bread (> 50 % and < 90 % rye) with buttermilk	936	221	0.81	0.12	43	1.17	6.85	1.242
Y896143	Pfitzauf/Kuchenmichel, gebacken	Cake souffle	1015	242	9.47	4.31	30.07	6.75	8.21	0.155
B401000	Vollkornbrötchen	Wholemeal roll	1191	282	3.18	0.909	48	1.5	9.9	1.458
K717152	Rotkappe gedünstet	Orange birch bolete stewed	199	48	1.099	0.194	4.6	0.746	3.061	0
V311200	Fasan Fleisch, mit Haut, tiefgefroren	Pheasant meat, with skin, deep-frozen	646	154	6.55	2.13	0	0	23.75	0.08
V990100	Geflügel Frikadelle, roh	Poultry patty, raw	442	105	3.2	0.685	4	0.6	14.8	1.26
X434343	Schwemmklößchen, Suppeneinlage	"Schwemmklößchen" small dumplings as soup garnish	688	164	6.88	3.59	18.03	1.92	6.84	0.35
B491100	Dinkelvollkornbrötchen mit Kürbiskernen	Wholemeal spelt roll with pumpkin seeds	1259	299	6.02	1.308	45	1.6	12	1.362
B314100	Weizentoastbrot mit Roggen	Wheat toast with rye	1112	263	3.35	1.14	48	1.6	8.38	1.238
B723200	Laugengebäck mit Kürbiskernen	Lye pastry (pretzels) with pumpkin seeds	1169	277	3.56	1.08	50	1.4	9.1	1.288
B276500	Roggenmischbrot mit Sonnenblumenkernen	Rye-wheat bread (> 50 % and < 90 % rye) with sunflower seeds	997	236	3.11	0.32	41	0.847	7.52	1.178
X9A2060	Porridge gesüßt, mit Milch 3,5 % Fett	Porridge sweetened, with milk 3.5 % fat	593	141	4.74	2.437	17.4	7.1	6.1	0.105
K718400	Steinpilz getrocknet	Porcini mushroom dried	1124	270	2.332	0.414	19.06	3.09	31.479	0.088
B8A8000	Toastbrot glutenfrei	Toast gluten-free	934	221	4.023	0.3	44	3.97	1.643	1.095
Y410012	Hammelfilet gebraten	Mutton fillet fried	1141	274	19.051	6.95	0	0	25.64	0.752
C526000	Polenta (Maisgrieß mit Wasser, Fett und Salz) gekocht	Polenta (Maize semolina prepared with water, fat and salt) boiled	476	114	6	0.7	12.37	0.274	1.705	0.388
G311200	Blumenkohl tiefgefroren	Cauliflower deep-frozen	137	33	0.311	0.047	5.62	2.28	1.3	0.03
B8A4000	Sauerteigbrot glutenfrei	Sourdough bread gluten-free	760	180	1.6	0.22	34.4	1	5.2	1.005
R924000	Mokkasahne für Gebäck/Torten	Mocha cream for pastry/tortes	1226	296	25.6	13.6	12.7	12.6	3.5	0.085
X472143	Vanille-Milchsuppe gebunden mit Grieß	Vanilla-milk soup thickened with semolina	359	85	3.34	2.1	10	7.57	3.72	0.105
Y840412	Himbeerkompott zuckerreduziert	Raspberry compote sugar-reduced	234	56	0.259	0.009	9	9	0.9	0.002
G761032	Zuckererbse gekocht	Sugar pea boiled	169	40	0.4	0	5	3.7	3.3	0.002
M2N1400	Sahnejoghurt mind. 10 % Fett, mit Vanillezubereitung, gesüßt	Yogurt min. 10 % fat, with vanilla preparation, sweetened	583	140	8.305	5.458	12.9	12	2.7	0.098
B561300	Dinkelbrötchen mit Ölsamen	Spelt roll with oilseeds	1283	304	5.3	1.15	50	1.2	11.3	1.362
U632072	Schwein Kamm, mariniert, gegrillt	Pork neck, marinated, grilled	1088	262	18.76	5.07	0.16	0.15	22.87	1.2
D4A4000	Kürbis-Mandel-Kuchen (Biskuitmasse)	Pumpkin almond cake (sponge cake)	1153	276	13.61	1.52	27	22.17	9.25	0.102
U211200	Rind Filet/Lende, tiefgefroren	Beef fillet (tenderloin) deep-frozen	508	121	4	1.802	0	0	21.2	0.1
X9A2070	Porridge gesüßt, mit Milch 3,5 % Fett und Kakaopulver	Porridge sweetened, with milk 3.5 % fat and cocoa powder	595	142	4.76	2.453	17.4	7.04	6.16	0.11
X359912	Italian Dressing	Italian dressing	2251	547	59.4	7.2	0.5	0.5	0.075	1.558
V402182	Baby-Pute Fleisch, mit Haut, gebraten ohne Fett (Pfanne)	Young turkey meat, with skin, fried without fat (pan)	867	207	9.431	2.409	0	0	30.489	0.195
N412900	Cappuccino (Getränk) aus gesüßtem Instantpulver	Cappuccino (infusion) made from sweetened instant powder	130	31	0.838	0.815	4.65	3.953	0.795	0.135
B406800	Vollkornbrötchen mit Nüssen	Wholemeal roll with nuts	1271	302	6.77	1.177	45	1.4	10.1	1.35
Y231022	Kalbsschnitzel mehliert, gebraten	Veal schnitzel floured, fried	546	129	2.3	0.43	2.5	0.383	23.94	0.582
N270000	Grapefruitsaftschorle	Grapefruit juice spritzer	78	18	0.05	0.011	3.653	3.653	0.265	0.005
D281100	Kirschtorte (Mürbeteig und Rührmasse)	Cherry torte (shortcrust pastry and cake batter)	1492	356	17.81	9.66	41.9	21.15	6.02	0.135
Y637422	Heilbuttfilet pochiert (ohne Sauce)	Halibut fillet poached (without sauce)	571	136	6.21	1.321	0	0	20.079	0.328
G660162	Knollensellerie gebacken	Celeriac baked	145	35	0.388	0.078	3.26	2.483	1.824	0.228
X9A6000	Backteig ungesüßt, mit Bier, roh	Frying batter unsweetened, with beer, raw	857	204	6.35	1.09	26.52	0.261	7.2	0.388
G630132	Meerrettich gekocht	Horseradish boiled	332	79	0.284	0.046	11.055	7.815	5.566	0.02
M8A5000	Speisequarkzubereitung mind. 20 % Fett i. Tr., mit Kräutern	Quark preparation min. 20 % fat in dry matter, with herbs	394	94	4.08	2.182	3.55	3.53	10.09	0.895
Y880050	Quarkspeise einfach, mit Erdbeeren	Quark dish simple, with strawberries	345	82	1.24	0.75	10.63	10.62	6.23	0.065
Q590100	Käsealternative, Basis Pflanzenfett, vegan, angereichert mit Vitamin B12 und Calcium	Plant-based cheese alternative, vegetable fat based, vegan, fortified with vitamin B12 and calcium	1217	293	23.043	20.2	21.168	0	0.156	2.152
B107300	Vollkornbrot mit Buttermilch	Wholemeal bread with buttermilk	893	212	1.06	0.16	38	1.27	7.47	1.208
E438000	Eier-Frischteigwaren roh	Fresh egg pasta raw	1255	297	3.8	0.76	51.8	0.428	12.05	1.002
D611000	Maiskekse glutenfrei	Maize biscuits gluten-free	1865	445	19.395	11.739	60.945	23.926	4.38	0.088
T813900	Thunfisch in Tomatensauce, Konserve	Tuna in tomato sauce, canned	530	126	5.6	0.48	6.6	5.2	11.9	0.998
V212162	Hirsch Fleisch, gebraten ohne Fett (Ofen)	Venison meat, fried without fat (oven)	635	150	3.929	1.491	0	0	28.779	0.198
F900900	Rote Grütze gezuckert, Konserve	Red fruit jelly sugared, canned	472	111	0.2	0.026	25.4	22	0.6	0.005
X420163	Rinderkraftbrühe mit Tapioka (Sago)	Beef consomme with tapioka (sago)	47	11	0.2	0	1.897	0	0.4	0.61
B426700	Roggenvollkornbrötchen mit Kürbiskernen	Wholemeal rye roll with pumpkin seeds	1130	269	5.22	1.22	40	1.196	8.92	1.32
B491200	Dinkelvollkornbrötchen mit Nüssen	Wholemeal spelt roll with nuts	1283	305	7.21	1.205	45	1.7	10.9	1.36
S538000	Milchschokolade mit Erdnüssen	Milk chocolate with peanuts	2213	530	30.7	15.8	53.4	50.8	8.4	0.15
W149100	Lammfleisch-Salami	Lamb salami	1536	371	31.75	11.9	0	0	21.22	3.8
Y840443	Himbeerkompott	Raspberry compote	296	70	0.248	0.008	12.9	12.9	0.8	0.002
B314200	Mehrkorntoastbrot mit Ölsamen	Multigrain toast	1189	282	5.6	1.31	46	1.7	9.58	1.105
K709152	Hallimasch gedünstet	Dark honey mushroom stewed	220	53	0.958	0.167	4.2	0.3	4.466	0.146
D753200	Kokosschnitten (Rührmasse)	Coconut square (cake batter)	1969	473	32.68	23.77	36.1	21.4	6.81	0.48
Y184412	Rinderfilet gebraten im Ofen (mit Fett und Salz)	Beef fillet fried in oven (with fat and salt)	663	158	6.245	1.86	0	0	25.401	0.528
T411700	Lachs gesalzen	Salmon salted	863	207	13.145	2.814	0	0	22.127	2.995
B121200	Roggenvollkornbrot mit Nüssen	Wholemeal rye bread with nuts	899	214	3.91	0.4	33	1.084	5.98	1.092
U861142	Schaf Bug/Schulter, mager, geschmort ohne Fett	Sheep shoulder, lean, braised without fat	809	193	8.45	2.9	0	0	29.2	0.165
X9A6040	Hefeteig, gesalzen, mit Milch 3,5 % Fett, roh	Yeast dough, salted, with milk 3.5 % fat, raw	1463	348	12.81	7.44	48	1.54	8.5	0.33
T213182	Alaska-Pollack/Alaska-Seelachs, gebraten ohne Fett (Pfanne)	Alaska pollock fried without fat (pan)	282	67	0.92	0.167	0	0	14.6	0.29
W221100	Bratwurst-Grundbrät	Bratwurst sausage meat	1106	267	24.1	8.51	0.09	0	12.47	1.907
X951312	Hirse gedünstet (mit Fett und Salz)	Millet stewed (with fat and salt)	683	162	4.78	0.48	24.8	0.213	4.37	0.22
T122200	Weißer Thun tiefgefroren	Albacore deep-frozen	513	121	1.37	0.24	0	0	27.2	0.194
U235162	Rind Hochrippe, gebraten ohne Fett (Ofen)	Beef forerib/prime rib, fried without fat (oven)	856	204	9.612	4.316	0	0	29.445	0.162
B6A2500	Roggenvollkornknäckebrot mit Gerstenmalz	Wholemeal rye crispbread with barley malt	1400	332	1.33	0.146	60.6	4.5	9.3	1.238
Y241033	Kalbsgulasch	Veal goulash	441	105	4.2	0.54	1.3	0.7	15.3	0.76
D9A2400	Stollen (Vollkornhefeteig)	Wholemeal yeast stollen	1580	378	18.2	6.7	43	22.8	6.9	0.54
G620600	Gemüsesaft aus Karotte/Möhre	Carrot juice	94	22	0.32	0.074	3.717	3.636	0.63	0.091
Y238023	Kalbsrücken gebraten im Ofen	Veal loin fried in oven	634	151	4.83	1.25	0.01	0	26.76	0.585
T204172	Dorsch/Kabeljau, gegrillt	Cod grilled	447	106	1.1	0.25	0	0	23.9	0.248
H210710	Mandel süß, geröstet mit Fett, gesalzen	Sweet almond roasted with fat, salted	2302	557	48.643	5	3.75	3.522	21.216	0.832
D733500	Schwarz-Weiß-Gebäck (Mürbeteig)	Black-and-white chequerboard biscuits (shortcrust pastry)	1930	460	19.82	12.17	62.2	30.63	6.78	0.22
S342000	Fruchtgummi zuckerfrei	Fruit gum sugar-free	921	220	0	0.003	77	0.095	7.7	0.038
P285100	Weißwein-Schorle, süß, mit Zitronenlimonade	White wine spritzer with carbonated lemonade	214	51	0	0	4.7	4.7	0.051	0.012
W164100	Schinkenwurst Krakauer Art (Rohwurst)	Ham bologna Krakow style raw	1219	293	21.75	8.18	0.18	0	24.13	3.8
B717000	Hirsebrot glutenfrei	Millet bread gluten-free	966	229	4.7	0.6	37.2	1	7.4	1.07
B491000	Dinkelvollkornbrötchen	Wholemeal spelt roll	1202	285	3.63	0.937	48	1.6	10.8	1.47
F130152	Birne gedünstet	Pear stewed	252	60	0.299	0.04	13.56	10.38	0.309	0.002
Y661012	Barsch Müllerinart (mehliert, gebraten)	Perch floured, fried	409	97	1.3	0.14	2.83	0.439	17.6	0.342
S135000	Marmelade (hergestellt aus Zitrusfrüchten)	Marmalade	1021	240	0.1	0.014	57.8	57.8	0.5	0.01
X987712	Grünkern gekocht (mit Fett und Salz)	Green spelt boiled (with fat and salt)	837	199	4.8	0.44	30.22	1.268	5.65	0.371
D461700	Butterkuchen/Zuckerkuchen (Hefeteig)	German butter cake (yeast dough)	1794	429	21.09	10.13	49	17.56	8.96	0.078
G570182	Zuckermais gebraten ohne Fett (Pfanne)	Sweetcorn fried without fat (pan)	323	77	1.414	0.189	10.8	3.91	3.77	0.005
Y847750	Heidelbeeren gezuckert	Blueberries sugared	346	82	0.562	0.052	15.35	15.35	0.5	0.005
D655100	Feiner Honigkuchen	Fine gingerbread cake	1421	337	6.7	0.75	59.9	36.4	7.48	0.088
X5A9040	Rote-Bete-Gemüse gedünstet	Beetroot stewed	244	59	3.4	0.3	4.85	4.85	1.34	0.315
W153100	Mettwurst luftgetrocknet, energiereduziert	Mettwurst sausage firm air dried, reduced-fat	912	218	12.47	4.45	0	0	26.45	3.8
Y211022	Kalbsfilet gebraten im Ofen	Veal fillet fried in oven	636	151	3.98	0.86	0.02	0	28.7	0.605
S694000	Trockenfrüchte mit Vollmilchschokoladenüberzug	Whole milk chocolate covered dried fruits	1784	426	17.8	10.5	58.8	57.9	4.5	0.12
D610100	Russisch-Brot (Eiklarmasse)	Russian bread letter-shaped biscuits (meringue)	1624	383	0.92	0.35	82.4	49.052	9.7	0.298
B121300	Roggenvollkornbrot mit Ölsamen	Wholemeal rye bread with oilseeds	871	207	2.9	0.39	33	1.015	6.44	1.095
Y311112	Schweinefilet geschmort, mit Sauce	Pork fillet braised, with sauce	500	120	6.7	1	0.83	0.82	13.8	0.372
Y497113	Lammkeule gebraten im Ofen provenzalische Art, mit Sauce	Leg of lamb fried in oven Provencal style, with sauce	753	180	9.44	2.85	0.02	0.02	23.55	0.668
Y182912	Gulasch einfach (mit Rindfleisch)	Beef goulash simple	556	133	7.5	1.8	3	0.7	13.2	0.688
T020172	Tintenfisch gegrillt	Common cuttlefish grilled	454	107	1.46	0.44	0	0	23.549	1.445
B526500	Roggenbrötchen mit Sonnenblumenkernen	Rye roll with sunflower seeds	1184	281	5.3	1.05	45	0.952	9.09	1.315
D621200	Waffelkekse	Waffle biscuits	1235	295	13.02	6.21	37.9	18.5	5.44	0.07
U672800	Schwein Vordereisbein/Vorderhaxe, Kochpökelware	Pork foreshank (hock) cooked cured	646	155	8.2	2.598	0.439	0.439	19.74	1.8
V486172	Pute Brust, ohne Haut, gegrillt	Turkey breast, without skin, grilled	587	139	1.303	0.474	0	0	31.711	0.135
T501400	Karpfen gesalzen	Carp salted	569	136	6.12	1.6	0	0	20.147	2.205
G486182	Frühlingszwiebel/Lauchzwiebel (ohne Laub) gebraten ohne Fett (Pfanne)	Spring onion, bulb only, fried without fat (pan)	217	51	0.238	0.04	9.5	9.5	1.4	0.052
T206152	Schellfisch gedünstet	Haddock stewed	301	71	0.59	0.102	0	0	16.4	0.185
B121600	Roggenvollkornbrot mit Quark	Wholemeal rye bread with quark	808	192	0.84	0.13	34	1.2	6.2	1.145
C335032	Amaranth gekocht	Amaranth boiled	503	119	1.79	0.43	19.88	0.414	4.48	0.001
Y5A3000	Hühnerleber gebraten	Chicken liver fried	626	149	6.39	1.49	2.77	1.32	19.97	0.72
S570800	Bitterschokolade gefüllt mit Pfefferminzcreme	Dark chocolate filled with peppermint cream	2098	504	24.8	14.99	52.1	30.8	5.46	0.012
D655200	Ostpreußischer Honigkuchen	East-Prussian gingerbread cake	1709	406	10.88	6.41	69.14	35.752	6.44	0.092
B227300	Roggenbrot mit Buttermilch	Rye bread with buttermilk	883	209	0.82	0.12	40	1.32	5.9	1.192
G350162	Romanesco gebacken	Romanesco broccoli baked	209	50	0.394	0.059	7.52	3.05	3.414	0.042
X9A2050	Polenta (Maisbrei mit Wasser, Rapsöl und Salz) gekocht	Polenta (maize porridge prepared with water, rapeseed oil and salt) boiled	477	114	6.035	0.46	12.351	0.274	1.703	0.432
B8B6000	Dinkelknusperbrot	Spelt crackerbread	1669	395	5.7	2.16	69.3	0.5	13.34	0.78
U931900	Corned Beef, deutsches, mit Schweineschwarten Konserve	German corned beef, with pork rind, canned	669	159	6.4	2.5	0.29	0	25.1	2.2
C415000	Mehlmischung für Brot glutenfrei	Flour mix for bread gluten-free	1449	342	0.7	0.107	78.2	2.7	4.1	0.39
T420252	Forelle tiefgefroren, gedünstet	Trout deep-frozen, stewed	496	118	5.048	0.844	0	0	17.768	0.278
H730132	Linse reif, gekocht	Lentil mature, boiled	502	119	0.7	0.1	15.5	0.5	9.083	0.001
X081943	Käsebrot überbacken ("Welsh rarebit")	Cheese toast baked "Welsh rarebit"	1331	319	17.69	9	18.64	0.69	19.2	1.835
S132100	Konfitüre extra, mit Fruchtzucker und Süßungsmitteln	Jam extra quality, with fructose and artificial sweeteners	666	157	0.2	0.016	36.9	36.9	0.4	0.022
X441043	Grundsuppe hell	Basic soup light-coloured	163	39	2.6	1.7	3.13	0.6	0.7	0.808
D4A8300	Marmorkuchen mit Kirschen (Rührmasse)	Marble cake (cake batter) with cherries	1195	286	14.79	8.74	31.6	14.37	5.51	0.258
G480600	Gemüsesaft aus Speisezwiebel	Onion juice	107	25	0.12	0.02	4.81	4.81	0.983	0.02
X081143	Toastschnitten mit Schinkencreme, gebacken	Toast squares with creamed ham, baked	878	210	11.52	7.098	15.46	3.56	10.01	1.29
X8A1100	Sushi-Reis (Grundrezept)	Sushi rice (ground recipe)	442	104	0.18	0.037	22.7	0.44	2.306	0.102
R913000	Wasabi-Paste Konserve	Wasabi paste canned	394	94	2.23	0.19	10.189	7.203	5.4	4.805
X9A1050	Hirsebratlinge gebraten	Millet patties fried	798	192	12	2.2	13.4	0.72	6.6	0.57
Y847650	Erdbeeren gezuckert	Strawberries sugared	217	51	0.385	0.03	9.505	9.447	0.789	0.002
Y890342	Kaiserschmarren (mit Milch 3,5 % Fett) gebraten	"Kaiserschmarren" fried (thick pancake with milk 3.5 % fat, cut into pieces)	1046	250	13.2	2.3	23.4	7.4	8.1	0.185
U204000	Rind Fleisch, grob entsehnt, sichtbarer Fettanteil max. 10 % (R III) roh	Beef meat, tendons coarsly removed, visible fat content max. 10 % (R III) raw	792	190	12.25	5.509	0	0	19.93	0.15
F323600	Johannisbeersaft schwarz	Black currant juice	235	55	0.176	0.021	10.01	10.01	1.238	0.002
S461000	Nonpareille	Nonpareil	1642	388	0.024	0.003	91.4	55.2	0.129	0.008
U342172	Kalb Schnitzel (Keule) gegrillt	Veal schnitzel (round) grilled	490	116	0.915	0.382	0	0	26.854	0.248
X476650	Buttermilchkaltschale gesüßt	Cold buttermilk soup, sweetened	286	68	0.6	0.3	11.4	10.1	3.2	0.132
V250182	Wildschwein Fleisch, gebraten ohne Fett (Pfanne)	Wild boar meat, fried without fat (pan)	894	214	11.273	3.937	0	0	28.068	0.302
X382040	Frankfurter grüne Kräutersauce	Frankfurt green herb sauce	596	144	12.9	4.9	3.7	3.7	2.8	0.52
G542132	Gemüsepaprika gelb, gekocht	Sweet pepper yellow, boiled	118	28	0.202	0.052	4.471	4.471	0.809	0.002
S358100	Schokoladenfondant	Chocolate fondant	1612	383	10.6	4.96	69	56	1.8	0.032
D1A2300	Rhabarber-Streuselkuchen (Mürbeteig)	Rhubarb crumble cake (shortcrust pastry)	1087	260	11.74	7.24	32.6	13.086	3.77	0.155
D772100	Schinkenhörnchen (Quarkblätterteig)	Ham crescent (puff pastry)	1817	437	32.62	19.99	23.15	0.97	11.62	0.685
W164000	Schinkenwurst roh	Ham bologna raw	1600	386	33.11	12.5	0.18	0	21.84	3.5
X357160	Meerrettichschaum	Horseradish mousse	722	174	15.6	8.3	4.8	4.3	3.21	0.35
D432200	Eiserkuchen (Rührmasse)	Hollow wafer sticks (cake batter)	1224	292	11.74	7.09	40.56	24.78	5.33	0.105
M8A4000	Speisequarkzubereitung mind. 10 % Fett i. Tr., mit Kräutern	Quark preparation min. 10 % fat in dry matter, with herbs	324	77	2.27	1.468	3.8	3.8	9.6	0.81
W850100	Schinkentorte	Ham pie	496	118	3.8	1.5	1	1	19.1	1.6
C514200	Knuspermüslimischung, klassisch, gesüßt	Crunchy muesli mix, classic, sweetened	1764	421	15.95	6.82	56.4	19.2	9	0.53
B6A1300	Weizenvollkornknäckebrot mit Ölsamen	Wholemeal wheat crispbread with oilseeds	1808	433	20.3	2.3	40	1.4	16.4	1.8
B551500	Weizenmischbrötchen mit Sonnenblumenkernen	Wheat-rye roll (> 50 % and < 90 % wheat) with sunflower seeds	1276	303	5.25	1.06	51	1.9	9.6	1.355
X850123	Risotto gedünstet mit Gemüsebrühe	Risotto stewed with vegetable stock	647	153	4.1	0.4	25.8	0.98	2.87	0.442
X425363	Rinderkraftbrühe mit Gemüse	Beef consomme with vegetables	96	23	1.5	0.837	1.2	1	0.9	0.57
B256000	Weizenmischbrot mit Ölsamen	Wheat-rye bread (> 50 % and < 90 % wheat) with oilseeds	997	236	3.01	0.37	41	0.626	7.98	1.15
Y341023	Gulasch (mit Schweinefleisch)	Pork goulash	629	150	8.3	1.5	0.6	0.6	18.2	0.538
T720132	Languste gekocht	Spiny lobster/rock lobster/crawfish, boiled	321	76	1.358	0.16	0	0	15.926	0.478
X568043	Teltower Rübchen gedünstet, mit Sahne	Turnips "Teltower Rübchen" stewed, with cream	318	77	5	1.5	5.81	4.74	0.95	0.395
M2Q4220	Milchmischgetränk 1,5 % Fett, mit Kakao/Schokolade, gesüßt, angereichert mit Vitaminen	Milk drink 1.5 % fat, with cocoa/chocolate, sweetened, fortified with vitamins	267	63	1.6	1	8.4	8.34	3.61	0.095
K706152	Butterpilz gedünstet	Brown-yellow boletus (slippery jack) stewed	184	44	0.507	0.09	4.6	0.746	3.589	0.02
C317032	Grünkern Grütze, gekocht	Green spelt groats, boiled	386	92	0.74	0.11	16.44	0.69	3.08	0.001
Y260912	Kalbsbraten ohne Sauce	Veal roast without sauce	480	114	2.2	0.34	1.6	1.6	21.5	0.53
X513263	Steinpilze gebraten mit Tomaten	Porcini mushrooms fried with tomatoes	262	63	1.74	0.16	4.27	1.67	5.25	0.278
D440500	Nusskuchen (Sandmasse)	Nut cake (sand cake batter)	2085	500	31.79	14.78	45.4	27.4	6.84	0.165
Y8A4090	Schokoladenflammeri/Schokoladenpudding	Chocolate pudding	529	126	4.04	2.11	18.3	12.08	3.88	0.14
H765082	Sojaschnetzel/Sojagranulat, texturiert, eingeweicht, gebraten ohne Fett (Pfanne)	Plant-based mince, made from texturised soya protein, plain, soaked, fried without fat (pan)	417	99	1.8	0.28	3.96	3.96	14.17	0.006
X890662	Pilaw (Reis mit Zwiebeln und Butter)	Pilaf (rice with onions and butter)	702	167	4.7	3	27.4	1.39	3.14	0.548
G520600	Gemüsesaft aus Gurke	Cucumber juice	52	12	0.16	0.053	1.57	1.57	0.903	0.008
B276000	Roggenmischbrot mit Ölsamen	Rye-wheat bread (> 50 % and < 90 % rye) with oilseeds	995	236	2.99	0.36	41	0.764	7.52	1.182
C240132	Emmer ganzes Korn, gekocht	Emmer wheat whole grain, boiled	770	182	1.18	0.13	33.77	0.595	6.99	0.001
D470200	Nusskranz (Quark-Öl-Teig)	Nut ring cake (quark oil dough)	1692	405	21.25	2.1	42.1	20.09	9.6	0.53
G520132	Gurke gekocht	Cucumber boiled	70	17	0.205	0.068	2.01	2.01	1.086	0.008
D7A5600	Schokobrötchen (Hefeteig)	Roll with chocolate chips (yeast dough)	1554	370	14.33	8.56	50	15.5	8.31	0.278
Y991143	Vanillesahneeis	Vanilla cream ice cream	1212	292	25.06	12.7	13.04	13.04	3.6	0.088
P1A3000	Colabier (Pilsner Bier mit Cola)	Pilsner beer mixed with cola	167	40	0	0	6.259	5.204	0.211	0.002
U950200	Schweinebraten (Pulled Pork) Konserve	Pork roast, canned	827	197	7.6	2.36	5	2.9	26.8	1.968
Y610610	Matjes mit Zwiebeln	Matjes herring with onions	708	170	12.01	2.18	0.29	0.29	14	8.24
U623172	Schwein Kotelett (Rücken/cranial) mariniert, gegrillt	Pork loin (cranial part) marinated, grilled	1076	258	17.59	4.27	0.16	0.15	24.66	1.2
B6A1400	Weizenvollkornknäckebrot mit Ölsamen und Hartkäse	Wholemeal wheat crispbread with oilseeds and hard cheese	1849	442	20.8	4.9	39	1.1	19.3	1.845
D6A1000	Basler Leckerli	Basler Leckerli (hard spice biscuit)	1618	383	6.9	0.6	72.3	51.7	6.15	0.168
B291000	Mehrkornbrot mit Ölsamen	Multigrain bread	1044	248	3.62	0.48	42	0.779	7.94	1.138
X435163	Käse-Grießnockerl	Cheese-semolina dumplings	1583	381	26.89	16.2	20.08	0.549	13.75	0.972
U281142	Rind Keule, geschmort ohne Fett	Beef round, braised without fat	790	188	8.2	2.577	0	0	28.6	0.119
B723100	Laugengebäck (Hagelsalz entfernt)	Pretzel (visible salt removed)	1194	283	4.145	0.98	50	1.4	9.203	2.094
U733182	Schaf Filetsteak, gebraten ohne Fett (Pfanne)	Sheep fillet steak, fried without fat (pan)	661	156	3.44	1.56	0	0	31.38	0.151
N210000	Fruchtsaftgetränk Apfel	Fruit juice beverage apple	141	33	0	0	8.174	7.874	0.029	0.01
U867162	Lamm Bug/Schulter, gebraten ohne Fett (Ofen)	Lamb shoulder, fried without fat (oven)	651	155	5.257	1.803	0	0	26.871	0.212
D036000	Butterzwieback	Butter rusk	1775	421	9.51	5.49	68	8.38	13.21	0.715
X3A5000	Schokoladensauce mit Kuvertüre und Sahne	Chocolate sauce with couverture and cream	1318	317	22.44	12.65	24.3	23.3	3.05	0.042
Y672713	Hecht gefüllt, gebacken	Pike filled, baked	437	104	2.6	0.3	1	0	19	0.495
W112300	Braunschweiger Mettwurst, fettreduziert	Braunschweiger Mettwurst sausage spreadable, reduced-fat	848	203	12.95	4.75	0.12	0	21.54	2.5
Y141423	Gulasch Esterhazy (mit Rindfleisch)	Beef goulash "Esterhazy"	564	135	8.2	2	2.5	2.2	12.04	0.2
X9A2020	Hirsebrei ungesüßt, mit Mandeldrink	Millet porridge unsweetened, with almond drink	387	92	1.9	0.22	15.12	0.236	3.11	0.083
W221000	Rheinische Bratwurst	Rhenish bratwurst	889	215	18.96	6.64	0.08	0	10.92	1.922
B106700	Vollkornbrot mit Kürbiskernen	Wholemeal bread with pumpkin seeds	974	231	3.23	0.489	37	0.846	8.54	1.15
C111032	Weizen ganzes Korn, gekocht	Wheat whole grain, boiled	744	176	0.927	0.156	31.6	0.56	6.838	0.01
Y6A1000	Heringsfilet mehliert, gebraten	Herring fillet floured, fried	788	188	10.37	2.32	5.19	0.019	18.4	0.61
D471700	Quarktaschen (Quark-Öl-Teig)	Turnover (quark oil dough) filled with quark	1295	308	11.4	1.2	41.1	17.8	9	0.358
S539000	Vollmilchschokolade gefüllt mit Mokka-/Kaffeecreme	Whole milk chocolate filled with mocha/coffee cream	2244	538	33.6	20.8	51.1	50.7	6.7	0.205
B723400	Laugengebäck mit Sonnenblumenkernen	Lye pastry (pretzels) with sunflower seeds	1168	276	3.58	1.03	50	1.4	9	1.285
X536053	Rosenkohl gedünstet (mit Fett und Salz)	Brussels sprouts stewed (with fat and salt)	268	64	4	0.3	1.87	1.37	3.35	0.282
D9A4900	Vollkorncroissant (Plunderteig)	Wholemeal Danish pastry croissant	1747	419	24.02	13.569	39	7.4	8.5	0.872
V475142	Gans Schenkel, mit Haut, geschmort ohne Fett	Goose leg, with skin, braised without fat	814	195	11.618	3.269	0	0	22.57	0.108
U010100	Rind Hackfleisch, roh	Beef mince, raw	931	224	16.39	7.395	0	0	19.102	0.145
X361163	Vanillesauce	Vanilla sauce	497	118	4.61	2.4	15.16	11.34	4	0.088
X821112	Reis unpoliert, gedünstet (mit Fett und Salz)	Brown rice stewed (with fat and salt)	710	169	6.193	0.54	24.78	0.52	2.851	0.102
G450162	Spargel gebacken	Asparagus baked	140	33	0.184	0.033	4.69	4.47	2.306	0.006
P288100	Erdbeerbowle	Strawberry punch	278	67	0.086	0.007	3.56	3.54	0.227	0.005
D752100	Rosinen-Mandel-Schnecken (Hefeteig)	Danish swirl (yeast dough) with raisins and almonds	1554	370	15	8.1	49	19.1	7.7	0.092
Y384112	Gyros (Schweinefleisch) gebraten	Gyros (pork) fried	961	230	14.48	4.32	0.5	0.5	24.35	0.515
D741400	Buchteln (Hefeteig)	"Buchteln" baked yeast buns	1390	331	12.46	7.54	46	8.5	7.32	0.075
V414162	Hähnchen ganz, entbeint, mit Haut, gebraten ohne Fett (Ofen)	Chicken whole, boneless, with skin, fried without fat (oven)	869	208	12.37	3.01	0	0	24.17	0.174
Y825043	Schokoladenauflauf	Chocolate casserole	1218	292	16.81	8.17	27.2	18.78	7.1	0.135
D755300	Mandelhörnchen (Rührmasse)	Almond crescent roll (cake batter)	1438	344	19.06	8.81	34.2	16.278	7.82	0.288
C557000	Fleischersatz gluten-, milch- und sojahaltig	Meat substitute containing gluten, milk and soya	540	128	2.7	0.3	8.7	5.4	17	0.75
V997100	Hähnchenbrustfilet im eigenen Saft, Konserve	Chicken breast fillet in its own juice, canned	495	117	1.91	0.44	0.29	0	24.65	1.5
X490153	Rhabarberkaltschale gebunden mit Stärke	Cold rhubarb soup thickened with starch	175	41	0.07	0.014	8.556	7.819	0.299	0.008
D032000	Nährzwieback	Fortified rusk	1777	421	9.52	5.34	69	11.55	12.82	1.24
D7A2300	Schokoladenbrezeln (Mürbeteig)	Chocolate pretzels (shortcrust pastry)	2014	482	26.44	16.16	50.6	23.5	7.88	0.398
C113032	Weizen Flocken, gekocht	Wheat flakes, boiled	237	56	0.31	0.052	10.02	0.179	2.168	0.002
U362200	Kalb Roulade (Keule) tiefgefroren	Veal meat for olives (round) deep-frozen	379	89	0.72	0.301	0	0	20.7	0.215
X545612	Spargel gekocht (mit Fett und Salz)	Asparagus boiled (with fat and salt)	297	72	4.88	0.37	4.11	3.93	2.013	0.505
B710800	Dinkelbrot mit Ölsamen	Spelt bread with oilseeds	1040	246	3.97	0.74	41	0.415	9.14	1.138
D024000	Dinkelzwieback ungesüßt	Spelt rusk unsweetened	1730	410	7.17	0.7	69	0.523	13.77	0.932
Y650412	Karpfen blau (im Essigsud pochiert)	Carp poached in stock with vinegar	404	96	4.2	1.107	0.206	0.203	13.744	0.165
X351040	Essigmarinade für Salat	Vinegar marinade for salad	1644	399	43.4	3.12	0.34	0.3	0.09	0.825
S243000	Speiseeis (Schoko, Vanille) gemischt	Ice cream mixed (chocolate, vanilla)	892	213	10.32	5.893	25.94	21.62	3	0.098
C222032	Roggen Backschrot, Type 1800, gekocht	Rye coarse meal, Type 1800, boiled	200	47	0.21	0.02	8.43	0.278	1.4	0
B255700	Weizenmischbrot mit Kümmel	Wheat-rye bread (> 50 % and < 90 % wheat) with caraway seeds	932	220	0.84	0.1	43	0.563	7.03	1.2
V481162	Pute Fleisch, ohne Haut, gebraten ohne Fett (Ofen)	Turkey meat, without skin, fried without fat (oven)	618	146	2.9	0.83	0	0	30.067	0.248
D610700	Wespennester (Eiklarmasse)	"Wasp nests" almond meringue	1950	466	23.62	5.15	49.69	49.09	11	0.085
Y576312	Entenbrust gebraten im Ofen (mit Fett und Salz)	Duck breast fried in oven (with fat and salt)	1527	368	28.09	3.73	0.03	0	28.68	0.605
G480200	Speisezwiebel tiefgefroren	Onion deep-frozen	158	37	0.167	0.028	6.68	6.68	1.284	0.025
S582300	Milchschokolade mit Mandel-Nougat	Milk chocolate with almond-nougat	2166	519	28.95	16.94	56.44	55.331	6.52	0.17
B551300	Weizenmischbrötchen mit Ölsamen	Wheat-rye roll (> 50 % and < 90 % wheat) with oilseeds	1240	294	3.96	0.99	52	1.7	9.2	1.408
X891412	Wildreismischung gedünstet (mit Fett und Salz)	Wild rice mix stewed (with fat and salt)	716	170	5.61	0.43	24.78	0.52	4.438	0.105
D730800	Teegebäck (Mürbeteig)	Tea biscuits (shortcrust pastry)	1992	476	23.68	14.52	56.8	18.222	7.51	0.295
X533042	Chinakohl gedünstet, mit geriebenem Käse	Chinese white cabbage stewed, with grated cheese	234	56	4.32	0.53	1.4	1.25	2.1	0.338
D9B1000	Butterkekse/Butterplätzchen, kakaohaltig (Vollkornmürbeteig)	Wholemeal shortbread biscuits, containing cocoa	2175	522	30.9	19.355	49.4	20.857	7.79	0.162
G485082	Schalotte gebraten ohne Fett (Pfanne)	Shallot fried without fat (pan)	223	53	0.2	0.026	5.1	5.1	3.2	0.042
V489000	Pute Brust, ohne Haut, mariniert, roh	Turkey breast, without skin, marinated, raw	533	127	3.6	0.52	1.66	1.61	21.76	0.965
S625000	Trüffel-Pralinen	Truffle pralines	2273	547	37.77	23.15	40	32.6	7.12	0.02
U642300	Schwein Bauch (wie gewachsen) mariniert, roh	Pork belly (untrimmed) marinated	1403	339	30.32	9.46	0.11	0.1	16.29	1
S551200	Sahneschokolade gefüllt mit Karamell	Cream chocolate filled with caramel	2258	541	30.99	19.11	57.2	52.3	5.03	0.268
U575162	Schwein Bratenfleisch (Nuss) gebraten ohne Fett (Ofen)	Pork meat for roasting (thick flank) fried without fat (oven)	605	143	2.78	0.83	0	0	29.54	0.159
E612100	Eierteigwaren glutenfrei, roh	Egg pasta gluten-free, raw	1564	369	3.599	0.874	74.7	0.47	8.06	0.128
Y336132	Fleischspieße (Kalb- und Schweinefleisch) gegrillt	Meat skewer (veal and pork) grilled	503	120	6.02	1.56	3.17	3.08	12.69	0.312
X363143	Karamellsauce	Caramel sauce	581	138	4.17	2.09	21.54	19.53	3.5	0.078
M206300	Milchmischgetränk 3,5 % Fett, mit Kakao/Schokolade, gesüßt	Milk drink 3.5 % fat, with cocoa/chocolate, sweetened	325	78	3.5	2.3	7.6	7.55	3.7	0.095
G486142	Frühlingszwiebel/Lauchzwiebel (ohne Laub) geschmort ohne Fett	Spring onion, bulb only, braised without fat	171	41	0.186	0.03	7.49	7.49	1.1	0.04
C522000	Getreideflakes gesüßt	Cereal flakes sweetened	1475	348	1.6	0.29	70.2	12.1	9.7	0.835
T209132	Seehecht pochiert	Hake poached	285	68	1.59	0.28	0	0	13.299	0.23
Y710142	Spiegelei gebraten	Fried egg	870	210	17.193	3.11	0.353	0.353	13.419	0.962
B121500	Roggenvollkornbrot mit Buttermilch	Wholemeal rye bread with buttermilk	802	190	0.88	0.16	34	1.41	5.77	1.148
X492343	Pflaumensuppe passiert	Plum puree soup, strained	305	72	0.165	0.022	16.6	14.06	0.29	0.002
R124000	Kräuteressig	Herb vinegar	116	27	0	0	0.003	0.003	0	0.982
Y7A2040	Schafskäse (Feta) mit Tomaten und Oliven gebacken	Sheep's milk cheese baked with tomatoes and olives	863	208	17.9	9.23	1.71	1.68	9.1	1.542
U025100	Schwein Frikadelle, roh	Pork patty, raw	853	205	15.04	4.962	4	0.6	13.17	1.3
G710182	Bohne grün, gebraten ohne Fett (Pfanne)	Bean green, fried without fat (pan)	135	32	0.276	0.081	3.9	2.6	2.572	0.006
S640000	Rumkugeln	Rum truffles	1660	394	6.3	5	80	63	2.89	0.12
H702132	Augenbohne reif, gekocht	Cowpea/black-eyed pea, mature, boiled	483	114	0.47	0.115	16.157	0.717	8.6	0.012
C117032	Weizen Grütze, gekocht	Wheat groats, boiled	415	98	0.41	0.05	19.15	0.295	3.71	0.001
P8A2000	Alkopops	Alcopops	276	66	0	0	8.93	8.93	0	0.002
D735300	Haselnuss-Dreispitz (Mürbeteig)	"Dreispitz" hazelnut biscuits (shortcrust pastry)	2119	507	27.82	12.02	53	24.405	9.6	0.185
W154000	Schinkenmettwurst	Schinkenmettwurst sausage firm	1805	436	39.27	14.8	0.18	0	20.47	3.5
X469460	Gazpacho (Spanische Gemüsesuppe)	"Gazpacho" (cold Spanish vegetable soup)	366	88	5.7	0.8	6	3.2	1.5	0.355
T406182	Felchen/Maräne/Renke/Schnäpel, gebraten ohne Fett (Pfanne)	Whitefishes fried without fat (pan)	558	132	3.611	0.776	0	0	24.492	0.392
W153000	Mettwurst luftgetrocknet	Mettwurst sausage firm air dried	1092	262	17.92	6.65	0	0	25.15	3.8
U783132	Schaf Kochfleisch (Brust, fett) gekocht	Sheep meat for boiling (breast, fat) boiled	1981	480	45.5	20.768	0	0	17.5	0.185
T406152	Felchen/Maräne/Renke/Schnäpel, gedünstet	Whitefishes stewed	429	102	3.021	0.649	0	0	18.199	0.37
B551600	Weizenmischbrötchen mit Kümmel und Salz	Wheat-rye roll (> 50 % and < 90 % wheat) with caraway seeds and salt	1217	288	2.69	0.84	54	1.7	8.7	2.158
T104162	Sardelle gebraten ohne Fett (Ofen)	Anchovy fried without fat (oven)	964	231	15.1	4.755	0	0	23.869	0.275
G620152	Karotte/Möhre, gedünstet	Carrot stewed	175	42	0.417	0.097	6.74	6.635	0.875	0.059
R921000	Schlagsahne gesüßt, mit Gelatine gebunden, für Gebäck/Torten	Whipped cream sweetened, with gelatine, for pastry/tortes	1294	313	29.6	15.776	7.8	7.8	3.8	0.088
Y890463	Salzburger Nockerl gebacken	"Salzburger Nockerl" baked (sweet egg dish)	952	228	12.58	6.34	19.9	16	8.4	0.262
B8A3000	Buchweizenbrot glutenfrei	Buckwheat bread gluten-free	873	208	5.1	0.57	28.6	1.6	8.9	0.998
W222600	Rostbratwurst	Rostbratwurst sausage	740	178	12.66	4.68	0.08	0	15.9	1.899
X3A7050	Mayonnaise, gestreckt mit Joghurt	Mayonnaise, diluted with yogurt	2329	566	60.9	5.42	1.26	1.26	2.5	1.215
Y692212	Fischklößchen mit Rotbarsch gegart	Small fishcakes with redfish cooked	398	95	3.73	0.864	3.564	0.263	11.6	0.645
B6A5000	Dinkelvollkornknäckebrot mit Müslizutaten, gesüßt	Wholemeal spelt criscpread with muesli ingredients, sweetened	1743	416	14.5	1.6	52	11.4	14.2	0.472
X201160	Gemischter Salat ohne Salatmarinade	Mixed salad without salad marinade	90	22	0.2	0.03	2.4	2.1	1.6	0.265
W189000	Schwarzwälder Bauernwürstle	Black forest farmer's sausage raw, small, firm	1512	365	32.31	12.2	0.1	0	18.49	3.2
U866142	Hammel Bug/Schulter, geschmort ohne Fett	Mutton shoulder, braised without fat	1550	374	31.25	14.252	0	0	23.156	0.228
C522500	Getreideflakes gesüßt, mit Nüssen, angereichert mit Vitaminen und Mineralstoffen	Cereal flakes sweetened, with nuts, fortified with vitamins and minerals	1559	370	6.93	1.21	60.9	19.4	10.8	0.778
X9A2100	Porridge ungesüßt, mit Milch 3,5 % Fett	Porridge unsweetened, with milk 3.5 % fat	562	134	4.9	2.517	15	4.25	6.29	0.108
G553182	Pfefferschote grün, gebraten ohne Fett (Pfanne)	Chilli pepper green, fried without fat (pan)	290	69	0.3	0.032	11.67	11.04	3.4	0.03
V484142	Pute Fleisch, mit Haut, geschmort ohne Fett	Turkey meat, with skin, braised without fat	721	172	7.286	1.862	0	0	26.549	0.09
G898200	Sahne-Meerrettich Konserve	Creamed horseradish canned	1196	289	25.509	4.47	9.555	7.801	3.596	0.438
Y8A8030	Mürbeteig gesüßt, roh	Shortcrust pastry sweetened, raw	1806	432	22.28	14.36	49.6	13.462	6.89	0.118
X454343	Eingestreute Grießsuppe	Semolina soup	79	19	0.1	0.1	3.6	0.59	0.74	0.74
U741182	Schaf Schnitzel (Keule, mager) gebraten ohne Fett (Pfanne)	Sheep schnitzel (leg, lean) fried without fat (pan)	709	168	4.87	2.32	0	0	31.1	0.198
D610200	Baiser	Meringue	1646	387	0.019	0	90.5	90.5	6.3	0.302
B8B4000	Weizenknusperbrot	Wheat crackerbread	1612	381	3.4	0.4	71.2	5.1	13.2	1.12
W002000	Puten-Aufschnitt-Grundbrät mit Schweinefleisch	Sausage meat for turkey cold cuts with pork	671	161	11.6	3.73	0.09	0	14.12	2
D740500	Nusshörnchen (Hefeteig)	Nut crescent roll (yeast dough)	1798	430	22.4	9.3	47	20.1	8.4	0.11
X469213	Irish Stew (Weißkraut-Kartoffel-Eintopf mit Hammelfleisch)	Irish stew (white cabbage-potato stew with mutton)	472	113	6.9	2.7	7.2	2.12	4.76	0.34
T506600	Wels geräuchert	European catfish smoked	577	138	8	1.96	0	0	16.517	0.052
S242600	Speiseeis (Nuss, Schoko) gemischt	Ice cream mixed (chocolate, nut)	987	236	11.64	6.412	28	23.66	3.51	0.089
X901612	Porridge ungesüßt, mit Milch 3,5 % Fett und Kakaopulver	Porridge unsweetened, with milk 3.5 % fat and cocoa powder	562	134	4.92	2.532	14.9	4.22	6.36	0.115
C422032	Buchweizen Schrot, gekocht	Buckwheat coarse meal, boiled	182	43	0.39	0.06	7.8	0.133	1.7	0
V212132	Hirsch Fleisch, gekocht	Venison meat, boiled	719	171	4.453	1.691	0	0	32.617	0.158
Y131132	Roastbeef gebraten im Ofen, ohne Sauce	Roast beef fried in oven, without sauce	758	180	7.27	2.16	0.02	0	28.72	0.56
D400400	Schokoladen-Muffins (Rührmasse)	Chocolate muffins (cake batter)	1513	361	16.54	9.78	43.5	21.8	7.4	0.388
D237100	Rhabarberkuchen (Rührmasse) mit Baiser	Rhubarb cake (cake batter) with meringue	1002	240	11.55	6.77	28.5	17.486	3.6	0.175
X531612	Blumenkohl gedünstet (mit Fett und Salz)	Cauliflower stewed (with fat and salt)	309	75	5.3	0.5	4.35	1.83	2.01	0.268
D0A7000	Kuchenboden/Tortenboden (Rührmasse)	Cake base/torte base (cake batter)	1644	392	17.28	10.05	49.8	18.16	8.17	0.158
G484162	Perlzwiebel gebacken	Pearl onion baked	167	39	0.176	0.028	7.08	7.08	1.36	0.028
B551400	Weizenmischbrötchen mit Sesam	Wheat-rye roll (> 50 % and < 90 % wheat) with sesame seeds	1234	292	3.43	0.95	53	1.7	9	1.432
Y840563	Preiselbeerkompott	Lingonberry compote	544	128	0.223	0.044	30.134	30.082	0.289	0.008
R481100	Puddingpulver Vanille, ungezuckert	Pudding powder, vanilla, unsweetened	1462	344	0.079	0.01	84.911	0	0.426	1.105
G720132	Wachsbohne gekocht	Wax bean boiled	112	27	0.2	0	3.4	2.19	2	0.004
V4B5172	Hähnchen Unterschenkel, mit Haut, gegrillt	Chicken drumstick, with skin, grilled	836	200	10.54	2.28	0	0	26.24	0.271
V454200	Perlhuhn Fleisch, mit Haut, tiefgefroren	Guineafowl meat, with skin, deep-frozen	636	152	6.45	1.7	0	0	23.4	0.168
D621800	Sahnewaffeln (Rührmasse)	Cream waffle (cake batter)	2221	534	38.35	22.37	39.9	15.195	6.6	0.405
B521100	Roggenbrötchen mit Kümmel und Salz	Rye roll with caraway seeds and salt	1130	268	2.83	0.84	48	0.812	8.19	2.095
S621100	Weinbrand-Kirschen	Pralines with brandy-cherry filling	1796	430	20.48	12.3	49.7	46.1	3.81	0.03
D755200	Mandelkränzchen (Rührmasse)	Almond ring cake (cake batter)	1712	409	20.28	7.71	44.2	15.484	10.6	0.255
X571143	Grüne Bohnen gedünstet	Green beans stewed	200	48	2.79	0.23	3.1	2.14	1.9	0.418
Y845552	Apfelschmarren gebraten	"Apfelschmarren" fried (thick apple pancake cut into pieces)	900	215	9.93	1.47	25.1	7.89	5.2	0.09
G450132	Spargel gekocht	Asparagus boiled	67	16	0.14	0.027	1.31	1.13	1.7	0.005
T603152	Zander gedünstet	Pike-perch stewed	323	76	0.62	0.138	0	0	17.647	0.06
X9A6050	Vollkornhefeteig für Pizza/Vollkornpizzateig, roh	Wholemeal yeast dough for pizza/wholemeal pizza dough, raw	1054	250	4.37	0.36	40	1.248	8.71	0.768
T506182	Wels gebraten ohne Fett (Pfanne)	European catfish fried without fat (pan)	579	139	7.8	1.922	0	0	17.1	0.048
D701700	Haferflocken-Nussplätzchen	Oatmeal-nut biscuits	2150	517	35.161	13.432	37.9	22.359	9.699	0.198
U271132	Rind Vorderhesse, gekocht	Beef shin/foreshank, boiled	625	149	5.445	1.705	0	0	24.904	0.095
P9B2000	Cocktail, Campari-Soda	Cocktail, Campari-soda	235	56	0	0	5.7	5.7	0	0.018
U931100	Rindfleisch im eigenen Saft, mit Schweineschwarten, Konserve	Beef in its own juice, with pork rind, canned	912	217	8.6	3.44	0.44	0	34.44	1.638
U421142	Kalb Rücken, geschmort ohne Fett	Veal loin, braised without fat	549	130	2.795	1.17	0	0	26.195	0.185
Y421233	Lammkoteletts mariniert, gegrillt	Lamb chops marinated, grilled	1328	320	24.5	9.59	0.03	0.03	24.61	0.66
G613600	Gemüsesaft aus Rote Rübe/Rote Bete	Beetroot juice	157	37	0.08	0.02	7.76	7.76	1.08	0.128
X8A1030	Milchreis gesüßt, mit Reisdrink	Rice pudding sweetened, with rice drink	700	166	4.07	1.12	30.1	7.1	1.92	0.095
Q999000	Remoulade (Fertigprodukt)	Remoulade (ready-made product)	2334	567	60.004	5.6	4.99	3.67	0.8	1.37
V634182	Hähnchen Leber, gebraten ohne Fett (Pfanne)	Chicken liver, fried without fat (pan)	670	159	6.1	1.738	1.765	0	24.36	0.35
X417813	Grießsuppe gesüßt, mit Milch 3,5 % Fett	Semolina soup sweetened, with milk 3.5 % fat	450	107	3.45	2.15	14.74	10.46	4.09	0.085
Y642112	Forelle blau (im Essigsud pochiert)	Trout poached in stock with vinegar	507	121	5.9	1.128	0.21	0.207	15.73	0.192
S161000	Pflaumenmus	Plum butter (jam)	827	195	0.2	0.012	45.928	44.55	0.94	0.035
R9A3500	Zucker-Butter-Zimt-Füllung für Gebäck/Torten	Sugar-butter-cinnamon filling for pastry/tortes	2288	549	35.229	22.568	57.388	57.388	0.509	0.02
W610000	Leiterchen/Rippchen/Schälrippchen, Kochpökelware	Pork spare ribs, cooked cured	1227	296	24.07	8.617	0.554	0.554	19.22	1.8
B256500	Weizenmischbrot mit Sonnenblumenkernen	Wheat-rye bread (> 50 % and < 90 % wheat) with sunflower seeds	999	237	3.12	0.32	41	0.707	7.97	1.148
Y144423	Rinderragout	Beef ragout	743	178	10.5	2.6	2.17	0.52	18.59	0.712
V516142	Hammel Herz, geschmort ohne Fett	Mutton heart, braised without fat	893	213	10.3	3.9	0	0	30.113	0.335
P7A1100	Spirituose mit Anis, verdünnt mit Wasser	Aniseed-flavoured spirit drink, with water	479	116	0	0	0	0	0	0.003
X573312	Romanesco gedünstet (mit Fett und Salz)	Romanesco stewed (with fat and salt)	319	77	5.5	0.5	4.46	1.87	2.04	0.275
Y335012	Schweinesteak natur, gebraten	Pork steak fried	736	175	7.7	2.3	0.02	0	26.5	0.454
B516500	Weizenbrötchen mit Sonnenblumenkernen	Wheat roll with sunflower seeds	1261	298	3.39	0.92	55	1.9	9.6	1.438
Y872460	Erdbeeren mit Schlagsahne	Strawberries with whipped cream	482	116	9.539	4.951	5.145	5.102	1.256	0.028
T402200	Stint tiefgefroren	European smelt deep-frozen	359	85	1.7	0.364	0	0	17.4	0.39
Y332212	Schweineschnitzel natur, gebraten	Pork schnitzel fried	659	156	2.92	0.88	0.03	0	32.37	0.512
Y847840	Himbeeren gezuckert	Raspberries sugared	274	65	0.281	0.009	11	11	0.9	0.002
Y263123	Kalbsrahmgulasch	Veal goulash with cream	686	165	11.1	4.1	1.06	1.05	15.04	0.532
B101000	Vollkornbrot	Wholemeal bread	885	210	1.01	0.12	38	0.817	7.16	1.198
B8B3000	Vollkornknusperbrot	Wholemeal crackerbread	1466	348	2.3	0.2	63.7	5.5	10.4	1.22
G484182	Perlzwiebel gebraten ohne Fett (Pfanne)	Pearl onion fried without fat (pan)	225	53	0.238	0.039	9.54	9.54	1.835	0.035
Y144512	Rindergeschnetzeltes	Beef ragout with white wine	718	171	5.9	2.1	1.45	0.03	27.5	0.705
D736100	Käseknusperchen salzig (Mürbeteig)	Crispy cheese biscuits salted (shortcrust pastry)	1908	460	33.97	20.54	25.8	0.507	10.4	0.472
M832100	Speisequarkzubereitung < 10 % Fett i. Tr., mit Vanillezubereitung, gesüßt	Quark preparation < 10 % fat in dry matter, with vanilla preparation, sweetened	441	104	0.11	0.069	18.26	16.11	6.89	0.088
Y341113	Szegediner Gulasch (mit Schweinefleisch)	"Szegediner" pork goulash	373	89	4.3	0.7	3.1	3	7.8	0.62
C219332	Hartweizen Grieß, gekocht	Durum wheat semolina, boiled	672	159	0.67	0.09	31.05	0.479	6.02	0.001
B8A1000	Baguette glutenfrei	Baguette gluten-free	946	224	3.1	1.4	45	1.7	3.2	1.002
X432142	Teigwaren eifrei (mit Salz gekocht)	Pasta egg-free (boiled with salt)	616	145	0.7	0.101	28.596	0.838	5.4	0.127
Y691123	Rotbarschragout	Redfish ragout	441	106	4.6	0.65	1.4	1.4	10.7	0.46
X9A1010	Haferbratlinge vegan, gebraten	Oat patties vegan, fried	1102	265	15.6	1.7	20	1.28	8.01	0.48
U672700	Schwein Vordereisbein/Vorderhaxe, Kochpökelware, geräuchert	Pork foreshank (hock) cooked cured, smoked	627	150	8.17	2.588	0.437	0.437	18.68	1.8
D050000	Cracker	Crackers	2072	495	24.13	15.07	58.5	0.411	8.84	0.982
E607000	Grießklößchen roh	Semolina dumplings raw	555	132	5.28	2.72	14.09	2.89	6.64	0.405
U541082	Schwein Schnitzel (Oberschale) gebraten ohne Fett (Pfanne)	Pork schnitzel (topside) fried without fat (pan)	610	144	2.235	0.841	0	0	31.015	0.225
B111200	Weizenvollkorntoastbrot	Wholemeal wheat toast	1048	249	3.67	1.157	41	1.6	8.8	1.198
X3A9020	Joghurt-Dip mit Kräutern	Yogurt dip with herbs	387	93	6.6	3.9	4	4	3.64	0.45
Y612110	Rollmops mariniert, abgetropft	Pickled herring fillet, filled, rolled, drained	610	146	10.11	1.84	0.7	0.7	11.9	7.15
B781400	Weizenbaguette mit Nüssen	Wheat baguette with nuts	1171	277	4.75	0.6	48	1.6	8.7	1.23
G992100	Gemüsemischung Erbsen-Karotten, roh	Mixed vegetables peas and carrots, raw	270	64	0.44	0.096	9.388	3.837	3.4	0.03
X572412	Tofu gebraten (mit Fett und Salz)	Tofu fried (with fat and salt)	827	199	13.07	1.43	1.31	1.26	18.07	0.862
D651400	Nussprinten schokoliert	Nut printen with chocolate icing	2054	492	27.7	9.26	50.4	31.2	8	0.36
K713400	Pfifferling getrocknet	Chanterelle dried	1014	243	2.514	0.455	5.111	1.493	36.271	0.07
B6A3000	Roggenvollkornknäckebrot mit Ölsamen	Wholemeal rye crispbread with oilseeds	1423	338	3.62	0.455	56.6	1.838	10.17	1.29
T710200	Edelkrebs/Flusskrebs, tiefgefroren	Crayfish deep-frozen	272	64	0.47	0.067	0	0	15	0.632
Y642412	Forelle Müllerinart (mehliert, gebraten)	Trout floured, fried	731	174	8.3	1.36	2.64	0.329	21.28	0.441
X6A1010	Kartoffeln mit Schale gekocht	Potatoes boiled with peel	371	87	0.102	0.034	18.82	1.49	2.09	0.12
X3A8000	Essigmarinade warm, für gekochte Salate	Vinegar marinade warm, for cooked salad	580	140	14.2	1.1	0.77	0.75	0.16	0.875
D770200	Käsegebäck salzig (Quarkmürbeteig)	Cheese pastry salted (shortcrust pastry with quark)	1744	418	25.74	16.25	34.4	1.75	10.77	0.7
B111300	Weizenvollkornbrot mit Kürbiskernen	Wholemeal wheat bread with pumpkin seeds	999	237	3.31	0.504	38	1	9.7	1.125
U512100	Schwein Filetmedaillon, mariniert, roh	Pork fillet medaillon, marinated, raw	580	138	6	0.7	0.11	0.1	20.8	1
D461602	Brioches (Hefeteig) ungefüllt	Brioches (yeast dough) without filling	1781	427	25.1	14.66	38.4	4.586	10.4	0.582
D623200	Apfelwaffeln (Rührmasse)	Apple waffles (cake batter)	1600	384	26.39	14.39	28.1	9.2	7.3	0.235
X554543	Paprika-Gurkengemüse gedünstet	Sweet peppers and cucumbers stewed	206	49	2.5	0.2	4.54	4.53	1.06	0.225
G212182	Gemüseamaranth gebraten ohne Fett (Pfanne)	Chinese spinach fried without fat (pan)	127	30	0.49	0.128	1.39	1.12	3.67	0.075
D1A1000	Apfel-Streuselkuchen (Hefeteig)	Apple crumble cake (yeast dough)	793	189	5.99	3.6	29	11.5	3.3	0.04
W234100	Fleischwurst fettreduziert	Bologna reduced-fat	435	104	5.31	2.02	0.12	0	13.9	2
S539200	Vollmilchschokolade gefüllt mit Fruchtcreme	Whole milk chocolate filled with fruit cream	2291	550	35.3	22.2	51.1	46.9	4.3	0.13
N258000	Fruchtsaftschorle Weintraube	Grape juice spritzer	168	40	0	0	9.483	8.903	0.122	0.008
B121100	Roggenvollkornbrot mit Kürbiskernen	Wholemeal rye bread with pumpkin seeds	879	209	2.95	0.48	33	0.993	6.87	1.095
X360040	Sahnesauce süß	Cream sauce sweet	1047	252	19.58	10.18	15.05	10.75	3.8	0.098
D7B5000	Kekse/Plätzchen, kakaohaltig (Rührmasse)	Biscuits, containig cocoa (cake batter)	2175	521	29.27	17.36	55.7	27.5	7	0.108
B516000	Weizenbrötchen mit Ölsamen	Wheat roll with oilseeds	1269	300	3.96	1	54	1.9	9.8	1.412
R9A2200	Schokoladensahne für Gebäck/Torten	Chocolate cream for pastry/tortes	1303	314	26	14.12	15.8	15.4	3.6	0.068
X6A3030	Ofenkartoffeln mit Zwiebeln	Baked potatoes with onions	546	130	3.72	0.28	20.72	2.37	2.37	0.2
Y996340	Schokoladencremeeis	Chocolate ice cream (with egg)	903	216	11.77	6.13	22.5	21.7	4.5	0.092
P192000	Radler (Pilsner Bier mit Zitronenlimonade)	Pilsner beer mixed with carbonated lemonade	159	38	0	0	5.744	4.689	0.211	0.012
U883162	Schaf Keule, fett, gebraten ohne Fett (Ofen)	Sheep leg, fat, fried without fat (oven)	1161	279	20.3	9.251	0	0	24.1	0.2
M861000	Mousse au chocolat, Milchbasis, gesüßt	Mousse au chocolat (milk-based) sweetened	700	167	7.2	4.7	20.3	19.89	4.6	0.085
M2N6400	Sahnejoghurt mind. 10 % Fett, gesüßt	Yogurt min. 10 % fat, sweetened	636	152	8.163	5.52	14.575	14.002	4.43	0.122
C346032	Mais Grieß, gekocht	Maize semolina, boiled	521	123	1.052	0.134	23.448	0.519	3.232	0
Y841212	Johannisbeerkompott	Red currant compote	311	74	0.139	0.027	14.61	14.61	1.002	0.005
D470300	Butterkuchen/Zuckerkuchen (Quark-Öl-Teig)	German butter cake (quark oil dough)	1897	454	25.97	7.9	45.2	20.54	8.33	0.355
Y173113	Rinderleber gebraten	Beef liver fried	716	170	5.36	1.38	9.23	0.014	21.11	0.525
G490200	Knoblauch tiefgefroren	Garlic deep-frozen	437	107	0.467	0.071	3	2.3	6.722	0.022
B309000	Weißbrot glutenfrei	White bread gluten-free	946	224	3.1	1.396	45	1.7	3.2	1.272
U632200	Schwein Kamm, tiefgefroren	Pork neck, deep-frozen	730	175	10.9	4.061	0	0	19.21	0.136
N630300	Schwarztee (Getränk) mit Milch 3,5 % Fett und Zucker	Black tea (infusion) with milk 3.5 % fat and sugar	39	9	0.11	0.072	1.93	1.93	0.12	0.008
X420363	Rinderkraftbrühe nach schottischer Art mit Graupen	Beef consomme Scottish style with pearl barley	524	126	10.5	4.8	3.3	1.2	4.2	0.532
T403182	Bachsaibling gebraten ohne Fett (Pfanne)	Brook trout fried without fat (pan)	542	128	3.07	0.668	0	0	25.2	0.12
V488142	Pute Innereien, geschmort ohne Fett	Turkey giblets, braised without fat	878	210	11.51	3.02	0	0	26.6	0.21
C660500	Haferdrink gesüßt, aromatisiert, angereichert mit Vitaminen, Calcium und Jod	Oat drink sweetened, flavoured, fortified with vitamins, calcium and iodine	179	42	0.98	0.12	7.5	7.3	0.71	0.115
C414000	Mehlmischung eiweißarm, glutenfrei, natriumarm	Flour mix low protein, gluten-free, low sodium	1427	336	0.137	0.017	82.667	0	0.431	0.005
D083000	Sachertortenboden	Sacher cake base	1655	396	23.11	13.1	37.2	24.8	8.69	0.272
Y818242	Quarkplinsen gebraten	Small quark pancakes fried	1075	257	13.87	3.96	21.57	8.49	10.59	0.132
G450142	Spargel gedämpft	Asparagus steamed	127	30	0.4	0.028	3	1.7	2.9	0.008
X850133	Risotto mit Butter und Parmesan	Risotto with butter and Parmesan cheese	688	163	4.9	3.2	24.4	0.95	4.93	0.522
V221172	Reh Keule, gegrillt	Roe deer leg, grilled	594	140	1.761	0.67	0	0	31.127	0.21
D610500	Zimtsterne (Eiklarmasse)	Cinnamon stars (meringue)	1972	473	27.149	2.34	39.89	39.751	14.3	0.078
U511200	Schwein Filetmedaillon, tiefgefroren	Pork fillet medaillon, deep-frozen	430	102	1.2	0.3	0	0	22.7	0.122
G543032	Gemüsepaprika rot, gekocht	Sweet pepper red, boiled	99	24	0.1	0.033	3.312	3.312	1.037	0
V414172	Hähnchen ganz, entbeint, mit Haut, gegrillt	Chicken whole, boneless, with skin, grilled	997	239	15.18	3.68	0	0	25.61	0.182
X987612	Bulgur gekocht (mit Fett und Salz)	Bulgur boiled (with fat and salt)	722	171	3.6	0.31	28.2	0.8	5.1	0.31
U532200	Schwein Kammsteak, tiefgefroren	Pork steak (neck) deep-frozen	730	175	10.9	4.05	0	0	19.21	0.136
P194000	Altbierbowle	Punch with top-fermented dark beer	200	48	0.078	0.006	5.282	3.609	0.552	0.005
V464200	Ente Fleisch, mit Haut, tiefgefroren	Duck meat, with skin, deep-frozen	944	227	17.2	5.712	0	0	18.1	0.095
S560700	Zartbitter-/Halbbitterschokolade, gefüllt mit Pfefferminzcreme	Bittersweet/semisweet chocolate, filled with peppermint cream	2030	486	19.36	11.64	61.7	41	3.97	0.013
C118122	Quinoa tricolore, gekocht	Quinoa tricolore, boiled	438	104	1.67	0.163	17.06	0.491	3.78	0.001
K701162	Champignon gebacken	Button mushroom baked	167	40	0.381	0.067	4.1	0.3	5.08	0.143
D422000	Rührmasse/Rührteig, roh	Cake batter raw	1498	358	16.76	9.92	44	18.7	6.73	0.452
X357413	Joghurtmarinade für Salat	Yogurt marinade for salad	472	114	8.84	2.19	3.83	3.83	3.07	0.722
D490300	Blätterteig (mit Ei) gebacken	Puff pastry with egg, baked	2563	617	46.64	29.22	39.69	0.527	8	0.118
X890733	Pilaw, Serbisches Reisfleisch	Pilaf "Serbian" with meat	796	191	11.6	4.4	14	1.1	6.9	0.48
Y344013	Schweineragout	Pork ragout	780	187	12.3	3.6	2.1	2.1	16.6	0.588
M2I3200	Milchmischgetränk 1,5 % Fett, mit Kaffee und Süßungsmitteln	Milk drink 1.5 % fat, with coffee and artificial sweeteners	141	33	1	0.65	3.6	3.6	2.4	0.08
Y301822	Kasseler Kotelett gebraten	Pork loin chop cured, fried	646	153	3.683	1.05	0	0	30.004	3.938
D077002	Biskuitboden	Sponge cake base	1222	289	5.74	1.52	47.76	27.978	10.92	0.238
W520000	Corned Beef	Corned beef	596	142	6	2.518	0.28	0	21.7	2.2
G640182	Pastinake gebraten ohne Fett (Pfanne)	Parsnip fried without fat (pan)	462	109	0.796	0.12	17.9	5.669	4.977	0.038
X475243	Milchsuppe gesüßt, gebunden mit Haferflocken	Milk soup sweetened, thickened with oat flakes	426	102	4.22	2.559	11.1	9.04	4.55	0.128
D0A3100	Nuss-Wasserbiskuitboden	Nut water sponge cake base	1446	344	11.12	1.57	50.7	34.704	9.15	0.298
W003000	Aufschnitt-Grundbrät fettreduziert	Sausage meat for cold cuts reduced-fat	631	151	10.06	3.74	0.13	0	15.06	2.2
Y527012	Rehkeule gebraten im Ofen (mit Fett und Salz)	Leg of roe deer fried in oven (with fat and salt)	745	177	5.7	1.8	0.03	0	31.37	0.768
M2A0100	Milchmischgetränk < 1 % Fett, aromatisiert, mit Zucker und Süßungsmitteln	Milk drink < 1 % fat, flavoured, with sugar and artificial sweeteners	180	42	0.068	0.043	7.047	6.832	3.335	0.13
X208312	Tomate-Mozzarella (Caprese)	Tomato-mozzarella (Caprese)	766	185	15.9	6.5	2.51	2.49	7.22	0.568
W410400	Schwein Schinkenspeck, Rohpökelware, geräuchert	Pork bacon (ham) raw cured, smoked	508	121	3.95	1.304	0.492	0.492	20.82	4.5
D4A8500	Nusskuchen vegan (Rührmasse)	Nut cake vegan (cake batter)	1800	432	25.87	3.75	40.3	21.613	7.33	0.488
D9A3000	Vollkornmürbeteig süß roh	Wholemeal shortcrust pastry, sweetened, raw	1895	454	26.31	10.34	44.85	16.078	6.64	0.25
Y881842	Quarkkeulchen (gerührter Hefeteig) gebraten	Small quark-yeast pancakes fried	1494	357	17.3	5.3	39	13.9	9.6	0.072
M2R2200	Joghurt fettarm, mind. 1,5 % bis max. 1,8 % Fett, mit Vanillezubereitung, gesüßt	Yogurt low-fat, min. 1.5 % to max. 1.8 % fat, with vanilla preparation, sweetened	348	82	1.142	0.6	14	12.8	3.275	0.115
N500100	Kaffeeersatz (Getränk)	Coffee substitute (infusion)	22	5	0.002	0	0.97	0.144	0.075	0.01
F110152	Apfel gedünstet	Apple stewed	251	60	0.515	0.207	12	10.811	0.437	0.002
U912000	Rindfleisch in Gelee, Konserve	Beef in jelly, canned	367	87	2.6	1.11	0.3	0	15.6	1.5
G332162	Rosenkohl gebacken	Brussels sprouts baked	199	48	0.4	0.06	2.66	1.86	5.235	0.028
W313000	Frankfurter Leberwurst	Frankfurt liver sausage	1205	291	26.32	11.42	0.54	0.16	13	2.025
B251000	Weizenmischbrot	Wheat-rye bread (> 50 % and < 90 % wheat)	874	207	1.515	0.1	37.326	0.836	8.61	1.278
S530300	Milchschokolade gefüllt mit Karamell	Milk chocolate filled with caramel	2114	506	24	13.78	62.1	51.6	4.5	0.35
U255700	Rind Brustkern/Mittelbrust, Rohpökelware, geräuchert	Beef brisket/centre cut, raw cured, smoked	788	189	13.078	6.057	0.492	0.492	17.369	4.5
V469000	Ente Fleisch, mit Haut, mariniert, roh	Duck meat with skin marinated, raw	988	238	18.83	5.52	0.13	0.13	16.92	0.978
P195000	Bier mit Sekt	Beer with sparkling wine	216	52	0	0	2.18	0.86	0.263	0.004
H842400	Sojadrink gesüßt, aromatisiert	Soya drink sweetened, flavoured	243	58	2.212	0.321	5.69	5.68	3.01	0.142
X362143	Schokoladensauce	Chocolate sauce	527	126	5.52	3.42	14.6	10.04	4.14	0.098
P546000	Eierlikör	Egg liqueur	1229	294	7	2.5	27.1	27.1	4	0.135
M2H7300	Milchshake 3,5 % Fett, mit Kakao/Schokolade, gesüßt	Milkshake 3.5 % fat, with cocoa/chocolate, sweetened	325	78	3.5	2.3	7.6	7.55	3.7	0.095
D380900	Kuchenboden/Tortenboden (Mürbeteig, feiner)	Cake base/torte base (shortcrust pastry, fine)	2037	488	27.53	17.04	51.67	16.236	7	0.102
B221000	Roggenbrot	Rye bread	931	220	1.235	0.09	43.04	3.81	6	1.12
U175162	Rind Rostbraten, gebraten ohne Fett (Ofen)	Beef meat for roasting (sirloin) fried without fat (oven)	615	146	4.395	1.93	0	0	26.607	0.145
T306182	Heilbutt/Weißer Heilbutt, gebraten ohne Fett (Pfanne)	Halibut/white halibut, fried without fat (pan)	648	155	6.56	1.395	0	0	23.869	0.178
X434143	Grießnockerln, Suppeneinlage	"Grießnockerln" semolina dumplings as soup garnish	1512	364	25.86	15.34	23.07	0.621	8.79	0.76
M2H2300	Milchshake 3,5 % Fett, aromatisiert, gesüßt	Milkshake 3.5 % fat sweetened	326	78	3.33	2.106	8.5	8.29	3.38	0.082
Y730163	Omelett gebraten	Omelette fried	819	197	16.21	2.97	0.66	0.66	12.23	0.502
D7A7000	Plunderteig roh	Danish pastry raw	1611	386	22.77	11.85	37	6.369	7.08	0.805
B781200	Weizenbaguette	Wheat baguette	1070	253	1.31	0.32	50	1.5	8.3	1.604
Y610512	Matjes-Brötchen	Matjes herring roll	786	187	8.21	1.51	15.2	1.2	11.87	5.79
B6A2600	Roggenvollkornknäckebrot mit Kleie und Ölsamen	Wholemeal rye crispbread with wheat bran and oilseeds	1398	332	2.9	0.3	55.3	1.772	10.8	1.31
U541200	Schwein Schnitzel (Oberschale) tiefgefroren	Pork schnitzel (topside) deep-frozen	448	106	1.9	0.715	0	0	22.2	0.18
G213132	Neuseeländer Spinat gekocht	New Zealand spinach boiled	75	18	0.2	0.036	1.11	0.89	1.8	0.382
U111700	Rind Filet/Lende, Rohpökelware, geräuchert	Beef fillet, raw cured, smoked	483	115	3.738	1.685	0.492	0.492	19.813	4.5
D617000	Waffeln (Rührmasse) glutenfrei	Waffles (cake batter) gluten-free	1640	392	20.24	11.917	45.9	18.91	5.91	0.28
N720400	Kräutertee (Getränk) mit Sahne 30 % Fett	Herbal tea (infusion) with cream 30 % fat	42	10	1.057	0.563	0.109	0.109	0.077	0.01
T201152	Brosme/Lumb, gedünstet	Cusk stewed	282	66	0.524	0.14	0	0	15.446	0.285
W114000	Grobe Mettwurst	Coarse Mettwurst sausage spreadable	1230	297	24.3	8.78	0.14	0	19.3	2.5
U486142	Kalb Unterschale/Schwanzstück, geschmort ohne Fett	Veal silverside, braised without fat	451	106	0.738	0.309	0	0	24.946	0.165
W411300	Schwein Bauchspeck, Rohpökelware, geräuchert	Pork streaky bacon, raw cured, smoked	1260	304	26.22	9.391	0.492	0.492	16.58	4.5
D7A7700	Kalter Hund (Kekskuchen ohne Backen)	"Kalter Hund" biscuits cake without baking	2050	492	30.7	25.2	47.9	35	4.41	0.285
H230182	Edelkastanie/Marone, gebraten ohne Fett (Pfanne)	Sweet chestnut fried without fat (pan)	962	228	2.065	0.31	44.783	15.109	3.02	0.005
V464132	Ente Fleisch, mit Haut, gekocht	Duck meat, with skin, boiled	853	204	11.727	3.895	0	0	24.682	0.058
D035000	Kokoszwieback	Coconut rusk	1893	450	14.9	11.69	69	35.2	7.6	0.35
B781500	Weizenvollkornbaguette	Wholemeal wheat baguette	968	229	1.67	0.351	41	1.5	8.4	1.215
G490132	Knoblauch gekocht	Garlic boiled	413	101	0.43	0.064	3	2	6.188	0.012
G780432	Limabohne (Butterbohne, Mondbohne) reif, gekocht	Lima bean/butter bean, mature, boiled	547	130	0.569	0.166	16.9	1.5	8.1	0.001
N491000	Kaffee (Getränk) halb und halb, mit Milch 3,5 % Fett	Coffee (infusion) half and half, with milk 3.5 % fat	131	31	1.74	1.105	2.01	2.01	1.84	0.049
F401600	Preiselbeersaft	Lingonberry juice	145	34	0.424	0.083	5.608	5.498	0.619	0.005
Y435112	Hammelsteak natur, gebraten	Mutton steak fried	2057	498	46.199	16.85	0	0	20.436	0.76
X416913	Gemüsesuppe püriert/Gemüsecremesuppe	Vegetable puree soup	135	32	1.2	0.1	4	1.9	0.86	0.488
S380000	Komprimate (Pastillen, Presslinge)	Compressed sweet/candy	1710	404	0	0	93.6	78.8	0	0.008
B276800	Roggenmischbrot mit Nüssen	Rye-wheat bread (> 50 % and < 90 % rye) with nuts	1025	243	4.08	0.38	41	0.838	7.03	1.178
K410182	Maniok/Cassava, gebraten ohne Fett (Pfanne)	Manioc/cassava, fried without fat (pan)	701	166	0.261	0	38	1.5	1.136	0.002
Y7A2030	Ofenkäse mit Knoblauch und Thymian gebacken	Oven cheese baked with garlic and thyme	1120	270	20.78	14.39	0	0	20.55	1.463
U882200	Schaf Keule, mittelfett, tiefgefroren	Sheep leg, medium fat, deep-frozen	749	180	11.6	4.92	0	0	18.8	0.15
S210000	Cremeeis/Kremeis	Ice cream (containing egg yolk)	716	171	9.31	4.45	17.53	17.23	4.3	0.098
X320063	Grundsauce hell/weiß, vegan	Basic sauce white, vegan	237	57	4.4	0.9	3.54	0.56	0.73	0.802
X327312	Sahne-Käsesauce	Cream-cheese sauce	1452	351	33.17	18.5	3.2	3.2	9.4	0.91
U816162	Hammel Filet/Lende, gebraten ohne Fett (Ofen)	Mutton tenderloin, fried without fat (oven)	936	224	14.27	6.508	0	0	24.007	0.215
C130032	Hafer ganzes Korn, gekocht	Oat whole grain, boiled	764	181	3.585	0.723	28.7	0.576	6.071	0.01
V420000	Hähnchen Unterschenkel, mit Haut, mariniert, roh	Chicken drumstick, with skin, marinated, raw	701	168	10.43	1.86	1.66	1.61	16.76	1.075
Y8A5030	Sahneflammeri/Sahnepudding, mit Eigelb	Cream pudding with egg yolk	1018	244	16.96	8.83	18.85	10.99	4	0.148
X8A1040	Milchreis gesüßt, mit Sojadrink	Rice pudding sweetened, with soya drink	440	104	1.11	0.168	18.4	1.25	4.24	0.062
X461813	Linsen-Eintopf mit Suppengemüse	Lentil stew with vegetables	534	127	2.3	0.3	15.8	1.8	7.49	0.612
V250172	Wildschwein Fleisch, gegrillt	Wild boar meat, grilled	874	209	11.848	4.138	0	0	25.644	0.295
B426500	Roggenvollkornbrötchen mit Sonnenblumenkernen	Wholemeal rye roll with sunflower seeds	1124	268	5.3	1.06	40	1.316	8.43	1.32
Y881153	Vanillequark	Vanilla quark	579	138	6.54	3.556	11.84	11.84	7.58	0.115
W149200	Hirschsalami mit Schweinefleisch	Venison salami with pork	1311	316	24.93	9.5	0.18	0	22.66	3.8
U421200	Kalb Rücken, tiefgefroren	Veal loin, deep-frozen	452	107	2.62	1.096	0	0	20.9	0.232
G750432	Sojabohne reif, gekocht	Soya bean mature, boiled	655	157	7.517	0.967	2.5	2.3	15.406	0.005
V654182	Hähnchen Magen, gebraten ohne Fett (Pfanne)	Chicken stomach, fried without fat (pan)	559	132	2.32	0.668	0	0	27.82	0.31
Y710162	Spiegelei gebraten in Butter	Fried egg in butter	846	204	16.615	7.27	0.398	0.398	13.191	0.942
B231000	Haferbrot	Oat bread	897	212	1.55	0.25	39	0.695	6.63	1.175
D477100	Schinkenhörnchen (Quark-Öl-Teig)	Ham rolls (quark oil dough)	1124	268	10.07	1.45	28.4	1.47	14.38	1.342
S230000	Rahmeis/Sahneeis	Ice cream cream-based	1164	281	24.04	12.07	12.46	12.46	3.6	0.082
X561112	Kohlrüben/Steckrüben, gedünstet (mit Fett und Salz)	Swede stewed (with fat and salt)	207	50	3.4	0.3	2.15	1.32	1.17	0.352
U951800	Corned Pork, Konserve	Corned pork, canned	603	143	4.1	1.35	0.29	0	26.2	2.2
G470042	Porree/Lauch, geschmort ohne Fett	Leek braised without fat	184	44	0.309	0.054	6	4.8	2.648	0.002
G230132	Mangold gekocht	Chard/leaf beet, boiled	69	16	0.268	0.027	0.835	0.661	1.771	0.508
S538500	Vollmilchschokolade mit Getreideflakes	Whole milk chocolate with cereal flakes	2221	532	31.12	18.62	55.29	45.37	6.33	0.267
G710162	Bohne grün, gebacken	Bean green, baked	140	33	0.282	0.083	4.1	2.66	2.633	0.006
T305282	Goldbutt/Scholle, tiefgefroren, gebraten ohne Fett (Pfanne)	Plaice deep-frozen, fried without fat (pan)	346	82	1.227	0.204	0	0	17.705	0.355
N720500	Kräutertee (Getränk) mit Sahne 30 % Fett und Zucker	Herbal tea (infusion) with cream 30 % fat and sugar	72	17	1.038	0.552	1.907	1.907	0.076	0.01
V636182	Gans Leber, gebraten ohne Fett (Pfanne)	Goose liver, fried without fat (pan)	692	165	6.69	2.4	1.875	0	24.3	0.465
X962162	Butternockerln	Butter dumplings	1289	309	17.63	9.9	27.23	0.35	9.18	0.542
U543182	Schwein Schnitzel (Nuss) gebraten ohne Fett (Pfanne)	Pork schnitzel (thick flank) fried without fat (pan)	652	154	2.99	0.89	0	0	31.82	0.177
G332182	Rosenkohl gebraten ohne Fett (Pfanne)	Brussels sprouts fried without fat (pan)	338	81	0.68	0.102	4.52	3.16	8.9	0.045
H170600	Cashewkern geröstet mit Fett	Cashew nut roasted with fat	2483	599	49.995	10.6	15.9	5	19.8	0.032
V468182	Ente Innereien, gebraten ohne Fett (Pfanne)	Duck giblets, fried without fat (pan)	1000	240	14.62	3.84	0	0	27	0.26
S131100	Fruchtaufstrich	Fruit spread	758	179	0.3	0.021	41.7	41.7	0.5	0.005
D657200	Honigkuchenplätzchen	Gingerbread cake biscuits	1702	403	5.75	1.72	78.7	42.3	7.17	0.06
R481200	Puddingpulver Schokolade, ungezuckert	Pudding powder, chocolate, unsweetened	1437	340	2.9	1.7	68.8	1.052	5.98	0.948
M2A1100	Milchmischgetränk < 1 % Fett, aromatisiert, mit Süßungsmitteln	Milk drink < 1 % fat, flavoured, with artificial sweeteners	130	30	0.129	0.079	4.763	4.763	2.508	0.128
T207152	Köhler/Seelachs, gedünstet	Saithe/pollack, stewed	396	94	2.39	0.641	0	0	18.112	0.138
X3A6000	Bechamelsauce vegan, mit Sojadrink	Bechamel sauce vegan, with soya drink	328	79	5.41	1.03	3.4	0.41	3.33	0.201
U571162	Schwein Bratenfleisch (Bug mit Fett und Schwarte) gebraten ohne Fett (Ofen)	Pork meat for roasting (shoulder with fat and rind) fried without fat (oven)	1003	240	14.56	4.73	0	0	27.3	0.164
V481182	Pute Fleisch, ohne Haut, gebraten ohne Fett (Pfanne)	Turkey meat, without skin, fried without fat (pan)	589	140	3.1	0.865	0	0	27.903	0.275
F511600	Acerolasaft	Acerola juice	62	15	0.184	0.041	2.394	2.394	0.189	0.008
N4A2000	Kaffee (Getränk) mit Sojadrink, ungesüßt	Coffee (infusion) with soya drink, unsweetened	8	2	0.043	0.006	0.012	0.012	0.22	0.012
R9A5200	Schokoladenfettglasur für Gebäck/Torten	Chocolate icing (containing non-cocoa fats) for pastry/tortes	1782	428	28.87	19.89	35.4	33.5	4.14	0.016
M206100	Milchmischgetränk < 1 % Fett, mit Kakao/Schokolade, gesüßt	Milk drink < 1 % fat, with cocoa/chocolate, sweetened	220	52	0.2	0.1	8.7	8.561	3.557	0.138
P571000	Apfelkorn	Apfelkorn (apple flavoured liqueur)	530	127	0	0	6.537	5.919	0.06	0.01
Y882010	Quarkspeise mit Süßkirschen	Quark dish with sweet cherries	505	120	4.91	2.643	12.75	12.31	5.83	0.085
E101132	Wachtelei gekocht	Quail egg boiled	563	135	9	2.437	0.34	0.34	13.175	0.385
D7A3000	Scones (britisches Kleingebäck)	Scones (British)	1510	360	15.28	9.17	44.6	3.74	9.46	1.032
G093400	Suppengrün/Suppenkraut, getrocknet	Mirepoix dried	1281	305	2.656	0.544	45	39.5	12.473	0.52
U342162	Kalb Schnitzel (Keule) gebraten ohne Fett (Ofen)	Veal schnitzel (round) fried without fat (oven)	513	121	0.823	0.344	0	0	28.389	0.245
S462000	Zuckerperlen (Liebesperlen)	Sugar beads/sugar sprinkles	1710	404	0	0	93.6	78.8	0	0.008
B111800	Weizenvollkornbrot mit Quark	Wholemeal wheat bread with quark	944	223	1.15	0.149	40	1.2	9.2	1.178
Y622913	Kabeljaufilet mit Gemüse in Folie gebacken	Cod fillet with vegetables, baked in foil	407	97	3.8	2.145	1.3	0.8	13.7	0.438
X572512	Topinambur gedünstet (mit Fett und Salz)	Topinambur stewed (with fat and salt)	297	72	4.3	0.4	2.82	2.81	1.63	0.332
Y771240	Schnittlauchquark (aus Magerquark)	Quark, < 10 % fat in dry matter, with chives	272	64	1.03	0.647	3.73	3.73	9.55	0.458
U693800	Schwein Hintereisbein/Hinterhaxe, Kochpökelware	Pork hindshank (hock) cooked cured	696	167	10.67	3.59	0.439	0.439	17.27	1.8
X538853	Spitzkohl gedünstet (mit Fett und Salz)	Pointed cabbage stewed (with fat and salt)	238	58	3.8	0.3	3.63	3.53	1.01	0.445
G582152	Zucchini gedünstet	Courgette stewed	96	23	0.312	0.074	3	2.2	1.4	0.003
U151182	Rind Gulasch (Bug) gebraten ohne Fett (Pfanne)	Beef goulash (shoulder) fried without fat (pan)	750	179	7.171	3.147	0	0	28.518	0.155
T307182	Schwarzer Heilbutt gebraten ohne Fett (Pfanne)	Greenland halibut fried without fat (pan)	721	173	12.7	2.273	0	0	14.772	0.215
B821000	Paniermehl/Semmelbrösel/Semmelmehl	Bread crumbs	1538	364	3.97	0.914	67.48	5.3	11.6	1.897
H730400	Linsenmehl	Lentil flour	1320	312	1.7	0.24	44.8	1.3	23.357	0.018
X513063	Steinpilze gedünstet	Porcini mushrooms stewed	473	114	6.21	0.49	5.53	1.17	6.56	0.412
D011000	Backerbsen	Soup pearls	1962	469	24.09	2.6	50.7	1.76	9.81	2.71
Y141223	Rinderrahmgulasch	Beef goulash with cream	878	211	15.66	5.88	1.5	1.5	15.89	0.522
X518233	Gemüsemischung gebraten	Vegetable mix fried	248	59	1.9	0.1	7	5.3	2.2	0.402
G541082	Gemüsepaprika grün, gebraten ohne Fett (Pfanne)	Sweet pepper green, fried without fat (pan)	274	65	0.407	0.103	11.67	11.04	1.831	0.02
V414142	Hähnchen ganz, entbeint, mit Haut, geschmort ohne Fett	Chicken whole, boneless, with skin, braised without fat	857	205	11.39	2.77	0	0	25.61	0.098
G230182	Mangold gebraten ohne Fett (Pfanne)	Chard/leaf beet, fried without fat (pan)	107	26	0.418	0.041	1.301	1.029	2.761	0.809
Y790240	Meerrettichbutter	Horseradish butter	2291	557	58.691	37.555	3.734	2.759	2.522	0.202
X570143	Grüne Erbsen gedünstet	Green peas stewed	492	118	5.324	0.44	10.278	1.157	4.9	0.4
B561100	Dinkelbrötchen mit Kürbiskernen	Spelt roll with pumpkin seeds	1290	306	5.35	1.24	50	1.2	11.7	1.358
S532000	Milchschokolade mit Knusperreis	Milk chocolate with puffed rice	2059	492	24.37	14.35	59.65	40.25	6.99	0.146
X572612	Chinakohl gedünstet (mit Fett und Salz)	Chinese white cabbage stewed (with fat and salt)	189	46	3.539	0.24	1.27	1.16	1.438	0.2
B561400	Dinkelbrötchen mit Sonnenblumenkernen	Spelt roll with sunflower seeds	1284	304	5.44	1.08	50	1.2	11.2	1.358
D086000	Biskuitrolle/Biskuitroulade, ungefüllt	Sponge cake roll unfilled	1222	289	5.74	1.52	47.76	27.978	10.92	0.238
T124182	Gelbflossen-Thun gebraten ohne Fett (Pfanne)	Yellowfin tuna fried without fat (pan)	513	121	0.55	0.192	0	0	29	0.128
D615000	Löffelbiskuits glutenfrei	Sponge fingers gluten-free	1725	408	7.884	2.13	72.437	38.37	11.666	0.715
B710600	Dinkelbrot mit Kürbiskernen	Spelt bread with pumpkin seeds	1048	248	4.02	0.84	41	0.392	9.57	1.138
T033600	Dornhai geräuchert	Piked dogfish smoked	810	195	15.653	5.063	0	0	13.602	0.045
G332152	Rosenkohl gedünstet	Brussels sprouts stewed	172	41	0.347	0.052	2.3	1.61	4.541	0.022
D702000	Baklava	"Baklava" filled puff pastry	2336	561	38	13.36	44.8	27.44	8.16	0.082
X880113	Reis gedünstet mit Pfifferlingen	Rice stewed with chanterelles	591	141	4.5	0.4	20.2	0.57	3.86	0.522
F202152	Nektarine gedünstet	Nectarine stewed	225	53	0.2	0	10.4	9.3	1.2	0.002
G343162	Wirsing gebacken	Savoy cabbage baked	179	43	0.376	0.067	4.7	4	3.269	0.028
X351440	Salatmarinade mit Meerrettich	Salad marinade with horseradish	1452	352	36.71	7.41	2	1.84	1.21	0.575
E612000	Teigwaren eifrei, glutenfrei, roh	Pasta egg-free, gluten-free, raw	1452	343	2.22	0.3	68.7	1.09	8.416	0.005
V250132	Wildschwein Fleisch, gekocht	Wild boar meat, boiled	937	224	11.81	4.125	0	0	29.405	0.225
B406500	Vollkornbrötchen mit Sonnenblumenkernen	Wholemeal roll with sunflower seeds	1241	295	5.68	1.11	45	1.7	10.7	1.352
X532043	Broccoli gedünstet, mit gerösteten Mandelblättchen	Broccoli stewed, with roasted almond flakes	464	112	8.294	0.71	2.5	1.58	4.9	0.272
X880213	Gemüsereis mit Wurzelgemüse und Käse	Rice with root vegetables and cheese	561	134	4.6	0.9	18	2.3	3.8	0.595
V444200	Poularde Fleisch, mit Haut, tiefgefroren	Poulard meat, with skin, deep-frozen	730	175	11	2.4	0	0	19	0.098
K706400	Butterpilz getrocknet	Brown-yellow boletus (slippery jack) dried	1050	253	2.895	0.514	26.29	4.262	20.491	0.12
X556243	Tomaten gefüllt mit Oliven und Schafskäse überbacken	Tomatoes filled with olives and sheep's milk cheese, gratinated	747	180	15.6	6.72	2.37	2.36	6.43	1.325
X810033	Milchreis gesüßt, mit Milch 3,5 % Fett	Rice pudding sweetened, with milk 3.5 % fat	588	140	3.22	1.983	22.4	5.35	4.89	0.108
T791200	Große Sandklaffmuschel tiefgefroren	Softshell clam deep-frozen	227	54	1.31	0.256	0	0	10.5	0.302
D071000	Ausbackteig (mit Milch) gesüßt, roh	Frying batter (with milk) sweetened, raw	953	227	9.6	1.93	27.36	4.26	7	0.138
P9B1000	Cocktail, Campari-Orange	Cocktail, Campari-orange	312	74	0	0	9.4	9.4	0.3	0.018
X711512	Eier-Frischteigwaren Spätzle, selbstgemacht, roh	Fresh egg pasta spaetzle, homemade, raw	929	220	3.93	1	35.54	0.251	9.3	0.802
W343000	Blutwurst-Grundmasse	Blood sausage meat	689	164	7.73	2.58	0.36	0.23	23.28	2
T410132	Lachs pochiert	Salmon poached	780	187	11.947	2.558	0	0	19.9	0.093
U624172	Schwein Kotelett (Rücken/caudal) gegrillt	Pork loin (caudal part) grilled	637	151	2.99	0.971	0	0	30.98	0.135
U020200	Schwein Hackfleisch, tiefgefroren	Pork mince, deep-frozen	1123	271	22.14	7.391	0	0	17.88	0.132
D431500	Baumkuchen/Grillkuchen/Schichtkuchen (Rührmasse)	Layer cake (cake batter)	1926	462	27.38	15.27	46.3	30.3	6.2	0.305
T311182	Flunder gebraten ohne Fett (Pfanne)	Flounder fried without fat (pan)	433	103	2.69	0.621	0	0	19.6	0.425
W288132	Geflügelmortadella gekocht	Poultry mortadella boiled	844	203	16.681	6.392	0.008	0	11.716	1.898
D540400	Quarkstrudel (Strudelteig)	Quark strudel (strudel dough)	1259	300	12.6	7.4	34.1	13	11.1	0.118
D733100	Nusstaler (Mürbeteig)	Nut rounds (shortcrust pastry)	2189	525	31.47	12.34	50.5	19.069	8.14	0.19
X710213	Milchnudeln (Teigwaren eifrei) mit Rosinen	Pasta egg-free, boiled with milk and raisins	694	165	4.9	3.1	23.9	10.8	5.7	0.218
K440132	Yamswurzel gekocht	Yam boiled	509	120	0.2	0.046	26.8	1.9	1.6	0.001
V614182	Hähnchen Herz, gebraten ohne Fett (Pfanne)	Chicken heart, fried without fat (pan)	1128	270	17.66	4.402	0	0	27.89	0.485
U891162	Schaf Hinterhaxe, mager, gebraten ohne Fett (Ofen)	Sheep hindshank, lean, fried without fat (oven)	604	143	3.77	1.184	0	0	27.3	0.245
V513800	Schwein Herz, Kochpökelware	Pork heart, cooked cured	714	170	6.83	2.56	0.797	0.797	26.351	1.8
Y883340	Schwarzwaldbecher mit Quark (mit Alkohol)	Quarkdish with sour cherries, chocolate and cherry brandy	779	186	9.94	5.49	16.1	15.7	5.29	0.07
D039000	Zwieback glutenfrei	Rusk gluten-free	1717	406	6.4	2.742	84	6.1	2.1	0.55
V515142	Lamm Herz, geschmort ohne Fett	Lamb heart, braised without fat	917	219	10.3	4.4	0	0	31.5	0.33
B8B2000	Roggenknusperbrot	Rye crackerbread	1497	354	2.8	0.3	66.4	4.8	9.5	1.32
U741162	Schaf Schnitzel (Keule, mager) gebraten ohne Fett (Ofen)	Sheep schnitzel (leg, lean) fried without fat (oven)	679	161	4.67	2.22	0	0	29.8	0.19
K702400	Trüffel getrocknet	Black truffle (Perigord black truffle) dried	1004	243	1.694	0.299	2	2	27.521	0.64
C218032	Weichweizen Grieß, gekocht	Soft wheat semolina, boiled	164	39	0.1	0.01	8.04	0.083	1.17	0
X551343	Auberginen mit Tomaten gedünstet	Aubergines with tomatoes stewed	227	55	3.647	0.28	3.6	3.5	0.888	0.475
X518412	Karotten und Erbsen gedünstet (mit Fett und Salz)	Carrots and peas stewed (with fat and salt)	318	76	3.33	0.29	7.333	3.619	2.4	0.225
T415152	Königslachs gedünstet	Chinook salmon stewed	681	163	10.419	2.4	0	0	17.355	0.118
X416713	Gemüsesuppe	Vegetable soup	103	25	1.3	0.1	1.9	1.7	0.9	0.6
U351142	Kalb Gulasch (Bug) geschmort ohne Fett	Veal goulash (shoulder) braised without fat	479	113	1.049	0.44	0	0	25.881	0.17
S141000	Schoko-Nuss-Creme	Chocolate-nut cream	2413	581	43.397	10.005	35.4	34.778	10.686	0.125
U532172	Schwein Kammsteak, gegrillt	Pork steak (neck) grilled	943	226	13.89	5.16	0	0	25.26	0.167
T105172	Sardine gegrillt	Sardine grilled	839	201	10.72	2.405	0	0	26.044	0.465
G510172	Aubergine gegrillt	Aubergine grilled	160	38	0.36	0.078	6.04	5.38	1.117	0.02
G220152	Bleichsellerie gedünstet	Stalk celery stewed	65	16	0.1	0	1.5	1.4	1.081	0.175
Y161212	Rinderbraten ohne Sauce	Beef roast without sauce	952	228	12.9	3.61	0.02	0	27.9	0.62
U831172	Schaf Hals/Kamm/Nacken, gegrillt	Sheep scrag, grilled	1068	256	16.77	8	0	0	26.3	0.23
T604600	Katfisch/Steinbeißer, geräuchert	Catfish/wolffish, smoked	523	124	3.58	0.638	0	0	23	1.752
X572312	Mais (Zuckermais) gedünstet (mit Fett und Salz)	Sweetcorn stewed (with fat and salt)	330	79	3.643	0.32	7.8	2.91	2.691	0.165
S142100	Apfelkraut (ohne Zuckerzusatz)	Apple butter, unsweetened	864	205	1.7	0.68	41.1	37.1	1.5	0.008
T305262	Goldbutt/Scholle, tiefgefroren, gebraten ohne Fett (Ofen)	Plaice deep-frozen, fried without fat (oven)	475	112	1.65	0.275	0	0	24.344	0.488
V481200	Pute Fleisch, ohne Haut, tiefgefroren	Turkey meat, without skin, deep-frozen	430	102	2.2	0.623	0	0	20.5	0.232
B6A4100	Mehrkornvollkornknäckebrot mit Ölsamen	Multigrain wholemeal crispbread with oilseeds	1736	415	17.1	2.1	43	1.3	15.8	1.79
Y311712	Schweinelende gebraten im Ofen (mit Fett und Salz)	Pork tenderloin fried in oven (with fat and salt)	586	139	3.57	0.87	0.57	0.57	26.06	0.448
B6A1000	Weizenknäckebrot mit Sesam	Wheat crispbread with sesame seeds	1706	405	9.43	2.05	62	1.115	14.5	1.185
X359253	Senfmarinade für Salat	Mustard marinade for salad	2231	542	58.73	4.21	0.3	0.3	0.66	1.532
V050182	Schnecken gebraten ohne Fett (Pfanne)	Snails edible/escargots, fried without fat (pan)	309	73	1.227	0.219	0	0	15.5	0.198
D0A2100	Schoko-Mandelbiskuitboden	Chocolate-almond sponge cake base	1624	389	20.314	2.7	35.6	35.281	13.934	0.27
D655400	Dicker Honigkuchen	Thick gingerbread cake	1680	398	8.64	2.4	71	41.8	7.21	0.052
E530000	Vollkorneierteigwaren roh	Wholemeal egg pasta raw	1491	353	2.69	0.468	61.95	0.779	14.11	0.042
D630500	Butterkekse/Butterplätzchen (Mürbeteig) schokoliert	Shortbread biscuits, with chocolate icing	2166	518	28.1	16.97	58.24	42.37	6.78	0.421
B106800	Vollkornbrot mit Nüssen	Wholemeal bread with nuts	977	232	4.23	0.401	36	0.94	7.62	1.145
X9A6060	Pfannkuchenteig/Eierkuchenteig, ungesüßt, mit Milch 3,5 % Fett, roh	Pankcake dough unsweetened, with milk 3.5 % fat, raw	689	164	4.72	1.84	22.03	2.08	7.5	0.192
X556812	Tomaten gedünstet (mit Fett und Salz)	Tomatoes stewed (with fat and salt)	195	47	2.26	0.17	4.37	3.59	1.17	0.268
U754182	Schaf Gulasch (Hals/Kamm/Nacken) gebraten ohne Fett (Pfanne)	Sheep goulash (scrag) fried without fat (pan)	948	227	14	6.71	0	0	25.3	0.205
H130800	Haselnussmus	Hazelnut butter (100 % pure)	2761	669	63.939	5.32	4.3	3.889	16.414	0
C552000	Mehrkornflocken	Multigrain flakes	1376	326	3.071	0.623	57.2	1.231	11.569	0.02
B629000	Knusperbrot glutenfrei	Crackerbread gluten-free	1488	351	1.606	0.236	73.6	2.22	7.958	1.418
M2A7200	Milchmischgetränk 1,5 % Fett, mit Kaffee, gesüßt	Milk drink 1.5 % fat, with coffee, sweetened	230	54	1.2	0.7	7.9	7.84	2.85	0.075
V475162	Gans Schenkel, mit Haut, gebraten ohne Fett (Ofen)	Goose leg, with skin, fried without fat (oven)	847	203	11.122	3.128	0	0	25.62	0.248
W115200	Westfälische grobe Mettwurst	Westphalian coarse Mettwurst sausage spreadable	1350	326	28.75	10.8	0.14	0	16.65	3.2
S580600	Schokolade weiß, mit Getreideflakes	Chocolate white, with cornflakes	2228	533	29.98	17.33	59.16	50.63	6.26	0.273
X535043	Kohlrabi gedünstet (mit Fett und Salz) mit Petersilie	Kohlrabi stewed (with fat and salt) with parsley	334	80	6.3	0.5	3.41	3.25	1.73	0.348
T403152	Bachsaibling gedünstet	Brook trout stewed	418	99	2.6	0.568	0	0	18.9	0.115
W511000	Kasseler Kamm, Kochpökelware, geräuchert	Pork neck, cooked cured, smoked	643	154	7.5	3.166	0.611	0.611	20.9	1.8
T612152	Schwertfisch gedünstet	Swordfish stewed	404	96	2.96	0.556	0	0	17.321	0.258
Q6A7100	Mischfett mit überwiegend Milchfett, gesalzen	Mixed fat spread, mainly milk fat, salted	2631	640	70.53	34.69	0.638	0.638	0.58	1.019
T406600	Felchen/Maräne/Renke/Schnäpel, geräuchert	Whitefishes smoked	514	122	3.465	0.745	0	0	22.266	0.4
T209182	Seehecht gebraten ohne Fett (Pfanne)	Hake fried without fat (pan)	428	101	2.17	0.38	0	0	20.425	0.268
Y610412	Heringsfilet gegrillt	Herring fillet grilled	712	171	10.885	2.54	0	0	18.2	0.555
U421162	Kalb Rücken, gebraten ohne Fett (Ofen)	Veal loin, fried without fat (oven)	566	134	2.832	1.186	0	0	27.114	0.252
T617200	Schafskopf (Meerbrasse) tiefgefroren	Sheepshead deep-frozen	433	102	2.41	0.596	0	0	20.2	0.178
G332200	Rosenkohl tiefgefroren	Brussels sprouts deep-frozen	188	45	0.378	0.057	2.51	1.76	4.944	0.025
Y583212	Putenschnitzel natur, gebraten	Turkey schnitzel fried	643	152	2.923	0.58	0	0	31.472	0.37
B6A3100	Roggenvollkornknäckebrot mit Sesam	Wholemeal rye crispbread with sesame seeds	1469	350	6.04	0.855	53.81	1.836	10.48	1.3
X9A2000	Hirsebrei gesüßt, mit Milch 3,5 % Fett	Millet porridge sweetened, with milk 3.5 % fat	602	143	4.08	2.32	20.31	7.02	5.86	0.11
G543042	Gemüsepaprika rot, geschmort ohne Fett	Sweet pepper red, braised without fat	167	40	0.218	0.035	6.8	6.8	1.115	0.003
S242200	Karamelleis	Caramel ice cream	772	184	8.78	4.19	22.16	21.69	4.1	0.092
V417162	Hähnchen Flügel, mit Haut, gebraten ohne Fett (Ofen)	Chicken wings, with skin, fried without fat (oven)	944	226	14.13	3.052	0	0	24.77	0.257
T601400	Barsch/Flussbarsch, gesalzen	European perch salted	376	89	0.7	0.115	0	0	20.6	2.258
V354142	Wachtel Fleisch, ohne Haut, geschmort ohne Fett	Quail meat, without skin, braised without fat	779	184	4.28	1.23	0	0	36.5	0.092
T124200	Gelbflossen-Thun tiefgefroren	Yellowfin tuna deep-frozen	433	102	0.49	0.172	0	0	24.4	0.12
X432342	Flädle/Frittaten/Suppenpfannkuchen, gebraten	"Flädle" fried strips of crepe as soup garnish	1058	253	12.69	2.3	25.28	2.52	8.53	0.275
X611143	Bouillonkartoffeln (mit Fleischbrühe)	Bouillon potatoes (with meat stock)	251	59	0.1	0.01	12.595	0.636	1.48	0.162
X523512	Mangold gedünstet (mit Fett und Salz)	Chard stewed (with fat and salt)	255	62	5.226	0.39	0.881	0.697	1.87	0.82
H511900	Oliven grün, gefüllt mit Mandeln, gesäuert, abgetropft	Olives green, filled with almonds, pickled, drained	848	206	19.5	2.65	0.69	0.654	5.012	3.472
G570162	Zuckermais gebacken	Sweetcorn baked	331	79	1.447	0.194	11.1	3.99	3.859	0.005
X5A3000	Gemüsemischung Kaisergemüse, gekocht (ohne Sauce)	Vegetable mix boiled (without sauce)	130	31	0.366	0.073	3.9	2.74	1.988	0.275
U543162	Schwein Schnitzel (Nuss) gebraten ohne Fett (Ofen)	Pork schnitzel (thick flank) fried without fat (oven)	565	134	2.59	0.78	0	0	27.58	0.148
U727182	Lamm Kotelett, gebraten ohne Fett (Pfanne)	Lamb chop (loin) fried without fat (pan)	1054	253	17.425	7.948	0	0	24.075	0.175
T797132	Venusmuschel gekocht	Venus clam boiled	310	73	1.2	0.23	1.8	0	13.8	0.875
H861062	Tofu gebacken	Tofu baked	670	160	7.819	1.283	0	0	21.542	0.045
P9B3000	Cocktail, Campari-Tonic	Cocktail, Campari-tonic	199	47	0	0	6.3	6.3	0	0.012
V217200	Hirsch Rücken, tiefgefroren	Venison saddle, deep-frozen	474	112	3.34	1.268	0	0	20.6	0.158
U482162	Kalb Keule, gebraten ohne Fett (Ofen)	Veal round, fried without fat (oven)	485	114	0.778	0.326	0	0	26.854	0.232
X432252	Teigwaren eifrei (mit Salz gekocht), Suppeneinlage	Pasta egg-free (boiled with salt) as soup garnish	616	145	0.7	0.101	28.596	0.838	5.4	0.127
M200200	Milchmischgetränk 1,5 % Fett, aromatisiert, gesüßt	Milk drink 1.5 % fat, flavoured, sweetened	244	58	1.48	0.973	7.71	7.71	3.35	0.085
G480182	Speisezwiebel gebraten ohne Fett (Pfanne)	Onion fried without fat (pan)	225	53	0.238	0.04	9.54	9.54	1.835	0.035
G343142	Wirsing geschmort ohne Fett	Savoy cabbage braised without fat	273	65	0.566	0.101	7.3	6.2	4.913	0.04
V604100	Hähnchen Innereien, roh	Chicken giblets, raw	444	106	4.37	1.204	0	0	16.61	0.258
T406200	Felchen/Maräne/Renke/Schnäpel, tiefgefroren	Whitefishes deep-frozen	476	113	3.21	0.69	0	0	20.625	0.37
T417400	Wildlachs gesalzen	Pacific salmon salted	863	207	13.145	2.814	0	0	22.127	3.045
U733200	Schaf Filetsteak, tiefgefroren	Sheep fillet steak, deep-frozen	497	118	2.97	1.35	0	0	22.79	0.122
S421000	Marzipan Rohmasse	Marzipan raw paste	1730	415	24.9	2.16	37.21	37.077	8	0.012
P5A2000	Fruchtsahnelikör	Fruit cream liqueur	1015	242	3.17	1.688	29	29	0.3	0.07
E811000	Frischteigwaren eifrei, roh	Fresh pasta egg-free, raw	610	145	2.65	0.3	23.19	0.61	6.2	1.055
U672200	Schwein Vordereisbein/Vorderhaxe, tiefgefroren	Pork foreshank (hock) deep-frozen	837	200	12.06	3.822	0	0	22.99	0.251
T604152	Katfisch/Steinbeißer, gedünstet	Catfish/wolffish, stewed	315	75	2.03	0.484	0	0	14.107	0.265
U235132	Rind Hochrippe, gekocht	Beef forerib/prime rib, boiled	757	181	8.504	3.819	0	0	26.049	0.1
S582400	Teigschnitte gefüllt mit Milchcreme	Sponge cake slice filled with milk cream	1754	421	27.8	13.6	34	24.4	8	0.605
D433200	Quarknapfkuchen (Rührmasse)	Quark ring cake (cake batter)	1578	376	16.1	8.2	47.7	26.9	8.5	0.532
U255132	Rind Brustkern/Mittelbrust, gekocht	Beef brisket/centre cut, boiled	1121	269	17.491	8.1	0	0	27.878	0.142
K724152	Shiitakepilz gedünstet	Shiitake mushroom stewed	174	42	0.3	0	3.35	3.35	3.5	0.004
B8B5000	Weizenknusperbrot (mit Butter)	Wheat crackerbread (made with butter)	1681	398	5.81	3.14	71.8	1.448	11.93	0.308
B416800	Weizenvollkornbrötchen mit Nüssen	Wholemeal wheat roll with nuts	1278	304	6.84	1.188	45	1.4	10.7	1.352
D463100	Dresdner Stollen (Hefeteig) mit Alkohol	Dresden stollen (yeast dough) with alcohol	1621	388	17.6	10.7	46.2	34	6.3	0.7
Y235022	Kalbssteak gebraten (mit Fett und Salz)	Veal steak fried (with fat and salt)	521	124	3.97	1.18	0.01	0	22	0.47
X5A8000	Grüne Bohnen gekocht	Green beans boiled	116	28	0.232	0.068	3.4	2.19	2.161	0.222
G220142	Bleichsellerie geschmort ohne Fett	Stalk celery braised without fat	76	18	0.1	0	1.7	1.6	1.305	0.212
T793182	Pilgermuschel/Jakobsmuschel, gebraten ohne Fett (Pfanne)	Scallop fried without fat (pan)	287	68	0.112	0.034	0	0	16.652	0.708
W010000	Mürbeteig für Fleisch-/Wurstpasteten, roh	Shortcrust pastry for meat/sausage pate, raw	1641	393	22.75	14.21	39.24	0.33	6.4	0.965
V654200	Hähnchen Magen, tiefgefroren	Chicken stomach, deep-frozen	344	82	2	0.576	0	0	15.9	0.204
T512182	Schleie gebraten ohne Fett (Pfanne)	Tench fried without fat (pan)	388	92	0.832	0.236	0	0	21.019	0.088
Y121032	Rinderkotelett gebraten	Beef chop fried	798	190	7.62	2.57	0.03	0.03	30.12	0.73
U109182	Rind Ochsenschwanz, gebraten ohne Fett (Pfanne)	Beef oxtail, fried without fat (pan)	1096	263	15.8	7.174	0	0	30.1	0.345
Y880312	Quarkspeise mit Ananas	Quark dish with pineapple	507	121	5.06	2.751	12.33	12.33	5.95	0.09
F552600	Kapstachelbeersaft/Physalissaft	Cape gooseberry juice	286	68	0.88	0.08	12.712	12.712	2.07	0.004
X547063	Lauch/Porree, gedünstet (mit Fett und Salz)	Leek stewed (with fat and salt)	369	89	6.04	0.45	5	4	2.27	0.69
F212152	Sauerkirsche gedünstet	Sour cherry stewed	337	80	0.575	0.127	15.799	14.65	1.034	0.002
G350182	Romanesco gebraten ohne Fett (Pfanne)	Romanesco broccoli fried without fat (pan)	296	71	0.56	0.084	10.65	4.32	4.848	0.06
Y422032	Lammkotelett natur, gebraten	Lamb chop fried	1211	291	21.69	7.92	0.03	0	23.98	0.602
N257000	Fruchtsaftschorle Orange	Orange juice spritzer	100	24	0	0	4.931	4.931	0.435	0.005
U121172	Rind Kotelett (Rücken) gegrillt	Beef chop (loin) grilled	636	151	5.101	2.228	0	0	26.283	0.142
X431242	Eierstich, Suppeneinlage	Custard royale (diced egg custard) as soup garnish	422	101	6.86	2.858	2.1	2.1	7.75	0.595
X330043	Grundsauce dunkel/braun (von Fleischbrühe)	Basic sauce brown (from meat stock)	317	76	5.4	0.4	5.53	0.02	1.14	0.642
E131132	Entenei gekocht	Duck egg boiled	756	182	14.4	3.852	0.34	0.34	12.8	0.25
M863000	Obatzter/Obazda, Käsezubereitung 60 % Fett i. Tr.	Obatzter/Obazda (Bavarian cheese spread) 60 % fat in dry matter	1233	298	27.19	17.476	1.53	1.46	11.64	1.498
X9A4020	Pfannkuchen/Eierkuchen, ungesüßt, mit Milch 3,5 % Fett, gebraten in Butter	Pancakes unsweetened, with milk 3.5 % fat, fried in butter	1069	255	10.68	5.49	30.2	2.55	8.43	0.332
U533182	Schwein Schmetterlingssteak, gebraten ohne Fett (Pfanne)	Pork steak (loin) fried without fat (pan)	682	162	6.2	2.3	0	0	26.6	0.116
B521000	Roggenbrötchen	Rye roll	1150	273	2.87	0.85	49	0.821	8.27	1.418
U881200	Schaf Keule, mager, tiefgefroren	Sheep leg, lean, deep-frozen	540	128	4.2	2	0	0	22.6	0.16
G583132	Chayote gekocht	Chayote boiled	141	34	0.098	0.025	5.69	5	0.76	0.005
V435132	Suppenhuhn Schenkel, mit Haut, gekocht	Boiling fowl leg, with skin, boiled	941	226	15.088	3.339	0	0	22.5	0.087
Y846150	Erdbeerschaum (mit Sahne)	Strawberry mousse	609	145	6.323	3.279	19.236	19.208	1.9	0.068
F224152	Mirabelle gedünstet	Mirabelle plum stewed	360	85	0.23	0.03	19.287	16.287	0.839	0
T730200	Hummer tiefgefroren	Lobster deep-frozen	341	81	1.9	0.24	0	0	15.9	0.675
D7A2200	Erdnussplätzchen (Mürbeteig)	Peanut biscuits (shortcrust pastry)	2056	492	25	11.1	54.5	19.8	10.4	0.465
N410300	Kaffee (Getränk) mit Milch 3,5 % Fett und Zucker	Coffee (infusion) with milk 3.5 % fat and sugar	43	10	0.11	0.072	1.93	1.93	0.23	0.012
Y446123	Lammcurry	Lamb curry (with sauce)	1384	333	26.3	10.39	1.2	1.2	22.72	0.65
Y135432	Rindersteak gegrillt	Beef steak grilled	754	180	8.46	2.42	0.01	0	25.92	0.458
V544132	Schaf Lunge, gekocht	Sheep lungs, boiled	369	88	2.3	0.7	0	0	16.7	0.262
D710200	Löffelbiskuits	Sponge fingers	1686	399	6.5	1.71	71.5	33.18	12.59	0.63
W191000	Landjäger	Landjäger sausage raw, small, firm	1509	364	30.52	11.82	0.033	0.014	22.33	3.8
G614132	Weiße Rübe/Wasserrübe/Herbstrübe, gekocht	Turnip boiled	162	39	0.213	0.029	6.37	5.49	0.958	0.128
W144000	Salami Italienische Art, mit Lammfleisch	Salami Italian-type, with lamb meat	1463	353	29.14	11.1	0.23	0	22.36	3.8
M2R8300	Joghurt mind. 3,5 % Fett, mit Vanillezubereitung, gesüßt	Yogurt min. 3.5 % fat, with vanilla preparation, sweetened	397	94	3.05	2	12.5	11.64	3.51	0.09
H800400	Mandeldrink gesüßt, aromatisiert, angereichert mit Vitaminen und Calcium	Almond drink sweetened, flavoured, fortified with vitamins and calcium	145	35	2.097	0.18	3.08	3.05	0.84	0.125
D614000	Müslikekse glutenfrei	Muesli biscuits gluten-free	1811	432	20.219	9.76	55.2	29.481	5.992	0.092
X548912	Zwiebeln gedünstet (mit Fett und Salz)	Onions stewed (with fat and salt)	274	66	4.4	0.3	4.88	4.88	0.97	0.36
Y341013	Schweinegulasch mit Tomaten und Zwiebeln	Pork goulash with tomatoes and onions	465	111	4.71	0.9	3.29	3.29	13.27	0.385
V224100	Reh Rücken, mariniert, roh	Roe deer saddle, marinated, raw	482	114	3.29	1.25	0.34	0.34	20.7	1.068
V485182	Pute Keule, ohne Haut, gebraten ohne Fett (Pfanne)	Turkey leg, without skin, fried without fat (pan)	699	166	5.309	2.044	0	0	29.544	0.27
H120610	Walnuss geröstet ohne Fett	Walnut roasted without fat	3027	734	72.041	6.648	3	2.735	16.07	0
X442043	Grundsuppe dunkel	Basic soup dark	197	47	3.4	0.3	3.23	0.014	0.84	0.722
B111000	Weizenvollkornbrot	Wholemeal wheat bread	760	180	0.86	0.142	31.9	1	7.554	1.155
Y841263	Süßkirschkompott	Sweet cherry compote	394	93	0.236	0.053	21.5	20.23	0.686	0.002
H130400	Haselnuss gemahlen	Hazelnut ground	2732	662	63.3	5.267	4.2	3.85	16.25	0
D085000	Wiener Tortenboden (hell)	Viennese sponge cake base (light)	1519	362	15.46	8.19	46.75	26.822	8.45	0.195
U872200	Schaf Vorderhaxe, mittelfett, tiefgefroren	Sheep foreshank, medium fat, deep-frozen	749	180	11.6	3.6	0	0	18.8	0.15
U452132	Kalb Brust, gekocht	Veal breast, boiled	965	232	15.214	6.368	0	0	23.657	0.245
C327032	Buchweizen Grütze, gekocht	Buckwheat groats, boiled	379	89	0.431	0.066	16.99	0.097	3.62	0
T506200	Wels tiefgefroren	European catfish deep-frozen	534	128	7.4	1.816	0	0	15.3	0.048
Y7A2020	Lachs-Dillcreme (mit Frischkäse)	Salmon-cream cheese with dill weed	952	230	19.5	10.67	2.46	2.46	10.7	1.59
G660152	Knollensellerie gedünstet	Celeriac stewed	111	27	0.297	0.06	2.5	1.901	1.396	0.172
S155000	Apfeldicksaft	Apple syrup	1283	302	0	0	72.619	65.758	0.665	0.102
D610600	Zuckerlis (Eiklarmasse)	"Zuckerlis" almond meringue	1816	434	21.721	2.87	43.9	34.63	12.996	0.25
V4A6182	Hähnchen Brust, ohne Haut, gebraten ohne Fett (Pfanne)	Chicken breast, without skin, fried without fat (pan)	577	136	2.15	0.487	0	0	29.28	0.173
X8A1000	Brühreis (mit Gemüsebrühe)	Boiled rice (with vegetable stock)	600	142	1.3	0.8	28.9	0.5	3.15	0.59
W288182	Geflügelmortadella gebraten ohne Fett (Pfanne)	Poultry mortadella fried without fat (pan)	1136	274	22.669	8.688	0.011	0	15.398	2.588
U522800	Schwein Stielkotelett, Kochpökelware	Pork chop (loin) cooked cured	567	135	6.84	2.305	0.438	0.438	18.01	1.8
U402000	Kalb Fleisch, fett- und sehnenfrei (KA I) roh	Veal meat, fat and tendon free (KA I) raw	494	117	3.824	1.673	0	0	20.737	0.228
X880453	Curryreis	Curried rice	573	136	4.536	0.34	21.3	0.08	2.185	0.092
V484162	Pute Fleisch, mit Haut, gebraten ohne Fett (Ofen)	Turkey meat, with skin, fried without fat (oven)	923	221	11.333	2.898	0	0	29.627	0.168
X5A6000	Artischocken gedünstet mit Orangensaft	Artichokes stewed with orange juice	260	63	3.4	0.3	3.5	3.5	1.56	0.508
T410072	Lachs gegrillt	Salmon grilled	858	206	12.649	2.707	0	0	22.944	0.094
V320200	Rebhuhn Fleisch, tiefgefroren	Partridge meat, deep-frozen	1039	248	12	3.9	0	0	35	0.25
N4A1000	Kaffee (Getränk) mit Mandeldrink, ungesüßt	Coffee (infusion) with almond drink, unsweetened	8	2	0.072	0.006	0.006	0.006	0.14	0.014
C515600	Cornflakes gesüßt, mit Zuckerglasur	Cornflakes sweetened, sugar frosted	1626	383	0.54	0.073	88.35	35.41	4.62	0.745
X521043	Spinat gedünstet, mit Sahne	Spinach stewed, with cream	353	85	7.307	1.49	1.46	1.27	2.388	0.432
V531182	Rind Leber, gebraten ohne Fett (Pfanne)	Beef liver, fried without fat (pan)	670	159	4.575	1.434	6.625	0	22.812	0.308
T309282	Seezunge tiefgefroren, gebraten ohne Fett (Pfanne)	Sole deep-frozen, fried without fat (pan)	366	86	0.788	0.129	0	0	19.831	0.305
V402162	Baby-Pute Fleisch, mit Haut, gebraten ohne Fett (Ofen)	Young turkey meat, with skin, fried without fat (oven)	893	213	9.053	2.313	0	0	32.853	0.175
T061152	Hornfisch/Hornhecht, gedünstet	Garfish stewed	403	96	3	0.603	0	0	17.2	0.155
U852132	Schaf Brust, mittelfett, gekocht	Sheep breast, medium fat, boiled	997	239	13.8	6.4	0	0	28.6	0.198
V438132	Suppenhuhn Innereien, gekocht	Boiling fowl giblets, boiled	854	204	11.51	3.02	0	0	25.2	0.18
Y562032	Hähnchenbrustfilet gebraten	Chicken breast fillet fried	613	145	2.44	0.35	0	0	30.73	0.391
Y638332	Steinbuttfilet pochiert (ohne Sauce)	Turbot fillet poached (without sauce)	284	67	1.487	0.261	0	0	13.454	0.375
X552153	Schmorgurken	Cucumbers braised	567	137	12.86	3.55	3.05	3.04	1.59	0.34
K701200	Champignon tiefgefroren	Button mushroom deep-frozen	149	36	0.342	0.06	3.6	0.2	4.58	0.123
X423363	Rinderkraftbrühe mit Perlgraupen	Beef consomme with pearl barley	101	24	0.3	0.023	4.1	0.115	1.07	0.588
U221800	Rind Roastbeef (Rücken) Rohpökelware	Beef roastbeef (loin) raw cured	514	122	3.977	1.736	0.47	0.47	21.119	4.5
B781600	Dinkelvollkornbaguette	Wholemeal spelt baguette	959	227	1.98	0.361	40	1.8	8.8	1.215
D076000	Ausbackteig (mit Bier) ungesüßt, roh	Frying batter (with beer) unsweetened, raw	898	214	8.45	1.06	25.09	0.262	5.9	0.11
U563142	Schwein Roulade (Oberschale) geschmort ohne Fett	Pork meat for olives (topside) braised without fat	642	152	3.09	0.95	0	0	31.01	0.104
T615142	Rotbarsch/Goldbarsch, gedämpft	Ocean perch/redfish, steamed	355	84	3.3	0.679	0	0	13.7	0.202
S538900	Vollmilchschokolade mit alkoholhaltiger Füllung	Whole milk chocolate with alcoholic filling	2050	490	23.5	14.15	54.84	54.42	8.5	0.148
N540100	Zichorienkaffee (Getränk)	Chicory coffee (infusion)	24	6	0.03	0.002	0.97	0.144	0.129	0.012
U622800	Schwein Kotelett (Rücken/cranial) Kochpökelware	Pork loin (cranial part) cooked cured	567	135	6.84	2.305	0.438	0.438	18.01	1.8
X5A9000	Karotten/Möhren, gekocht	Carrots boiled	167	40	0.399	0.093	6.53	6.429	0.837	0.312
X5A7010	Kürbis gebacken	Pumpkin baked	285	69	3.23	0.25	6.66	5.83	1.26	0.37
D651300	Printen	"Printen" brown gingerbread biscuits	1619	383	6.6	4.01	74.4	41.9	5.2	0.482
D730600	Spekulatius (Mürbeteig)	"Spekulatius" spiced almond biscuits (shortcrust pastry)	2033	486	25.41	13.24	53.9	19.723	8.73	0.215
K110143	Kartoffel geschält, druckgedämpft	Potatoe peeled, pressure-steamed	345	81	0.04	0.034	17.353	0.873	2.08	0.004
B551100	Weizenmischbrötchen mit Kürbiskernen	Wheat-rye roll (> 50 % and < 90 % wheat) with pumpkin seeds	1282	304	5.16	1.22	51	1.7	10.1	1.355
V217142	Hirsch Rücken, geschmort ohne Fett	Venison saddle, braised without fat	591	140	3.66	1.389	0	0	26.808	0.13
G345600	Gemüsesaft aus Sauerkraut	Sauerkraut juice	75	18	0.248	0.058	0.79	0.616	0.956	1.07
E112162	Hühnerei Eigelb, gebacken	Chicken egg yolk, baked	1712	414	37.711	10.24	0.253	0.253	18.4	0.158
G570172	Zuckermais gegrillt	Sweetcorn grilled	301	72	1.323	0.178	10.1	3.65	3.456	0.005
K740152	Austernpilz gedünstet	Oyster mushroom stewed	185	45	0.31	0.043	1.78	1.56	4.66	0.02
D073000	Brandmasse/Brandteig, roh	Choux pastry raw	744	178	9.29	4.76	16.21	0.223	6.75	0.168
X356050	Quarkdressing	Quark dressing	267	63	1.15	0.76	3.61	3.59	8.35	0.46
T601600	Barsch/Flussbarsch, geräuchert	European perch smoked	360	85	0.6	0.107	0	0	19.86	0.128
Y524233	Rehragout	Roe deer ragout	607	144	3.5	0.61	2.1	2.1	20	0.515
G760262	Erbse grün, tiefgefroren, gebacken	Pea green, deep-frozen, baked	386	92	0.824	0.171	11.9	6.4	5.8	0.012
D041000	Erdnussflips	Peanut puffs	1996	478	25	3.5	43.6	2.5	15.2	1.39
U861200	Schaf Bug/Schulter, mager, tiefgefroren	Sheep shoulder, lean, deep-frozen	585	140	6.76	2.3	0	0	19.7	0.175
D730700	Käseplätzchen salzig (Mürbeteig)	Shortcake cheese biscuits salted	2189	527	40.54	25.71	25.1	0.315	14.4	0.282
B121400	Roggenvollkornbrot mit Sonnenblumenkernen	Wholemeal rye bread with sunflower seeds	873	208	3.01	0.33	33	1.092	6.44	1.092
G484152	Perlzwiebel gedünstet	Pearl onion stewed	139	33	0.147	0.024	5.89	5.89	1.133	0.022
G510142	Aubergine geschmort ohne Fett	Aubergine braised without fat	101	24	0.223	0.048	3.78	3.36	0.705	0.012
F116600	Apfelnektar mit Süßungsmitteln	Apple nectar with artificial sweeteners	94	22	0	0	5.294	4.794	0.048	0.012
V635182	Ente Leber, gebraten ohne Fett (Pfanne)	Duck liver, fried without fat (pan)	726	173	6.82	2.1	1.765	0	26.1	0.338
K750400	Mischpilze getrocknet	Mixed mushrooms dried	1070	257	2.2	0.325	16.5	7.42	26.8	0.095
Y8A8000	Backteig gesüßt, mit Milch 3,5 % Fett, roh	Frying batter sweetened, with milk 3.5 % fat, raw	970	231	9.53	1.9	28.36	4.2	7.1	0.138
Y243132	Kalbfleischspieße gegrillt	Veal skewer grilled	402	96	3.2	0.44	5.1	5.1	10.8	0.598
D616000	Haselnussplätzchen glutenfrei	Hazelnut biscuits gluten-free	2307	554	36.105	16.88	50.7	17.097	5.2	0.025
X9A6010	Backteig ungesüßt, mit Milch 3,5 % Fett, roh	Frying batter unsweetened, with milk 3.5 % fat, raw	746	177	3.61	1.49	27.3	1.94	7.81	0.635
G332132	Rosenkohl gekocht	Brussels sprouts boiled	199	47	0.4	0.043	5	3.7	3.8	0.012
V432132	Suppenhuhn Fleisch, mit Haut, gekocht	Boiling fowl meat, with skin, boiled	1024	246	16.419	5.258	0	0	24.485	0.095
T615600	Rotbarsch/Goldbarsch, geräuchert	Ocean perch/redfish, smoked	608	145	5.5	1.033	0	0	23.8	1.382
X821212	Reis poliert, gedünstet (mit Fett und Salz)	White rice stewed (with fat and salt)	511	122	4.018	0.3	19	0.28	1.984	0.082
Y880040	Quarkspeise einfach, mit Schokolade	Quark dish simple, with chocolate	495	117	2.77	1.72	15.01	14.9	7.47	0.078
S622300	Pralinen gefüllt mit Pfefferminzcreme	Pralines filled with peppermint cream	2030	486	19.36	11.64	61.7	41	3.97	0.013
B314072	Weizentoastbrot/Buttertoastbrot, getoastet	Wheat toast/butter toast, toasted	1346	319	4.378	2.666	57.074	4.513	10.11	1.822
D793100	Müslikekse (Vollkornmürbeteig)	Wholemeal muesli biscuits (shortcrust pastry)	1702	405	13.2	6	59.2	35.7	8.5	0.185
D026000	Vollkornzwieback	Wholemeal rusk	1679	398	6.16	2.4	68	10.746	12.26	0.94
F545182	Kochbanane gebraten ohne Fett (Pfanne)	Plantain fried without fat (pan)	819	193	0.1	0.173	44	11.5	1.76	0.01
D6A4000	Florentiner (Mandelmasse)	Florentine biscuits (almond mass)	2225	536	39.48	14.08	31.5	30.8	10.65	0.028
X8A1050	Milchreis gesüßt, mit Mandeldrink	Rice pudding sweetened, with almond drink	583	138	3.17	0.29	23.3	1.7	3.57	0.108
Y292012	Kalbfleisch gekocht (mit Fett und Salz)	Veal boiled (with fat and salt)	1267	305	22.719	8.16	0	0	25.058	0.838
B710900	Dinkelbrot mit Sonnenblumenkernen	Spelt bread with sunflower seeds	1041	247	4.08	0.7	41	0.494	9.13	1.132
V468200	Ente Innereien, tiefgefroren	Duck giblets, deep-frozen	645	154	9.21	2.42	0	0	17.9	0.192
U751182	Schaf Gulasch (Bug, mager) gebraten ohne Fett (Pfanne)	Sheep goulash (shoulder, lean) fried without fat (pan)	762	182	7.95	2.72	0	0	27.5	0.22
S242500	Speiseeis (Nuss, Schoko, Vanille) gemischt	Ice cream mixed (chocolate, vanilla, nut)	929	222	11.15	6.726	26.22	21.83	3.13	0.094
B256700	Weizenmischbrot mit Nüssen	Wheat-rye bread (> 50 % and < 90 % wheat) with nuts	1026	243	4.07	0.39	41	0.698	7.5	1.148
K130362	Pommes frites tiefgefroren, gebacken, gesalzen	Potato chips/french fries, deep-frozen, baked, salted	701	167	4.31	0.4	27.3	0.209	3.01	0.545
U403100	Kalb Fleisch, geringer Sehnenanteil, sichtbarer Fettanteil max. 5 % (KA II) roh	Veal meat, low tendon content, visible fat content max. 5 % (KA II) raw	636	152	8.029	3.586	0	0	19.951	0.218
T313182	Rotzunge gebraten ohne Fett (Pfanne)	Witch fried without fat (pan)	354	84	1.12	0.161	0	0	18.406	0.322
D025000	Vollkornzwieback ungesüßt	Wholemeal rusk unsweetened	1707	406	9.1	2.3	62	0.747	13.07	1.172
M2Q8320	Milchmischgetränk 3,5 % Fett, mit Kakao/Schokolade, gesüßt, angereichert mit Vitaminen	Milk drink 3.5 % fat, with cocoa/chocolate, sweetened, fortified with vitamins	325	78	3.5	2.3	7.6	7.55	3.7	0.095
U255800	Rind Brustkern/Mittelbrust, Rohpökelware	Beef brisket/centre cut, raw cured	768	184	12.506	5.791	0.47	0.47	17.484	4.5
C532100	Vollmilchschokolade mit Puffreis und Crispies	Whole milk chocolate with puffed rice and crispies	2182	522	29.56	17.61	56.3	43.24	6.55	0.167
V486162	Pute Brust, ohne Haut, gebraten ohne Fett (Ofen)	Turkey breast, without skin, fried without fat (oven)	696	164	1.414	0.515	0	0	37.871	0.132
U867132	Lamm Bug/Schulter, gekocht	Lamb shoulder, boiled	724	172	5.841	2.004	0	0	29.857	0.168
U382200	Kalb Kochfleisch (Brust) tiefgefroren	Veal meat for boiling (breast) deep-frozen	834	200	13.993	5.857	0	0	18.585	0.155
G482142	Frühlingszwiebel/Lauchzwiebel, geschmort ohne Fett	Spring onion braised without fat	142	34	0.24	0.04	3.7	3.5	2.4	0.038
N410400	Kaffee (Getränk) mit Kondensmilch 7,5 % Fett	Coffee (infusion) with evaporated milk 7.5 % fat	23	5	0.252	0.138	0.311	0.311	0.33	0.018
U131182	Rind Steak (Rücken) gebraten ohne Fett (Pfanne)	Beef steak (loin) fried without fat (pan)	700	166	5.532	2.49	0	0	29.124	0.158
X532512	Broccoli gedünstet (mit Fett und Salz)	Broccoli stewed (with fat and salt)	339	82	5.64	0.48	2.4	1.43	3.738	0.468
G620162	Karotte/Möhre, gebacken	Carrot baked	197	47	0.471	0.109	7.613	7.494	0.988	0.067
G212152	Gemüseamaranth gedünstet	Chinese spinach stewed	90	22	0.35	0.092	0.98	0.79	2.62	0.052
V535182	Lamm Leber, gebraten ohne Fett (Pfanne)	Lamb liver, fried without fat (pan)	603	144	5.59	1.72	1.1	0	22.2	0.162
S491000	Sesam-Krokant	Sesame brittle	2031	488	25.704	3.851	44.7	32.9	10.657	0.06
F140152	Quitte gedünstet	Quince stewed	227	54	0.515	0.039	8.4	7.193	0.433	0.005
X574412	Dicke Bohnen gedünstet (mit Fett und Salz)	Broad beans stewed (with fat and salt)	383	92	4.9	0.42	5.1	1	4.5	0.368
G220132	Bleichsellerie gekocht	Stalk celery boiled	71	17	0.1	0	1.5	1.4	1.227	0.165
S570500	Bitterschokolade gefüllt mit Gewürzcreme	Dark chocolate with spice cream	2204	531	39.78	24	32.1	29.4	7.15	0.03
N630500	Schwarztee (Getränk) mit Sahne 30 % Fett und Zucker	Black tea (infusion) with cream 30 % fat and sugar	72	17	1.038	0.552	1.907	1.907	0.076	0.008
X512053	Pfifferlinge gedünstet	Chanterelles stewed	401	97	7.3	1	1.5	1.1	4.61	0.42
Y720143	Rührei gebraten	Scrambled eggs fried	841	203	16.61	2.98	0.39	0.38	12.88	0.705
B8A5000	Sauerteigbrot mit Kürbiskernen, glutenfrei	Sourdough bread with pumpkin seeds, gluten-free	982	234	7.4	1.2	30.6	1	9.1	1.002
Y221232	Kalbskotelett natur, gebraten	Veal chop fried	579	138	4.414	1.31	0	0	24.449	0.5
X930512	Buchweizenpfannkuchen ungesüßt, gebraten	Pancakes made from buckwheat flour, unsweetened, fried	1085	259	10.8	1.03	31.53	0.461	7.51	0.182
T309252	Seezunge tiefgefroren, gedünstet	Sole deep-frozen, stewed	278	66	0.667	0.11	0	0	14.911	0.29
Q993000	Salatmayonnaise (Fertigprodukt)	Salad mayonnaise (ready-made product)	2018	490	50.751	4.2	7.295	4.891	0.4	1.288
D7B3000	Butterkekse/Butterplätzchen, kakaohaltig (Mürbeteig)	Shortbread biscuits, containing cocoa	2201	527	30.63	19.38	54	20.735	6.77	0.165
Q4B1000	Pflanzencreme zum Braten und Kochen	Vegetable fat cooking liquid	2720	662	73.5	6.31	0	0	0	0.624
D657300	Pflastersteine	"Pflastersteine" thick convex gingerbread biscuits	1812	430	10.05	4.38	76.7	39.674	6.39	0.058
X493243	Holundersuppe mit Apfel, gebunden mit Stärke	Elderberry soup with apple, thickened with starch	284	67	0.948	0.092	11.2	10.69	1.373	0.005
T204232	Dorsch/Kabeljau, tiefgefroren, pochiert	Cod deep-frozen, poached	279	66	0.585	0.142	0	0	15.148	0.245
Y687163	Schnecken im Sud gekocht	Snails boiled in stock	328	78	1.289	0.231	0	0	16.5	0.27
G581062	Kürbis Hokkaido (C. maxima) gebacken	Hokkaido pumpkin baked	150	35	0.235	0.055	6.233	5.4	1.647	0.02
D482200	Zwetschgenkuchen (Mürbeteig)	Blue plum tart (shortcrust pastry)	905	216	9.61	5.84	28.12	11	3.21	0.045
S440000	Gelee-Früchte	Jelly fruit	1402	331	0	0	78.6	70.3	0.015	0.01
W512000	Kasseler Rippenspeer, Kochpökelware, geräuchert	Pork loin spare ribs, cooked cured, smoked	550	131	6.82	2.301	0.437	0.437	17.07	1.8
U632700	Schwein Kamm, Rohpökelware, geräuchert	Pork neck, raw cured, smoked	691	165	10.19	3.795	0.492	0.492	17.95	4.5
X476512	Tsatsiki	Tsatsiki	337	81	6.02	3.93	3.5	3.5	2.4	0.308
X991442	Graupen nach Risottoart	Pearl barley prepared like risotto	472	112	3.3	0.7	16.4	1.16	3.61	0.77
D750200	Streuselschnecken (Hefeteig)	Danish swirl (yeast dough) with crumbles	1649	393	16.31	9.82	52	14.64	8.1	0.082
D651700	Backoblaten	Round baking wafers	1415	334	0.85	0.11	69.58	0.279	9.53	0.002
F323152	Johannisbeere schwarz gedünstet	Black currant stewed	254	60	0.232	0.027	9.16	9.16	1.447	0.003
D4A6100	Hefezopf mit Sultaninen	Braided yeast bread with sultanas	1473	349	7.1	4	60	14.8	8.9	0.08
X930252	Quarkpfannkuchen ungesüßt, gebraten	Quark pancakes unsweetened, fried	821	196	10.5	1.5	17.15	1.78	7.6	0.15
V413182	Hähnchen Fleisch, ohne Haut, gebraten ohne Fett (Pfanne)	Chicken meat, without skin, fried without fat (pan)	656	156	5.1	0.883	0	0	27.5	0.232
M208000	Milchmischgetränk 3,5 % Fett, mit Kaffee, gesüßt	Milk drink 3.5 % fat, with coffee, sweetened	320	76	3.72	2.238	7.92	7.92	2.75	0.07
Y842253	Reneclaudenkompott	Greengage compote	319	75	0	0	17.5	15.6	0.6	0.005
X702042	Vollkorn-Eier-Frischteigwaren selbstgemacht, roh	Fresh wholemeal egg pasta, homemade, raw	937	222	3.62	0.84	33.35	0.5	10.77	0.542
K701152	Champignon gedünstet	Button mushroom stewed	170	41	0.386	0.068	4.2	0.3	5.15	0.146
G331182	Kohlrabi gebraten ohne Fett (Pfanne)	Kohlrabi fried without fat (pan)	223	53	0.296	0.052	7.19	6.859	3.593	0.092
X4B1000	Pfirsichkaltschale gebunden mit Stärke	Cold peach soup thickened with starch	260	61	0.081	0.008	13.57	11.71	0.7	0.002
S580300	Schokolade weiß, mit Kokoschips	Chocolate white, filled with coconut chips	2350	564	36.06	22.91	52.699	52.643	6.28	0.236
V514182	Schaf Herz, gebraten ohne Fett (Pfanne)	Sheep heart, fried without fat (pan)	668	159	6.99	2.67	0	0	24.1	0.29
T020132	Tintenfisch gekocht	Common cuttlefish boiled	302	71	1.22	0.36	0	0	15.094	1.028
T615200	Rotbarsch/Goldbarsch, tiefgefroren	Ocean perch/redfish, deep-frozen	388	92	3.47	0.712	0	0	15.3	0.2
G230162	Mangold gebacken	Chard/leaf beet, baked	84	20	0.329	0.033	1.026	0.812	2.176	0.638
S463000	Dragee-Streusel	Hundreds and Thousands sprinkles	1728	408	1.8	1.5	96.2	92.1	0.237	0.02
T305162	Goldbutt/Scholle, gebraten ohne Fett (Ofen)	Plaice fried without fat (oven)	440	104	1	0.18	0	0	23.7	0.189
G480162	Speisezwiebel gebacken	Onion baked	167	39	0.176	0.029	7.08	7.08	1.36	0.028
T720200	Languste tiefgefroren	Spiny lobster/rock lobster/crawfish, deep-frozen	333	79	1.1	0.13	0	0	17.2	0.455
F110700	Apfelnektar	Apple nectar	155	37	0	0	8.894	8.394	0.048	0.01
G898300	Tafel-Meerrettich Konserve	Horsereadish canned	712	171	11.922	0.88	9.451	7.697	3.172	0.47
B822000	Paniermehl glutenfrei	Bread crumbs gluten-free	1592	376	3.8	1.677	78	0.23	6.461	1.252
X655022	Kartoffelpuffer/Reibekuchen, gebraten	Potato pancakes fried	858	206	12.61	1.12	18.08	1.15	4.23	0.52
G520062	Gurke gebacken	Cucumber baked	82	20	0.235	0.078	2.32	2.32	1.249	0.01
S538800	Vollmilchschokolade gefüllt mit Kokoscreme	Whole milk chocolate filled with coconut cream	2395	575	38.94	24.06	49.5	49.1	5.36	0.158
T861700	Kaviarersatz (Seehase)	Caviar substitute (lumpfish)	568	136	6.45	0.3	0	0	19.4	5.4
W415000	Schwein Frühstücksspeck, Rohpökelware, geräuchert	Pork breakfast bacon, raw cured, smoked	1260	304	26.22	9.391	0.492	0.492	16.58	4.5
G553152	Pfefferschote grün, gedünstet	Chilli pepper green, stewed	186	44	0.2	0.02	7.48	7.08	2.2	0.02
M2A0200	Milchmischgetränk 1,5 % Fett, aromatisiert, gesüßt, angereichert mit Vitaminen	Milk drink 1.5 % fat, flavoured, sweetened, fortified with vitamins	244	58	1.48	0.973	7.71	7.71	3.35	0.085
E113132	Hühnerei Eiklar, gekocht	Chicken egg white, boiled	176	42	0.03	0	0.41	0.41	9.9	0.462
K703400	Morchel getrocknet	Morel dried	952	231	2.532	0.436	4.7	4.7	19.689	0.04
T102132	Hering pochiert	Herring poached	614	147	9.119	2.372	0	0	16.3	0.268
K410432	Maniok/Cassava, gekocht	Manioc/cassava, boiled	619	146	0.23	0	33.5	1.4	1.032	0.002
B227700	Roggenbrot mit Quark	Rye bread with quark	889	210	0.78	0.09	40	1.1	6.35	1.19
C532200	Weiße Schokolade mit Puffreis und Crispies	White chocolate with puffed rice and crispies	2182	522	28.16	16.19	60.24	47.71	6.41	0.223
U291200	Rind Hinterhesse, tiefgefroren	Beef leg/hindshank, deep-frozen	586	140	6	1.9	0	0	21.4	0.188
U554182	Schwein Gulasch (Restbug) gebraten ohne Fett (Pfanne)	Pork goulash (shoulder strips) fried without fat (pan)	698	166	4.64	1.48	0	0	30.96	0.199
G230152	Mangold gedünstet	Chard/leaf beet, stewed	76	18	0.298	0.03	0.927	0.733	1.968	0.577
V421000	Hähnchen Brustfilet, mariniert, roh	Chicken breast fillet, marinated, raw	548	130	4.34	0.56	1.66	1.61	20.99	0.978
U231132	Rind Hals/Kamm/Nacken, gekocht	Beef neck/chuck, boiled	835	199	9.738	4.373	0	0	27.944	0.078
V432200	Suppenhuhn Fleisch, mit Haut, tiefgefroren	Boiling fowl meat, with skin, deep-frozen	1066	257	20.3	6.5	0	0	18.5	0.161
W225000	Stockwurst/Münchner Stockwurst	Stockwurst sausage	808	195	16.76	6.94	0.02	0.02	10.98	2
S621000	Pralinen mit alkoholhaltiger Füllung	Pralines with alcoholic filling	1972	472	21.32	12.8	54.7	47.4	3.57	0.015
G230142	Mangold geschmort ohne Fett	Chard/leaf beet, braised without fat	127	30	0.495	0.05	1.557	1.232	3.271	0.959
D712000	Kekse/Plätzchen, eiweißarm	Biscuits low protein	1958	466	16.504	6.65	78.5	20.7	0.368	0.115
S537000	Vollmilchschokolade mit Mandeln	Whole milk chocolate with almonds	2303	554	38	16.85	39.97	39.44	10.3	0.22
G582172	Zucchini gegrillt	Courgette grilled	192	46	0.638	0.151	6	4.5	2.8	0.006
Y841743	Pflaumenkompott/Zwetschgenkompott	Plum compote	281	66	0.121	0.016	15.57	13.71	0.21	0.005
T213152	Alaska-Pollack/Alaska-Seelachs, gedünstet	Alaska pollock stewed	216	51	0.78	0.141	0	0	11	0.275
W424032	Schwein Kochschinken, Kochpökelware, gekocht	Pork ham, cooked cured, boiled	631	150	3.554	1.276	0.89	0.89	27.237	2.082
B6A2900	Roggenvollkornknäckebrot mit Leinsamen und Weizenkeimen	Wholemeal rye crispbread with linseed and wheat germ	1423	338	4.01	0.44	54	1.891	11.53	1.292
K740182	Austernpilz gebraten ohne Fett (Pfanne)	Oyster mushroom fried without fat (pan)	216	52	0.361	0.05	2.08	1.82	5.43	0.025
K703182	Morchel gebraten ohne Fett (Pfanne)	Morel fried without fat (pan)	198	48	0.525	0.09	1	1	4.079	0.008
T710132	Edelkrebs/Flusskrebs, gekocht	Crayfish boiled	258	61	0.58	0.083	0	0	13.889	0.662
X545063	Spargel gekocht (ohne Sauce)	Asparagus boiled (without sauce)	117	28	0.152	0.027	3.93	3.75	1.912	0.228
Y864112	Apfelmus ungesüßt	Apple sauce unsweetened	214	51	0.436	0.176	10.2	9.146	0.37	0.005
Y840643	Brombeerkompott	Blackberry compote	338	80	0.1	0	18.6	15.3	0.91	0.005
R940000	Vanillecreme/Vanilleflammeri, eihaltig, für Gebäck/Torten	Vanilla cream/vanilla flummery, with egg, for pastry/tortes	514	122	4.35	2.17	17.09	10.66	3.6	0.078
W121400	Geflügelteewurst mit Schweinefleisch	Teewurst sausage made from poultry and pork, spreadable	812	195	12.35	4.66	0.1	0	20.77	2.8
V486182	Pute Brust, ohne Haut, gebraten ohne Fett (Pfanne)	Turkey breast, without skin, fried without fat (pan)	626	148	1.414	0.515	0	0	33.74	0.14
K430132	Topinambur/Erdartischocke, gekocht	Jerusalem artichoke/topinambur, boiled	213	52	0.384	0.089	3.75	3.75	2.288	0
Y840743	Stachelbeerkompott	Gooseberry compote	397	94	0.108	0.01	21.467	19.589	0.63	0.008
G263152	Sauerampfer gedünstet	Sorrel stewed	109	26	0.383	0.038	1.234	0.769	3.394	0
X924012	Pfannkuchen/Eierkuchen, ungesüßt, mit Milch 1,5 % Fett, gebraten ohne Fett	Pancakes unsweetened, with milk 1.5 % fat, fried without fat	823	195	2.87	1.06	32.2	2.58	8.89	0.355
X471443	Schokoladen-Milchsuppe gebunden mit Stärke	Chocolate-milk soup thickened with starch	483	115	5.24	3.24	12.97	10.97	3.82	0.11
W411000	Schwein Speck (Rückenspeck) Rohpökelware, geräuchert	Pork bacon (loin) raw cured, smoked	2875	699	75.8	29	0	0	4.13	4.512
T420152	Forelle gedünstet	Trout stewed	604	144	7.27	1.374	0	0	19.243	0.115
X434442	Weißbrotwürfel geröstet in Butter (Croutons)	Croutons, white bread cubes toasted in butter	2049	492	32.43	19.793	40.84	3.43	7.44	1.15
X5A8010	Grüne Erbsen in Sahne gedünstet	Green peas stewed in cream	755	182	11.893	3.94	10.956	1.835	5.4	0.415
G311162	Blumenkohl gebacken	Cauliflower baked	209	50	0.394	0.06	7.52	3.05	3.414	0.042
G346100	Weinsauerkraut roh	Wine sauerkraut raw	98	23	0.304	0.071	0.99	0.77	1.104	1.168
G561132	Tomate gekocht	Tomato boiled	93	22	0.115	0.023	3.4	3.4	0.994	0.008
K724400	Shiitakepilz getrocknet	Shiitake mushroom dried	1128	270	1.8	0	21.74	21.74	22.8	0.023
U574162	Schwein Bratenfleisch (Bug ohne Fett und Schwarte) gebraten ohne Fett (Ofen)	Pork meat for roasting (shoulder without fat and rind) fried without fat (oven)	710	169	6.57	2.03	0	0	27.44	0.185
D0A4100	Schoko-Wasserbiskuitboden	Chocolate water sponge cake base	1295	306	4.65	1.58	55.6	34.312	9.12	0.335
U4A3100	Kalb Fleisch, sichtbarer Fettanteil max. 15 % (KA III) roh	Veal meat, visible fat content max. 15 % (KA III) raw	896	215	15.704	7.08	0	0	18.516	0.2
F092100	Beerenmischung mit Sauerkirschen, ungesüßt, roh	Berry mix with sour cherries, unsweetened, raw	209	50	0.3	0.032	7.9	7	1.1	0.002
F090400	Fruchtmischung getrocknet (Trockenfrucht-Mix)	Mixed fruit dried	1103	261	0.35	0.052	55.5	52.2	2.58	0.076
S582000	Knusperpraline mit Milchschokolade, Cornflakes und Mandelstückchen	Crispy praline with milk chocolate, cornflakes and almond bits	2062	493	24.85	13.73	58.11	38.5	7.31	0.343
B254000	Weizenmischtoastbrot	Mixed wheat toast	1041	246	2.76	0.91	45	1.5	7.6	1.2
X320243	Bechamelsauce	Bechamel sauce	366	88	6.2	4	5.42	2.44	2.5	0.498
T601152	Barsch/Flussbarsch, gedünstet	European perch stewed	298	70	0.6	0.093	0	0	16.24	0.118
U333172	Kalb Filetsteak, gegrillt	Veal tenderloin steak, grilled	606	144	4.7	1.793	0	0	25.44	0.105
S241700	Speiseeis Schokolade, überzogen mit Schokolade	Chocolate ice cream, covered with chocolate	1315	315	16.34	8.46	35.4	31.9	4.47	0.096
F516400	Mango getrocknet	Mango dried	1363	322	2.44	0.548	65	59.8	3.8	0.122
T512400	Schleie gesalzen	Tench salted	369	87	0.874	0.247	0	0	19.812	2.215
V552132	Kalb Magen/Gekröse, gekocht	Veal stomach/pluck, boiled	653	156	8.893	3.674	0	0	19.029	0.142
G542182	Gemüsepaprika gelb, gebraten ohne Fett (Pfanne)	Sweet pepper yellow, fried without fat (pan)	200	48	0.339	0.087	7.495	7.495	1.356	0.005
W114100	Grobe Mettwurst fettreduziert	Coarse Mettwurst sausage spreadable, reduced-fat	759	182	10.21	3.68	0.15	0	22.24	2.5
U852200	Schaf Brust, mittelfett, tiefgefroren	Sheep breast, medium fat, deep-frozen	748	179	11.2	5.2	0	0	19.6	0.215
Y134022	Rinderrumpsteak gebraten	Beef rump steak fried	757	180	7.26	2.55	0.02	0	28.7	0.698
G670182	Wurzelpetersilie gebraten ohne Fett (Pfanne)	Parsley root fried without fat (pan)	593	140	0.87	0.14	25.5	11.203	5.333	0.055
G543072	Gemüsepaprika rot, gegrillt	Sweet pepper red, grilled	163	39	0.215	0.035	6.65	6.65	1.08	0.003
U080132	Rind Leberhack, gekocht	Beef liver mince, boiled	732	174	4.436	1.391	7.227	0	26.195	0.262
W223100	Geflügelbratwurst	Poultry bratwurst	761	184	15.52	4.38	0.08	0	10.9	1.892
M2A6100	Milchmischgetränk < 1 % Fett, mit Kakao/Schoko, Zucker und Süßungsmitteln	Milk drink < 1 % fat, with cocoa/chocolate, sugar and artificial sweeteners	188	44	0.2	0.2	7.2	7.116	3.174	0.135
V416162	Hähnchen Brustfilet, gebraten ohne Fett (Ofen)	Chicken breast fillet, fried without fat (oven)	610	144	1.86	0.421	0	0	31.85	0.144
V413200	Hähnchen Fleisch, ohne Haut, tiefgefroren	Chicken meat, without skin, deep-frozen	551	131	5.6	0.979	0	0	20.2	0.198
H190700	Macadamianuss geröstet ohne Fett, gesalzen	Macadamia nut roasted without fat, salted	3098	752	75.5	11.1	5.1	4.1	9.12	0.772
G680152	Rettich gedünstet	Radish stewed	85	20	0.147	0.032	2.91	1.942	1.029	0.055
T302200	Steinbutt tiefgefroren	Turbot deep-frozen	348	82	1.73	0.303	0	0	16.7	0.285
S332000	Sahnekaramelle	Cream caramel	1828	434	7.7	4.7	79.4	64	3.8	0.145
T502182	Blei/Brachsen/Brasse, gebraten ohne Fett (Pfanne)	Common bream fried without fat (pan)	473	112	3.72	0.965	0	0	19.712	0.088
H800200	Mandeldrink gesüßt, aromatisiert	Almond drink sweetened, flavoured	128	31	2.12	0.183	1.99	1.961	0.85	0.125
X0A1010	Cornflakes mit Milch 3,5 % Fett und Honig gesüßt	Cornflakes with milk 3.5 % fat, honey sweetened	676	160	2.79	1.536	29.07	8.2	4.06	0.29
G561082	Tomate gebraten ohne Fett (Pfanne)	Tomato fried without fat (pan)	154	36	0.186	0.036	5.5	5.5	1.61	0.018
G090100	Gemüsemischung Kaisergemüse, roh	Mixed vegetables (carrots, cauliflower and broccoli florets) raw	155	37	0.427	0.085	4.7	3.28	2.309	0.05
U271200	Rind Vorderhesse, tiefgefroren	Beef shin/foreshank, deep-frozen	540	128	5.3	1.66	0	0	20.2	0.125
G640162	Pastinake gebacken	Parsnip baked	294	70	0.506	0.076	11.4	3.601	3.162	0.022
C518000	Popcorn gesalzen	Popcorn salty	1655	395	14.706	6.064	54.671	1.209	7.531	1.54
P3A2000	Sekt mit Orangensaft	Sparkling wine with orange juice	243	58	0	0	5.3	5.3	0.375	0.005
G331162	Kohlrabi gebacken	Kohlrabi baked	142	34	0.188	0.033	4.56	4.358	2.282	0.06
C236032	Dinkel ganzes Korn, gekocht	Spelt whole grain, boiled	750	177	1.22	0.12	31.05	0.549	7.52	0.001
U881142	Schaf Keule, mager, geschmort ohne Fett	Sheep leg, lean, braised without fat	764	181	5.25	2.5	0	0	33.5	0.15
Y860940	Buttercreme (zum Füllen und Überziehen)	Butter-cream filling	2409	581	47.72	30.83	35.83	35.83	2	0.035
Y710352	Spiegelei gebraten mit Kochschinken	Fried egg with boiled ham	850	204	14.35	2.49	0.57	0.56	17.71	1.445
G670400	Wurzelpetersilie getrocknet	Parsley root dried	1431	339	2.097	0.337	61.5	26.998	12.852	0.135
G561072	Tomate gegrillt	Tomato grilled	112	26	0.136	0.027	4.01	4.01	1.149	0.012
V414200	Hähnchen ganz, entbeint, mit Haut, tiefgefroren	Chicken whole, boneless, with skin, deep-frozen	776	186	12.53	3.05	0	0	18.37	0.161
V444162	Poularde Fleisch, mit Haut, gebraten ohne Fett (Ofen)	Poulard meat, with skin, fried without fat (oven)	794	190	10.4	2.3	0	0	24.1	0.1
G312152	Broccoli gedünstet	Broccoli stewed	162	39	0.649	0.129	2.5	1.5	3.937	0.07
G480152	Speisezwiebel gedünstet	Onion stewed	139	33	0.147	0.025	5.89	5.89	1.133	0.022
X9A2120	Porridge ungesüßt, mit Wasser	Porridge unsweetened, with water	297	71	1.351	0.273	10.8	0.15	2.687	0.025
U452800	Kalb Brust, Rohpökelware	Veal breast, raw cured	773	186	12.702	5.317	0.471	0.471	17.326	4.5
S581400	Milchschokoladen-Riegel gefüllt mit Karamell und Knusperkeks	Milk chocolate bar filled with caramel and crispy biscuit	2081	497	21.4	12.9	65.7	43.9	5.5	0.588
X434243	Grießklößchen, Suppeneinlage	Small semolina dumplings as soup garnish	638	152	5.7	2.77	17.59	1.46	6.93	0.568
F501152	Ananas gedünstet	Pineapple stewed	198	47	0.1	0.021	9.7	9.7	0.5	0.01
W110000	Braunschweiger Mettwurst Ia	Braunschweiger Mettwurst sausage high quality, spreadable	1678	405	35.6	5.52	0.12	0	21.08	2.725
T121162	Thunfisch gebraten ohne Fett (Ofen)	Tuna fried without fat (oven)	695	165	6.23	1.76	0	0	27.3	0.118
T615152	Rotbarsch/Goldbarsch, gedünstet	Ocean perch/redfish, stewed	355	84	3.3	0.679	0	0	13.7	0.202
T118182	Schildmakrele/Stöcker, gebraten ohne Fett (Pfanne)	Atlantic horse mackerel fried without fat (pan)	557	132	4.78	1.553	0	0	22.336	0.162
U070162	Rind Tatar/Schabefleisch, gebraten ohne Fett (Ofen)	Beef mince, lean, fried without fat (oven)	622	147	3.333	1.234	0	0	29.333	0.16
N256000	Fruchtsaftschorle Apfel	Apple juice spritzer	109	26	0	0	6.139	5.559	0.056	0.012
G582142	Zucchini geschmort ohne Fett	Courgette braised without fat	96	23	0.312	0.074	3	2.2	1.4	0.003
W510082	Kasseler, Rohpökelware, geräuchert, gebraten ohne Fett (Pfanne)	Pork loin chop, raw cured, smoked, fried without fat (pan)	609	144	2.604	1.022	0	0	30.13	3.952
V584132	Schaf Bries, gekocht	Sheep sweetbread, boiled	383	91	3.28	1.7	0	0	15.4	0.115
N630800	Schwarztee (Getränk) mit Alkohol	Black tea (infusion) with alcohol	61	15	0	0	0	0	0	0.005
U522172	Schwein Stielkotelett, gegrillt	Pork chop (loin) grilled	932	223	12.67	4.28	0	0	27.27	0.148
X573012	Auberginen gedünstet (mit Fett und Salz)	Aubergines stewed (with fat and salt)	190	46	3.2	0.3	2.8	2.7	0.66	0.252
K717182	Rotkappe gebraten ohne Fett (Pfanne)	Orange birch bolete fried without fat (pan)	232	56	1.279	0.227	5.36	0.869	3.562	0
U891200	Schaf Hinterhaxe, mager, tiefgefroren	Sheep hindshank, lean, deep-frozen	471	112	3.35	1.05	0	0	20.4	0.205
Y381352	Schweinebauch gekocht (Wellfleisch)	Pork belly boiled	1468	354	29.42	10.535	0	0	22.32	1.096
V536182	Hammel Leber, gebraten ohne Fett (Pfanne)	Mutton liver, fried without fat (pan)	613	146	4.489	1.409	3.409	0	22.886	0.23
H230400	Kastanienmehl	Sweet chestnut flour	1515	359	3.244	0.487	70.354	23.736	4.995	0.008
U891132	Schaf Hinterhaxe, mager, gekocht	Sheep hindshank, lean, boiled	714	169	4.47	1.4	0	0	32.3	0.205
U57A172	Schwein Grillbauch, gegrillt	Pork belly for grilling, grilled	1743	421	36.24	12.98	0	0	23.65	0.19
G420132	Stielmus/Rübstiel, gekocht	Turnip tops/greens, boiled	76	18	0.3	0.07	0.78	0.78	1.5	0.095
S231200	Speiseeis durchzogen mit Schokolade	Ice cream streaked with chocolate	965	231	12.59	8.68	25.5	21.2	2.85	0.095
G510162	Aubergine gebacken	Aubergine baked	94	22	0.212	0.046	3.56	3.17	0.671	0.012
N720600	Kräutertee (Getränk) mit Zucker	Herbal tea (infusion) with sugar	32	7	0	0	1.861	1.861	0	0.008
U867142	Lamm Bug/Schulter, geschmort ohne Fett	Lamb shoulder, braised without fat	712	169	5.75	1.973	0	0	29.391	0.165
U485162	Kalb Kugel/Nuss, gebraten ohne Fett (Ofen)	Veal thick flank, fried without fat (oven)	485	114	0.778	0.326	0	0	26.854	0.232
U471100	Kalb Haxe, roh	Veal shank, raw	495	118	4.51	1.913	0	0	19.3	0.288
C351032	Reis unpoliert, gekocht	Brown rice boiled	544	128	0.917	0.161	26.32	0.26	3.006	0.003
U371200	Kalb Bratenfleisch (Bug) tiefgefroren	Veal meat for roasting (shoulder) deep-frozen	398	94	1.01	0.423	0	0	21.2	0.218
T424200	Meerforelle tiefgefroren	Sea trout deep-frozen	453	108	3.61	0.88	0	0	18.4	0.145
U863132	Schaf Bug/Schulter, fett, gekocht	Sheep shoulder, fat, boiled	1694	408	33.3	15.201	0	0	27.2	0.242
G331152	Kohlrabi gedünstet	Kohlrabi stewed	127	30	0.168	0.029	4.09	3.899	2.042	0.052
C352032	Reis poliert, gekocht	White rice boiled	496	117	0.35	0.04	24.8	0.1	3.3	0.024
G344152	Spitzkohl gedünstet	Pointed cabbage stewed	142	34	0.2	0.024	4.93	4.78	1.32	0.05
G350152	Romanesco gedünstet	Romanesco broccoli stewed	161	38	0.304	0.045	5.79	2.34	2.635	0.032
X651443	Kümmelkartoffeln gebacken	Potatoes with caraway seeds baked	582	138	3.801	0.3	22.63	1.79	2.51	0.32
X535312	Kohlrabi gedünstet (mit Fett und Salz)	Kohlrabi stewed (with fat and salt)	334	80	6.3	0.5	3.42	3.27	1.71	0.348
K410162	Maniok/Cassava, gebacken	Manioc/cassava, baked	793	187	0.295	0	43	1.8	1.282	0.002
U579162	Schwein Schwartenbraten (Krustenbraten) gebraten, ohne Fett (Ofen)	Pork meat for roasting (silverside) fried without fat (oven)	1066	256	17.07	5.54	0	0	25.55	0.159
D623000	Marmorwaffeln (Rührmasse)	Marble waffles (cake batter)	2107	505	31.64	18.65	44.2	20.267	9.89	0.418
K430162	Topinambur/Erdartischocke, gebacken	Jerusalem artichoke/topinambur, baked	290	70	0.526	0.122	5.128	5.128	3.128	0
U863142	Schaf Bug/Schulter, fett, geschmort ohne Fett	Sheep shoulder, fat, braised without fat	1588	383	31.2	14.252	0	0	25.5	0.228
M2S8300	Ayran, Joghurtgetränk, gesalzen	Ayran, yogurt drink, salted	165	39	1.96	1.28	2.69	2.69	2.29	0.64
N720200	Kräutertee (Getränk) mit Milch 3,5 % Fett	Herbal tea (infusion) with milk 3.5 % fat	9	2	0.12	0.073	0.13	0.13	0.12	0.009
G420152	Stielmus/Rübstiel, gedünstet	Turnip tops/greens, stewed	80	19	0.3	0.08	0.86	0.86	1.6	0.108
F601600	Zitronensaft	Lemon juice	130	30	0.3	0.105	1.7	1.7	0.63	0.009
Y373012	Schweineleber mehliert, gebraten	Pork liver floured, fried	695	165	6.46	1.73	4.27	0.014	22.45	0.474
V250162	Wildschwein Fleisch, gebraten ohne Fett (Ofen)	Wild boar meat, fried without fat (oven)	798	191	10.054	3.511	0	0	25.034	0.27
K430182	Topinambur/Erdartischocke, gebraten ohne Fett (Pfanne)	Jerusalem artichoke/topinambur, fried without fat (pan)	258	62	0.466	0.108	4.545	4.545	2.773	0
Y730243	Omelett gebraten mit Käse	Omelette fried with cheese	884	213	17.53	3.62	0.66	0.66	13.2	0.528
G480142	Speisezwiebel geschmort ohne Fett	Onion braised without fat	178	42	0.186	0.031	7.52	7.52	1.431	0.028
V242162	Wildkaninchen Fleisch, gebraten ohne Fett (Ofen)	Wild rabbit meat, fried without fat (oven)	528	125	2.41	0.75	0	0	25.8	0.138
P288300	Ananasbowle	Pineapple punch	276	66	0	0.005	4.2	4.2	0.2	0.008
G321152	Chinakohl gedünstet	Chinese white cabbage stewed	82	20	0.217	0.013	1.5	1.35	1.957	0.035
X9A2080	Porridge gesüßt, mit Sojadrink	Porridge sweetened, with soya drink	433	103	2.38	0.418	13.3	2.9	5.32	0.08
W234032	Fleischwurst gekocht	Bologna boiled	1119	270	24.728	9.651	0.23	0.22	11.287	2.012
T780200	Europäische Auster tiefgefroren	European oyster deep-frozen	280	67	2.94	0.79	1.09	0	9	0.4
H410600	Leinsamen geröstet ohne Fett	Linseed/flax seed, roasted without fat	1971	477	37.245	3.67	1.7	1.235	22.27	0.138
V575142	Lamm Niere, geschmort ohne Fett	Lamb kidney, braised without fat	670	159	4.06	1.231	0	0	30.6	0.558
U522162	Schwein Stielkotelett, gebraten ohne Fett (Ofen)	Pork chop (loin) fried without fat (oven)	850	203	10.75	3.62	0	0	26.63	0.133
T633152	Meeräsche gedünstet	Grey mullet stewed	411	98	2.75	0.884	0	0	18.214	0.175
T070182	Seeteufel gebraten ohne Fett (Pfanne)	Anglerfish fried without fat (pan)	333	79	0.86	0.174	0	0	17.694	0.29
G345062	Sauerkraut abgetropft, gebacken	Sauerkraut drained, baked	109	26	0.365	0.085	1.17	0.906	1.324	1.4
B6A2400	Roggenvollkornknäckebrot mit Dinkel	Wholemeal rye crispbread with spelt	1395	331	1.54	0.17	59.73	1.8	10.11	1.375
T213232	Alaska-Pollack/Alaska-Seelachs, tiefgefroren, pochiert	Alaska pollock deep-frozen, poached	324	76	0.789	0.143	0	0	17.324	0.21
Y842712	Pflaumenkompott/Zwetschgenkompott, zuckerreduziert	Plum compote sugar-reduced	222	52	0.126	0.017	12.05	10.12	0.22	0.005
U432162	Kalb Hals/Nacken/Kamm, gebraten ohne Fett (Ofen)	Veal scrag fried without fat (oven)	574	136	2.876	1.203	0	0	27.503	0.298
M206200	Milchmischgetränk 1,5 % Fett, mit Kakao/Schokolade, gesüßt	Milk drink 1.5 % fat, with cocoa/chocolate, sweetened	267	63	1.6	1	8.4	8.34	3.61	0.095
U452700	Kalb Brust, Rohpökelware, geräuchert	Veal breast, raw cured, smoked	792	190	13.283	5.559	0.492	0.492	17.212	4.5
V468142	Ente Innereien, geschmort ohne Fett	Duck giblets, braised without fat	878	210	11.51	3.02	0	0	26.6	0.21
U080182	Rind Leberhack, gebraten ohne Fett (Pfanne)	Beef liver mince, fried without fat (pan)	670	159	4.575	1.434	6.625	0	22.812	0.308
C219132	Hartweizen Vollkorngrieß, gekocht	Durum wheat wholemeal semolina, boiled	658	156	1.05	0.16	27.45	0.482	6.49	0.001
H130610	Haselnuss geröstet ohne Fett	Hazelnut roasted without fat	2802	679	64.592	5.375	4.3	3.929	16.25	0
G484132	Perlzwiebel gekocht	Pearl onion boiled	140	33	0.15	0.024	6.01	6.01	1.156	0.015
G510152	Aubergine gedünstet	Aubergine stewed	87	21	0.196	0.043	3.28	2.92	0.62	0.01
X699412	Folienkartoffeln gebacken	Jacket potatoes baked	381	90	0.105	0.035	19.35	1.53	2.15	0.42
T305182	Goldbutt/Scholle, gebraten ohne Fett (Pfanne)	Plaice fried without fat (pan)	380	90	0.9	0.15	0	0	20.4	0.163
D079000	Pizzateig (mit Hefe) roh	Pizza dough with yeast, raw	1039	246	5.13	0.39	42	0.935	6.47	0.368
U323172	Kalb Kotelett (Rücken) gegrillt	Veal chop (loin) grilled	554	131	3.157	1.322	0	0	25.723	0.252
X320053	Grundsauce hell/weiß	Basic sauce white	242	58	4.5	2.8	3.57	0.59	0.79	0.785
X554043	Paprika-Tomaten-Gemüse gedünstet	Sweet peppers and tomatoes stewed	182	44	1.618	0.14	5	4.9	1.056	0.652
T121132	Thunfisch pochiert	Tuna poached	561	134	5.52	1.559	0	0	21	0.118
Y840143	Rhabarberkompott	Rhubarb compote	317	75	0.11	0.023	15.892	15.711	0.472	0.008
H740132	Gartenbohne reif, gekocht	Haricot bean mature, boiled	550	131	0.6	0.103	17.812	0.79	9.085	0.002
T415600	Königslachs geräuchert	Chinook salmon smoked	813	195	12.091	2.7	0	0	21.483	0.13
U564162	Schwein Dicke Rippe gebraten ohne Fett (Ofen)	Pork breast tip cut fried without fat (oven)	952	228	14.13	4.59	0	0	25.24	0.193
C118032	Quinoa weiß, gekocht	Quinoa white, boiled	438	104	1.8	0.173	16.92	0.496	3.491	0.006
V132162	Kaninchen Fleisch, gebraten ohne Fett (Ofen)	Domestic rabbit meat, fried without fat (oven)	648	154	5.7	2.2	0	0	25.7	0.148
U721172	Schaf Kotelett, gegrillt	Sheep chop (loin) grilled	1920	464	42.514	19.392	0	0	20.434	0.295
V526132	Hammel Hirn, gekocht	Mutton brain, boiled	524	126	8.565	2.166	0	0	12.182	0.198
R912000	Sushi Ingwer (Gari) Konserve	Sushi ginger (Gari) canned	274	65	0.47	0.13	12.6	8.74	1.2	1.65
M2D1100	Joghurt aus entrahmter Milch, max. 0,5 % Fett, mit Vanillezubereitung, Zucker und Süßungsmitteln	Yogurt from skimmed milk, max. 0.5 % fat, with vanilla preparation, sugar and artificial sweeteners	197	46	0.086	0.051	7.1	6.2	3.661	0.13
W141100	Deutsche Salami/Schinkensalami	German salami	1599	386	33.08	12.5	0.18	0	21.81	3.8
T305232	Goldbutt/Scholle, tiefgefroren, pochiert	Plaice deep-frozen, poached	266	63	1.043	0.173	0	0	13.37	0.352
G480400	Speisezwiebel getrocknet	Onion dried	1330	315	1.406	0.235	56.33	56.33	10.832	0.21
G485142	Schalotte geschmort ohne Fett	Shallot braised without fat	173	41	0.1	0.02	4	4	2.5	0.035
N410600	Kaffee (Getränk) mit Zucker	Coffee (infusion) with sugar	36	9	0	0	1.861	1.861	0.12	0.01
B561200	Dinkelbrötchen mit Nüssen	Spelt roll with nuts	1316	312	6.54	1.14	50	1.2	10.7	1.355
T093400	Kabeljaurogen gesalzen	Cod roe salted	533	126	3	0.423	0	0	24.8	3.585
B6A2700	Roggenvollkornknäckebrot mit Kümmel	Wholemeal rye crispbread with caraway seeds	1381	328	1.4	0.153	59.37	1.906	9.45	1.327
G321182	Chinakohl gebraten ohne Fett (Pfanne)	Chinese white cabbage fried without fat (pan)	143	34	0.377	0.023	2.6	2.342	3.396	0.062
T410082	Lachs gebraten ohne Fett (Pfanne)	Salmon fried without fat (pan)	868	208	12.6	2.698	0	0	23.631	0.085
T207600	Köhler/Seelachs, geräuchert	Saithe/pollack, smoked	418	98	0.81	0.214	0	0	22.8	1.62
G210600	Gemüsesaft aus Spinat	Spinach juice	43	10	0.24	0.024	0.44	0.29	1.4	0.182
U323162	Kalb Kotelett (Rücken) gebraten ohne Fett (Ofen)	Veal chop (loin) fried without fat (oven)	566	134	2.832	1.186	0	0	27.114	0.252
C354100	Reismischung mit Wildreis, roh	Rice mix with wild rice, raw	1527	360	2.263	0.397	73.43	0.73	9.573	0.011
H861042	Tofu geschmort ohne Fett	Tofu braised without fat	485	116	5.233	0.86	0	0	16.422	0.025
U583200	Schwein Kochfleisch (Bauch) tiefgefroren	Pork meat for boiling (belly) deep-frozen	1340	324	28.06	10.05	0	0	17.74	0.152
K120164	Kartoffel ungeschält, gebacken	Potatoe unpeeled, baked	423	100	0.2	0.043	20.717	1.444	2.5	0.005
V635200	Ente Leber, tiefgefroren	Duck liver, deep-frozen	510	121	4.64	1.4	1.2	0	18.7	0.27
E141132	Gänseei gekocht	Goose egg boiled	734	177	13.3	3.6	0.34	0.34	13.9	0.345
T200152	Grenadier gedünstet	Grenadier stewed	290	69	0.667	0.162	0	0	15.625	0.285
U331182	Kalb Steak (Rücken) gebraten ohne Fett (Pfanne)	Veal steak (loin) fried without fat (pan)	598	142	3.348	1.401	0	0	27.867	0.195
C333132	Hirse Flocken, gekocht	Millet wholegrain flakes, boiled	282	67	0.59	0.1	12.77	0.105	2.23	0
G710200	Bohne grün, tiefgefroren	Bean green, deep-frozen	120	28	0.267	0.079	3.7	2.39	1.9	0.005
Y843212	Johannisbeerkompott ungesüßt	Red currant compote unsweetened	128	30	0.157	0.03	3.38	3.38	1.13	0.005
N720300	Kräutertee (Getränk) mit Milch 3,5 % Fett und Zucker	Herbal tea (infusion) with milk 3.5 % fat and sugar	39	9	0.11	0.072	1.93	1.93	0.12	0.01
F130600	Birnensaft	Pear juice	270	64	0.232	0.031	15.8	13	0.27	0.024
V217162	Hirsch Rücken, gebraten ohne Fett (Ofen)	Venison saddle, fried without fat (oven)	591	140	3.66	1.389	0	0	26.808	0.182
G430182	Gemüsefenchel gebraten ohne Fett (Pfanne)	Fennel/Florence fennel, fried without fat (pan)	212	51	0.377	0.084	6.46	5.6	2.642	0.128
H430610	Sonnenblumenkern geröstet ohne Fett	Sunflower seeds roasted without fat	2372	573	48.571	4.85	4.9	3.52	26.11	0
U686162	Schwein Unterschale (mit Rolle) gebraten ohne Fett (Ofen)	Pork silverside, fried without fat (oven)	1066	256	17.07	5.663	0	0	25.55	0.159
F301400	Erdbeere getrocknet	Strawberry dried	1361	323	3.443	0.269	50.932	50.416	7.059	0.022
G211182	Spinat gebraten ohne Fett (Pfanne)	Spinach fried without fat (pan)	116	28	0.448	0.045	1.39	1.12	3.085	0.188
T422272	Forelle tiefgefroren, gegrillt	Trout deep-frozen, grilled	674	161	6.523	1.089	0	0	25.003	0.352
H170610	Cashewkern geröstet ohne Fett	Cashew nut roasted without fat	2611	629	48.061	9.45	26.5	6.276	21.01	0.025
R943000	Ganache/Canache, Überzug für Gebäck/Torten	Ganache for pastry/tortes	1683	405	29.04	16.54	29.5	28	4.27	0.048
Y397812	Schweinebauch gebraten im Ofen (mit Fett und Salz)	Pork belly fried in oven (with fat and salt)	1784	431	37.77	10.82	0.02	0	22.69	0.577
X0A3000	Knuspermüsli (Granola) gesüßt, gebacken	Crunchy muesli (granola) sweetened, baked	1741	416	18	4.7	46.6	15.7	12.3	0.018
U432142	Kalb Hals/Nacken/Kamm, geschmort ohne Fett	Veal scrag braised without fat	557	132	2.837	1.186	0	0	26.571	0.208
T121172	Thunfisch gegrillt	Tuna grilled	711	169	6.62	1.872	0	0	27.4	0.135
D618000	Gewürzplätzchen glutenfrei	Spiced biscuits gluten-free	1975	471	22.104	13.563	64	25.517	3.232	0.102
S570900	Bitterschokolade mit Kaffee	Dark chocolate filled with coffee	2338	563	41.33	24.97	33.7	30	9.1	0.02
U522182	Schwein Stielkotelett, gebraten ohne Fett (Pfanne)	Pork chop (loin) fried without fat (pan)	862	206	10.9	3.67	0	0	26.99	0.14
G898100	Gemüse-Meerrettich (ohne Salz) Konserve	Horseradish (unsalted) canned	513	123	7.56	0.55	7.76	5.486	4.112	0.015
T207172	Köhler/Seelachs, gegrillt	Saithe/pollack, grilled	535	127	3.019	0.81	0	0	24.913	0.171
H180610	Paranuss geröstet ohne Fett	Brazil nut roasted without fat	2954	716	69.49	17.009	2.8	2.439	16.96	0.057
U131172	Rind Steak (Rücken) gegrillt	Beef steak (loin) grilled	636	151	5.101	2.297	0	0	26.283	0.142
U221162	Rind Roastbeef (Rücken) gebraten ohne Fett (Ofen)	Beef roastbeef (loin) fried without fat (oven)	673	160	4.811	2.099	0	0	29.124	0.158
N002000	Nearwater/Aqua Plus Getränk, aromatisiert, gesüßt	Nearwater/Aqua Plus beverage, flavoured, sweetened	54	13	0	0	3.2	3.2	0	0.008
V475182	Gans Schenkel, mit Haut, gebraten ohne Fett (Pfanne)	Goose leg, with skin, fried without fat (pan)	859	206	11.96	3.364	0	0	24.49	0.237
U892200	Schaf Hinterhaxe, mittelfett, tiefgefroren	Sheep hindshank, medium fat, deep-frozen	749	180	11.6	3.6	0	0	18.8	0.15
V466182	Ente Brust, mit Haut, gebraten ohne Fett (Pfanne)	Duck breast, with skin, fried without fat (pan)	801	192	10.603	3.522	0	0	24.051	0.11
G670162	Wurzelpetersilie gebacken	Parsley root baked	377	89	0.553	0.089	16.2	7.117	3.388	0.035
V573142	Schwein Niere, geschmort ohne Fett	Pork kidney, braised without fat	477	113	3.719	1.145	0	0	19.938	0.318
Y885150	Erdbeerjoghurt mit Sahne	Strawberry yogurt with cream	402	96	4.8	2.72	9.65	9.63	2.56	0.06
C211132	Weizen Vollkornschrot, gekocht	Wheat coarse meal, boiled	212	50	0.276	0.034	8.928	0.158	1.993	0.002
D623400	Schinkenwaffeln (Rührmasse)	Ham waffles (cake batter)	1396	334	18.94	10.71	27.3	0.92	12.42	0.782
G541072	Gemüsepaprika grün, gegrillt	Sweet pepper green, grilled	174	41	0.258	0.065	7.4	7	1.138	0.012
M8C3300	Speisequarkzubereitung mind. 20 % Fett i. Tr., mit Vanillezubereitung, gesüßt	Quark preparation min. 20 % fat in dry matter, with vanilla preparation, sweetened	479	114	3.66	2.12	12.32	10.51	7.28	0.078
H760600	Sojabohne reif, geröstet ohne Fett (Sojakerne)	Soya bean mature (soya kernel) roasted without fat	1632	392	18.64	2.398	6.7	6.1	38.2	0.012
W184000	Bratwurst geräuchert	Bratwurst sausage smoked, raw, small, firm	1098	264	20.53	7.73	0.12	0	19.74	2.5
U284132	Rind Hüfte, gekocht	Beef rump, boiled	734	174	3.2	1.39	0	0	36.2	0.142
V464172	Ente Fleisch, mit Haut, gegrillt	Duck meat, with skin, grilled	1115	268	18.654	6.194	0	0	24.983	0.122
X431143	Ei-Einlauf, Suppeneinlage	Egg added to soups	561	134	6.28	1.69	8.72	0.27	10.32	0.542
U742182	Schaf Schnitzel (Keule, mittelfett) gebraten ohne Fett (Pfanne)	Sheep schnitzel (leg, medium fat) fried without fat (pan)	936	224	13.4	5.7	0	0	25.9	0.185
T213162	Alaska-Pollack/Alaska-Seelachs, gebraten ohne Fett (Ofen)	Alaska pollock fried without fat (oven)	326	77	1.05	0.188	0	0	16.9	0.335
R944000	Trüffelfüllcreme für Gebäck/Torten	Truffle cream filling for pastry/tortes	1778	428	32.59	19.06	27.7	26.3	4.04	0.045
U020142	Schwein Hackfleisch, geschmort ohne Fett	Pork mince, braised without fat	1631	393	31.36	10.471	0	0	27.71	0.132
U771142	Schaf Bratenfleisch (Bug, mager) geschmort ohne Fett	Sheep meat for roasting (shoulder, lean) braised without fat	809	193	8.45	2.89	0	0	29.2	0.165
H320600	Pinienkern geröstet ohne Fett	Pine nut roasted without fat	2776	673	63.2	4.42	6.3	4.1	16.4	0.432
G211162	Spinat gebacken	Spinach baked	90	22	0.353	0.036	1.08	0.87	2.432	0.148
X9A2110	Porridge ungesüßt, mit Sojadrink	Porridge unsweetened, with soya drink	404	96	2.458	0.431	11.2	0.538	5.5	0.081
T612182	Schwertfisch gebraten ohne Fett (Pfanne)	Swordfish fried without fat (pan)	521	124	3.5	0.657	0	0	23.038	0.27
Y842912	Süßkirschkompott ungesüßt	Sweet cherry compote unsweetened	248	59	0.258	0.058	12.77	11.38	0.75	0.002
Y8A4050	Grießflammeri/Grießpudding, ohne Ei	Semolina pudding without egg	497	118	3.21	1.99	17.66	9.81	4.32	0.12
U287162	Rind Oberschale, gebraten ohne Fett (Ofen)	Beef topside/top round, fried without fat (oven)	668	159	5.101	2.318	0	0	28.205	0.14
U871172	Schaf Vorderhaxe, mager, gegrillt	Sheep foreshank, lean, grilled	680	161	4.72	1.47	0	0	29.7	0.285
U861132	Schaf Bug/Schulter, mager, gekocht	Sheep shoulder, lean, boiled	864	206	9.01	3.1	0	0	31.2	0.175
K703152	Morchel gedünstet	Morel stewed	169	41	0.451	0.076	0.8	0.8	3.504	0.008
C414100	Mehlmischung glutenfrei	Flour mix gluten-free	1476	348	0.68	0.091	81.8	0.4	2.6	0.01
Y461132	Lammbraten ohne Sauce	Lamb roast without sauce	698	166	6.55	1.79	0.02	0	26.77	0.645
T501182	Karpfen gebraten ohne Fett (Pfanne)	Carp fried without fat (pan)	579	138	5.83	1.524	0	0	21.375	0.08
V574142	Schaf Niere, geschmort ohne Fett	Sheep kidney, braised without fat	681	162	4.72	1.57	0	0	29.8	0.545
V546132	Hammel Lunge, gekocht	Mutton lungs, boiled	388	92	2.044	0.63	0	0	18.4	0.342
T512200	Schleie tiefgefroren	Tench deep-frozen	328	77	0.74	0.21	0	0	17.7	0.082
E604300	Eierteigwaren mit Weizenkeimen, roh	Egg pasta with wheat germ, raw	1554	367	2.69	0.52	67.47	1.172	15.46	0.04
V416172	Hähnchen Brustfilet, gegrillt	Chicken breast fillet, grilled	591	140	2.05	0.465	0	0	30.29	0.135
C242032	Gerste Schrot, gekocht	Barley coarse meal, boiled	214	51	0.317	0.08	9.5	0.257	1.749	0.005
T307600	Schwarzer Heilbutt geräuchert	Greenland halibut smoked	964	232	18.1	2.606	0	0	17.3	1.3
V484200	Pute Fleisch, mit Haut, tiefgefroren	Turkey meat, with skin, deep-frozen	658	157	8.5	2.173	0	0	20.2	0.158
T207262	Köhler/Seelachs, tiefgefroren, gebraten ohne Fett (Ofen)	Saithe/pollack, deep-frozen, fried without fat (oven)	504	119	1.512	0.246	0	0	26.348	0.225
G650132	Schwarzwurzel gekocht	Black salsify boiled	212	51	0.4	0.045	6.6	2.074	1.3	0.01
B257300	Weizenmischbrot mit Buttermilch	Wheat-rye bread (> 50 % and < 90 % wheat) with buttermilk	940	222	0.89	0.14	43	1.02	7.34	1.208
T601132	Barsch/Flussbarsch, pochiert	European perch poached	308	73	0.6	0.096	0	0	16.83	0.125
B780500	Pumpernickel	Pumpernickel	742	176	1.455	0.14	31.1	1.5	4.845	1.07
X654042	Pommes frites	Potato chips	1000	239	10.656	0.79	31.077	1.562	3.368	0.957
U651142	Schwein Brustspitze, geschmort ohne Fett	Pork breast tip, braised without fat	1046	251	16.1	6.051	0	0	26.5	0.151
T633182	Meeräsche gebraten ohne Fett (Pfanne)	Grey mullet fried without fat (pan)	532	126	3.25	1.046	0	0	24.225	0.182
T600182	Meerbarbe gebraten ohne Fett (Pfanne)	Goatfish fried without fat (pan)	489	116	2.25	0.255	0	0	23.869	0.188
V132200	Kaninchen Fleisch, tiefgefroren	Domestic rabbit meat, deep-frozen	557	133	5.5	2.1	0	0	20.8	0.132
U871142	Schaf Vorderhaxe, mager, geschmort ohne Fett	Sheep foreshank, lean, braised without fat	670	159	4.19	1.31	0	0	30.3	0.192
S241600	Speiseeis Vanille, überzogen mit Schokolade und Mandeln	Vanilla ice cream, covered with chocolate and almonds	1358	326	20.1	11.2	30.07	27.01	4.9	0.142
Y6A3010	Rotbarschfilet pochiert (ohne Sauce)	Redfish fillet poached (without sauce)	376	90	3.51	0.72	0	0	14.5	0.298
U342200	Kalb Schnitzel (Keule) tiefgefroren	Veal schnitzel (round) deep-frozen	379	89	0.72	0.301	0	0	20.7	0.215
D0A6000	Kuchenboden/Tortenboden (Mürbeteig, einfacher)	Cake base/torte base (shortcrust pastry, simple)	2006	480	24.68	15.13	55.04	14.957	7.83	0.112
M248000	Joghurt mind. 3,5 % Fett, mit Kaffeezubereitung, gesüßt	Yogurt min. 3.5 % fat, with coffee preparation, sweetened	425	101	3.1	1.6	13.7	13.3	3.8	0.135
C532800	Reiswaffeln gesalzen	Puffed rice waffles salted	1574	372	2.89	0.49	76.48	0.43	8.1	0.3
F225152	Reineclaude gedünstet	Greengage stewed	304	72	0	0	15.8	12.7	0.99	0.002
P5A5000	Kaffeelikör/Schokoladenlikör, cremig, mit Milch/Sahne	Coffee/chocolate liqueur, with milk/cream	1090	262	10.178	5.421	18	18	0.75	0.03
G486152	Frühlingszwiebel/Lauchzwiebel (ohne Laub) gedünstet	Spring onion, bulb only, stewed	135	32	0.147	0.025	5.87	5.87	0.9	0.032
C492000	Mehrkornschrot	Grain mix coarse meal	1388	329	3.09	0.61	58	1.317	10.97	0.022
T061182	Hornfisch/Hornhecht, gebraten ohne Fett (Pfanne)	Garfish fried without fat (pan)	528	125	3.6	0.72	0	0	23.2	0.165
D710300	Biskuitplätzchen	Small sponge biscuits	1749	414	5.4	1.4	77.47	41.833	12.44	0.265
D733200	Streuselplätzchen (Mürbeteig)	Crumble biscuits (shortcrust pastry)	2051	490	24.71	15.28	58.5	20.621	7.05	0.208
F211400	Süßkirsche getrocknet	Sweet cherry dried	1172	277	1.218	0.275	60.25	53.69	3.537	0.002
X4B2000	Haferflockensuppe gesüßt, mit Milch 3,5 % Fett	Oat flakes soup sweetened, with milk 3.5 % fat	432	103	4.32	2.57	10.9	7.91	4.75	0.125
N414000	Cappuccino (Getränk) mit Milch 3,5 % Fett	Cappuccino (infusion) with milk 3.5 % fat	209	50	2.79	1.768	3.22	3.22	2.9	0.072
U950100	Schweinefleisch im eigenen Saft, mit Schwarten Konserve	Pork in its own juice, with rind, canned	1232	297	25	10.868	0.42	0	17.6	1.5
G322132	Grünkohl gekocht	Curly kale boiled	156	38	1.3	0.096	2	1	2.7	0.015
D790100	Kekse/Plätzchen, salzig (Vollkornmürbeteig)	Wholemeal biscuits, salted	2072	497	27.44	10.663	48.4	0.664	9.42	1.455
T603172	Zander gegrillt	Pike-perch grilled	446	105	0.79	0.175	0	0	24.5	0.075
N410200	Kaffee (Getränk) mit Milch 3,5 % Fett	Coffee (infusion) with milk 3.5 % fat	13	3	0.12	0.073	0.13	0.13	0.23	0.013
G581142	Kürbis Pumpkin (C. pepo) geschmort ohne Fett	Pumpkin (C. pepo) braised without fat	164	39	0.141	0.037	6.39	5.61	1.197	0.002
V465200	Ente Schenkel, mit Haut, tiefgefroren	Duck leg, with skin, deep-frozen	882	212	15.96	5.3	0	0	17.17	0.258
B526400	Roggenbrötchen mit Mohn	Rye roll with poppy seeds	1158	275	3.43	0.91	48	0.85	8.45	1.39
V488182	Pute Innereien, gebraten ohne Fett (Pfanne)	Turkey giblets, fried without fat (pan)	985	236	14.39	3.78	0	0	26.6	0.255
F403600	Schlehensaft	Sloe fruit juice	181	42	0.176	0	7.04	7.04	0.675	0.002
G480072	Speisezwiebel gegrillt	Onion grilled	228	54	0.242	0.041	9.69	9.69	1.827	0.038
T305132	Goldbutt/Scholle, pochiert	Plaice poached	281	66	0.7	0.13	0	0	15	0.157
K440182	Yamswurzel gebraten ohne Fett (Pfanne)	Yam fried without fat (pan)	591	140	0.148	0.052	29.2	0.8	2.273	0.028
G660600	Gemüsesaft aus Knollensellerie	Celeriac juice	78	18	0.264	0.053	2.22	1.688	1.318	0.172
U802000	Schaf Fleisch, fett- und sehnenarm, roh	Sheep meat, low in fat and tendons, raw	525	125	5	2	0	0	20	0.23
U753142	Schaf Gulasch (Bug, fett) geschmort ohne Fett	Sheep goulash (shoulder, fat) braised without fat	1543	372	30.3	13.8	0	0	24.8	0.22
H844500	Soja-Joghurtalternative gesüßt, aromatisiert, angereichert mit Vitaminen und Calcium	Plant-based yogurt alternative, made from soya, sweetened, flavoured fortified with vitamins and calcium	261	62	2.54	0.434	5.4	5.2	3.96	0.082
Y599012	Hähnchenschenkel gekocht (mit Fett und Salz)	Chicken thigh boiled (with fat and salt)	1214	292	22.32	4.73	0	0	22.86	0.454
Y311612	Schweinemedaillon natur, gebraten	Pork medaillon fried	545	129	1.6	0.3	0	0	28.6	0.618
T420182	Forelle gebraten ohne Fett (Pfanne)	Trout fried without fat (pan)	760	181	8.58	1.624	0	0	25.593	0.12
F211600	Süßkirschsaft	Sweet cherry juice	256	60	0.248	0.056	13.8	12.3	0.81	0.001
U261142	Rind Bug/Schulter, geschmort ohne Fett	Beef shoulder, braised without fat	685	163	6.057	2.657	0	0	27.126	0.098
U203000	Rind Fleisch, grob entsehnt, sichtbarer Fettanteil max. 5 % (R II) roh	Beef meat, tendons coarsly removed, visible fat content max. 5 % (R II) raw	653	156	8.11	3.624	0	0	20.758	0.158
U109142	Rind Ochsenschwanz, geschmort ohne Fett	Beef oxtail, braised without fat	1008	241	13.7	6.238	0	0	29.5	0.245
G430152	Gemüsefenchel gedünstet	Fennel/Florence fennel, stewed	110	26	0.196	0.043	3.37	2.92	1.373	0.065
U522700	Schwein Stielkotelett, Kochpökelware, geräuchert	Pork chop (loin) cooked cured, smoked	550	131	6.82	2.301	0.437	0.437	17.07	1.8
T507152	Pangasius/Schlankwels, gedünstet	Striped catfish stewed	287	68	1.713	0.743	0	0	13.156	0.585
V512200	Kalb Herz, tiefgefroren	Veal heart, deep-frozen	458	109	5.06	1.933	0	0	15.9	0.26
G542172	Gemüsepaprika gelb, gegrillt	Sweet pepper yellow, grilled	126	30	0.215	0.055	4.755	4.755	0.843	0.002
T102162	Hering gebraten ohne Fett (Ofen)	Herring fried without fat (oven)	713	171	9.906	2.576	0	0	20.4	0.255
H861132	Seidentofu gargezogen	Silken tofu poached	172	41	2.5	0.39	0	0	4.2	0.012
G410132	Artischocke gekocht	Artichokes boiled	222	54	0.146	0	3.27	3.05	2.919	0.12
C660300	Haferdrink gesüßt, aromatisiert	Oat drink sweetened, flavoured	174	41	0.98	0.12	7.18	7.01	0.72	0.115
U693200	Schwein Hintereisbein/Hinterhaxe, tiefgefroren	Pork hindshank (hock) deep-frozen	923	222	15.7	5.281	0	0	20.12	0.212
T617182	Schafskopf (Meerbrasse) gebraten ohne Fett (Pfanne)	Sheepshead fried without fat (pan)	508	120	2.71	0.671	0	0	24	0.188
X465553	Grüne-Bohnen-Suppe mit Gemüsebrühe und Kartoffeln	Green bean soup with vegetable stock and potatoes	138	33	0.2	0.1	5.5	1.97	1.57	0.382
U452162	Kalb Brust, gebraten ohne Fett (Ofen)	Veal breast, fried without fat (oven)	974	234	15.351	6.426	0	0	23.87	0.285
U721182	Schaf Kotelett, gebraten ohne Fett (Pfanne)	Sheep chop (loin) fried without fat (pan)	1627	393	35.068	15.996	0	0	19.39	0.262
F302400	Himbeere getrocknet	Raspberry dried	1268	302	2.103	0.071	36.2	36.2	7	0.009
W441032	Parmaschinken gekocht	Parma ham boiled	1346	323	20.939	7.756	0.16	0.16	32.345	4.882
D9A1000	Vollkornblätterteig eifrei, roh	Wholemeal puff pastry egg-free, raw	1682	405	31.28	12.45	23.72	0.286	4.9	0.382
U816172	Hammel Filet/Lende, gegrillt	Mutton tenderloin, grilled	1085	260	17.537	8	0	0	25.646	0.248
P285000	Weißwein-Schorle mit Mineralwasser	White wine spritzer with mineral water	136	33	0	0	0.16	0.16	0.051	0.006
W163100	Schinkenplockwurst/Schinkenplockwurst luftgetrocknet	Schinkenplockwurst sausage air dried	1013	243	15.53	5.82	0.18	0	25.55	3.8
S560500	Zartbitter-/Halbbitterschokolade, mit Mokka/Kaffee	Bittersweet/semisweet chocolate, filled with mocha/coffee	2179	523	31.4	18.89	48.3	45.6	7	0.025
G581042	Kürbis Hokkaido (C. maxima) geschmort ohne Fett	Hokkaido pumpkin braised without fat	140	33	0.218	0.051	5.821	5.043	1.523	0.02
H730032	Linse rot, reif, gekocht	Lentil red, mature, boiled	479	113	0.76	0.133	16.3	0.4	8.8	0.005
S622400	Pralinen gefüllt mit Kokoscreme	Pralines filled with coconut cream	2395	575	38.94	24.06	49.5	49.1	5.36	0.158
G341162	Rotkohl gebacken	Red cabbage baked	140	33	0.212	0.039	4.391	4.306	1.839	0.032
V112142	Pferd Fleisch, geschmort ohne Fett	Horse meat, braised without fat	614	145	3.259	1.177	0.541	0	28.476	0.1
V232142	Hase Fleisch, geschmort ohne Fett	Hare meat, braised without fat	654	155	3.594	1.373	0	0	30.627	0.098
V413172	Hähnchen Fleisch, ohne Haut, gegrillt	Chicken meat, without skin, grilled	720	172	6.7	1.17	0	0	27.8	0.22
T311152	Flunder gedünstet	Flounder stewed	334	79	2.28	0.528	0	0	14.7	0.405
P1A3110	Radler sauer (Pilsner Bier mit Mineralwasser)	Pilsner beer mixed with mineral water	79	19	0	0	1.108	0.053	0.211	0.005
V634200	Hähnchen Leber, tiefgefroren	Chicken liver, deep-frozen	470	112	4.15	1.182	1.2	0	17.44	0.28
W156000	Landmettwurst	Landmettwurst sausage firm	1103	265	18.21	6.62	0	0	25.27	3.8
K701400	Champignon getrocknet	Button mushroom dried	1093	261	2.487	0.438	26.9	2	33.22	0.938
H842600	Sojadrink gesüßt, aromatisiert, angereichert mit Vitaminen und Calcium	Soya drink sweetened, flavoured, fortified with vitamins and calcium	243	58	2.212	0.321	5.69	5.68	3.01	0.142
X987512	Weizen gekocht (mit Fett und Salz)	Wheat boiled (with fat and salt)	850	202	4.416	0.41	30.575	0.544	6.616	0.385
G213152	Neuseeländer Spinat gedünstet	New Zealand spinach stewed	76	18	0.2	0.036	1.12	0.9	1.8	0.392
T424182	Meerforelle gebraten ohne Fett (Pfanne)	Sea trout fried without fat (pan)	529	126	4.06	0.99	0	0	21.8	0.155
D734800	Haselnusskugeln (Mürbeteig)	Hazelnut balls (shortcrust pastry)	2303	553	37.75	13.16	41.8	18.496	9.6	0.075
G342152	Weißkohl gedünstet	White cabbage stewed	145	35	0.207	0.036	4.93	4.78	1.502	0.012
X0A1020	Cornflakes mit Sojadrink und Ahornsirup gesüßt	Cornflakes with soya drink, maple syrup sweetened	564	134	1.34	0.187	25.4	4.6	3.81	0.275
G342132	Weißkohl gekocht	White cabbage boiled	124	29	0.176	0.031	4.21	4.08	1.282	0.02
U163142	Rind Roulade (Oberschale) geschmort ohne Fett	Beef meat for olives (topside/top round) braised without fat	687	163	5.326	2.42	0	0	28.836	0.095
K420182	Batate/Süßkartoffel, gebraten ohne Fett (Pfanne)	Batata/sweet potato, fried without fat (pan)	569	135	0.682	0	28.6	6.2	1.852	0.012
D753500	Vanillehörnchen/Vanillekipferl (Mürbeteig)	Vanilla crescents (shortcrust pastry)	2265	543	32.96	15.87	51.4	27.6	8.5	0.02
V272142	Rentier Fleisch, geschmort ohne Fett	Reindeer meat, braised without fat	611	144	2	0.8	0	0	31.6	0.14
Q6A6000	Joghurtbutter	Butter with yogurt	2513	611	66.19	42.4	1.59	1.59	1.98	0.05
G322142	Grünkohl gedämpft	Curly kale steamed	182	44	0.553	0.086	2.75	2.181	3.437	0.045
U857132	Lamm Brust, gekocht	Lamb breast, boiled	1543	372	30.769	14.032	0	0	23.823	0.185
U291132	Rind Hinterhesse, gekocht	Beef leg/hindshank, boiled	678	161	6.2	1.9	0	0	26.4	0.141
U872142	Schaf Vorderhaxe, mittelfett, geschmort ohne Fett	Sheep foreshank, medium fat, braised without fat	1011	242	14.5	4.4	0	0	27.9	0.14
V485172	Pute Keule, ohne Haut, gegrillt	Turkey leg, without skin, grilled	742	176	5.554	2.139	0	0	31.538	0.298
Q6A4000	Butter gesalzen	Butter salted	3011	732	80.556	51.603	0.56	0.56	1.164	1.935
V533200	Schwein Leber, tiefgefroren	Pork liver, deep-frozen	550	131	4.77	1.497	1	0	20.96	0.249
G760162	Erbse grün, gebacken	Pea green, baked	436	103	0.565	0.116	14.474	1.533	6.9	0.005
U121200	Rind Kotelett (Rücken) tiefgefroren	Beef chop (loin) deep-frozen	546	130	4.45	1.943	0	0	22.45	0.138
S229000	Parfait/Halbgefrorenes	Parfait	1415	340	22.921	10.77	29.3	29.3	4	0.072
F304152	Heidelbeere gedünstet	Blueberry stewed	269	64	0.632	0.059	10.21	10.21	0.5	0.005
X537112	Rotkohl gedünstet (mit Fett und Salz)	Red cabbage stewed (with fat and salt)	185	45	2.753	0.21	2.85	2.81	0.977	0.208
V485200	Pute Keule, ohne Haut, tiefgefroren	Turkey leg, without skin, deep-frozen	482	114	3.61	1.39	0	0	20.5	0.215
U371162	Kalb Bratenfleisch (Bug) gebraten ohne Fett (Ofen)	Veal meat for roasting (shoulder) fried without fat (oven)	508	120	1.092	0.457	0	0	27.503	0.235
K713182	Pfifferling gebraten ohne Fett (Pfanne)	Chanterelle fried without fat (pan)	179	43	0.444	0.081	0.903	0.264	6.41	0.012
G324132	Pak Choi gekocht	Pak choi boiled	64	15	0.184	0.011	1	0.8	1.653	0.03
T612200	Schwertfisch tiefgefroren	Swordfish deep-frozen	445	106	3.11	0.584	0	0	19.4	0.255
F603700	Orangennektar	Orange nectar	160	38	0	0	8.551	8.551	0.375	0.005
X0A1000	Cornflakes mit Milch 1,5 % Fett und Honig gesüßt	Cornflakes with milk 1.5 % fat, honey sweetened	626	148	1.49	0.738	28.95	8.08	4.02	0.29
W441082	Parmaschinken gebraten ohne Fett (Pfanne)	Parma ham fried without fat (pan)	1330	319	21.544	7.979	0.15	0.15	30.178	5.612
S790000	Kakaomasse	Cocoa mass	2770	672	65.915	39.7	4.6	0.382	9.609	0.31
F406600	Holundersaft	Elderberry juice	239	57	1.36	0.104	6.91	6.88	2.02	0.002
E607100	Grießklößchen getrocknet	Semolina dumplings dried	1810	431	17.22	8.87	45.97	9.43	21.67	1.322
T800100	Klippfisch 1/1 trocken (gesalzen, getrocknet)	Fish salted, dried	787	185	0.72	0.397	0	0	44.7	19
S320000	Hartkaramelle (Bonbon) gefüllt	Boiled sweets filled/hard candy filled	1721	408	0	0	87.3	57.7	0	0.005
V511200	Rind Herz, tiefgefroren	Beef heart, deep-frozen	508	121	6	2.291	0	0	16.8	0.27
P1A1120	Weizen-Radler, alkoholfrei (Weizenbier, alkoholfrei, mit Zitronenlimonade)	Wheat beer, alcohol-free, mixed with carbonated lemonade	128	30	0	0	6.996	5.836	0.242	0.012
G341152	Rotkohl gedünstet	Red cabbage stewed	113	27	0.171	0.032	3.555	3.486	1.489	0.025
S475100	Ananas kandiert	Pineapple candied	886	208	0	0.011	51.1	51.1	0.3	0.01
U990400	Sauce Hollandaise, Konserve	Sauce Hollandaise, canned	416	100	7.24	3.59	5.998	0.056	2.7	1.55
U611172	Schwein Filet/Lende, gegrillt	Pork tenderloin, grilled	649	154	3.78	1.159	0	0	29.97	0.151
Y569122	Hähnchenschenkel/Hähnchenkeule, gebraten im Ofen	Chicken thigh fried in oven	1274	307	23.05	3.83	0	0	24.8	0.615
T206172	Schellfisch gegrillt	Haddock grilled	392	92	0.71	0.122	0	0	21.5	0.218
B411000	Weizenvollkornbrötchen	Wholemeal wheat roll	1214	288	3.26	0.922	49	1.4	10.5	1.46
H926100	Soja-Bratlinge gebraten ohne Fett (Pfanne)	Soya burgers fried without fat (pan)	1193	287	20.13	2.1	6	3.2	20.1	1.735
C334032	Hirse gekocht	Millet boiled	588	139	1.17	0.228	26.76	0.22	4.67	0
U773162	Schaf Bratenfleisch (Bug, fett) gebraten ohne Fett (Ofen)	Sheep meat for roasting (shoulder, fat) fried without fat (oven)	1454	351	28.6	13	0	0	23.3	0.295
P9A8000	Cocktail, Kir Royal	Cocktail, Kir royale	373	90	0	0	4.8	4.8	0	0.01
C238032	Dinkel Grieß, gekocht	Spelt semolina, boiled	157	37	0.2	0.022	7.14	0.072	1.36	0
K718152	Steinpilz gedünstet	Porcini mushroom stewed	272	65	0.563	0.1	4.6	0.746	7.606	0.02
Y890512	Kaiserschmarren (mit Milch 1,5 % Fett) gebraten	"Kaiserschmarren" fried (thick pancake with milk 1.5 % fat, cut into pieces)	1022	244	12.6	2	23.3	7.3	8.1	0.185
K704182	Birkenpilz gebraten ohne Fett (Pfanne)	Brown birch bolete fried without fat (pan)	316	76	1.016	0.181	5.36	0.869	7.705	0.008
Y841412	Aprikosenkompott ungesüßt	Apricot compote unsweetened	160	38	0.116	0.009	7.323	6.61	0.7	0.005
Y362012	Schweinshaxe geschmort, ohne Sauce	Pork hock braised, without sauce	1251	300	20.15	5.29	0.02	0	29.71	0.798
D730300	Spritzgebäck mit Mandeln (Rührmasse)	Spritz biscuits with almonds (cake batter)	2203	528	31.18	17.06	53.08	23.038	7.07	0.032
S142300	Birnenkraut (ohne Zuckerzusatz)	Pear butter, unsweetened	804	191	0.9	0.121	42.9	33.2	1	0.006
V272162	Rentier Fleisch, gebraten ohne Fett (Ofen)	Reindeer meat, fried without fat (oven)	611	144	2	0.8	0	0	31.6	0.2
V402142	Baby-Pute Fleisch, mit Haut, geschmort ohne Fett	Young turkey meat, with skin, braised without fat	771	183	6.268	1.601	0	0	31.705	0.102
U892162	Schaf Hinterhaxe, mittelfett, gebraten ohne Fett (Ofen)	Sheep hindshank, medium fat, fried without fat (oven)	913	219	13.1	4	0	0	25.2	0.18
T753132	Garnele/Granat/Krabbe, gekocht	Common shrimp boiled	398	94	1.973	0.436	0	0	19.11	0.425
T208182	Merlan/Wittling, gebraten ohne Fett (Pfanne)	Whiting fried without fat (pan)	425	100	1.47	0.265	0	0	21.8	0.215
T207272	Köhler/Seelachs, tiefgefroren, gegrillt	Saithe/pollack, deep-frozen, grilled	452	107	1.427	0.233	0	0	23.507	0.23
K707182	Edel-Reizker gebraten ohne Fett (Pfanne)	Saffron milk cap (red pine mushroom) fried without fat (pan)	245	59	1.098	0.192	4.8	0.3	4.644	0.025
K702182	Trüffel gebraten ohne Fett (Pfanne)	Black truffle (Perigord black truffle) fried without fat (pan)	496	120	0.836	0.148	1	1	13.587	0.315
K110162	Kartoffel geschält, gebacken	Potatoe peeled, baked	496	117	0.141	0.05	25.211	1.267	2.732	0.012
F301600	Erdbeersaft	Strawberry juice	129	30	0.32	0.025	5.325	5.271	0.738	0.01
Y851512	Rhabarberkompott zuckerreduziert	Rhubarb compote sugar-reduced	206	49	0.119	0.024	9.13	8.935	0.508	0.005
T313200	Rotzunge tiefgefroren	Witch deep-frozen	300	71	1	0.143	0	0	15.5	0.302
C359042	Reis parboiled, poliert, geschmort ohne Fett	Rice parboiled, braised without fat	431	101	0.27	0.076	22.1	0.1	2.405	0
T204152	Dorsch/Kabeljau, gedünstet	Cod stewed	315	74	0.84	0.19	0	0	16.7	0.19
U853132	Schaf Brust, fett, gekocht	Sheep breast, fat, boiled	1981	480	45.5	20.768	0	0	17.5	0.185
G482182	Frühlingszwiebel/Lauchzwiebel, gebraten ohne Fett (Pfanne)	Spring onion fried without fat (pan)	179	43	0.3	0.051	4.7	4.4	3	0.048
U632162	Schwein Kamm, gebraten ohne Fett (Ofen)	Pork neck, fried without fat (oven)	855	205	11.78	4.391	0	0	24.66	0.15
T121182	Thunfisch gebraten ohne Fett (Pfanne)	Tuna fried without fat (pan)	641	153	5.84	1.652	0	0	25	0.108
F602600	Limettensaft	Lime juice	105	24	0.2	0	1.52	1.52	0.45	0.005
V594132	Schaf Zunge, gekocht	Sheep tongue, boiled	953	229	17.2	5.6	0	0	18.6	0.145
C350222	Reis poliert, gedämpft	White rice steamed	459	108	0.181	0.038	23.8	0.09	2.446	0.01
H030432	Glasnudeln aus Mungbohnenstärke, gekocht	Glass noodles made from mung bean starch, boiled	392	92	0.01	0	22.236	0	0.07	0.009
U342182	Kalb Schnitzel (Keule) gebraten ohne Fett (Pfanne)	Veal schnitzel (round) fried without fat (pan)	533	126	0.974	0.407	0	0	29.224	0.19
U231200	Rind Hals/Kamm/Nacken, tiefgefroren	Beef neck/chuck, deep-frozen	625	149	8.05	3.615	0	0	19.25	0.108
Y576113	Ente gebraten im Ofen, mit Orangen und Sauce	Duck fried in oven, with oranges and sauce	1276	307	23.3	6.7	2.01	1.99	21.5	0.515
T506252	Wels tiefgefroren, gedünstet	European catfish deep-frozen, stewed	488	117	7	1.71	0	0	13.5	0.048
V485142	Pute Keule, ohne Haut, geschmort ohne Fett	Turkey leg, without skin, braised without fat	573	136	3.094	1.191	0	0	26.943	0.122
E105182	Wachtelei gebraten ohne Fett (Pfanne)	Quail egg fried without fat (pan)	627	151	10.112	2.738	0.382	0.382	14.507	0.432
U611162	Schwein Filet/Lende, gebraten ohne Fett (Ofen)	Pork tenderloin, fried without fat (oven)	608	144	3.17	0.97	0	0	28.87	0.134
U733172	Schaf Filetsteak, gegrillt	Sheep fillet steak, grilled	718	170	4.18	1.91	0	0	33.15	0.171
V122162	Ziege Fleisch, gebraten ohne Fett (Ofen)	Goat meat, fried without fat (oven)	649	154	5.411	1.726	0	0	26.382	0.185
C320032	Buchweizen gekocht	Buckwheat boiled	485	115	1.01	0.172	20.99	0.357	4.43	0
G101182	Chicoree gebraten ohne Fett (Pfanne)	Witloof chicory fried without fat (pan)	159	38	0.34	0.058	2.4	1.72	4.509	0.218
V4B5182	Hähnchen Unterschenkel, mit Haut, gebraten ohne Fett (Pfanne)	Chicken drumstick, with skin, fried without fat (pan)	747	178	8.08	1.75	0	0	26.35	0.292
V464162	Ente Fleisch, mit Haut, gebraten ohne Fett (Ofen)	Duck meat, with skin, fried without fat (oven)	851	203	10.585	3.515	0	0	27.011	0.125
T420232	Forelle tiefgefroren, pochiert	Trout deep-frozen, poached	463	110	4.711	0.788	0	0	16.583	0.27
E112132	Hühnerei Eigelb, gekocht	Chicken egg yolk, boiled	1427	345	31.3	8.51	0.21	0.21	15.6	0.13
T070152	Seeteufel gedünstet	Anglerfish stewed	253	60	0.72	0.147	0	0	13.304	0.275
V464182	Ente Fleisch, mit Haut, gebraten ohne Fett (Pfanne)	Duck meat, with skin, fried without fat (pan)	1103	264	14.604	4.85	0	0	33.126	0.152
F312600	Traubensaft weiß	Grape white juice	272	64	0.16	0.036	13.99	13.99	0.63	0.011
C219232	Hartweizen ganzes Korn, gekocht	Durum wheat whole grain, boiled	777	184	1.17	0.18	32.52	0.572	7.69	0.001
Y740162	Eier gekocht	Eggs boiled	563	135	9	2.437	0.34	0.34	13.175	0.385
U121182	Rind Kotelett (Rücken) gebraten ohne Fett (Pfanne)	Beef chop (loin) fried without fat (pan)	700	166	5.532	2.415	0	0	29.124	0.158
G261152	Brennnessel gedünstet	Stinging nettle stewed	207	49	0.649	0.097	1.392	0.901	7.84	0
V524132	Schaf Hirn, gekocht	Sheep brain, boiled	496	119	8.08	2.05	0	0	11.6	0.198
T306200	Heilbutt/Weißer Heilbutt, tiefgefroren	Halibut/white halibut, deep-frozen	557	133	5.83	1.24	0	0	20.1	0.168
V464142	Ente Fleisch, mit Haut, geschmort ohne Fett	Duck meat, with skin, braised without fat	890	213	12.094	4.015	0	0	26.019	0.06
U751142	Schaf Gulasch (Bug, mager) geschmort ohne Fett	Sheep goulash (shoulder, lean) braised without fat	786	187	8.19	2.81	0	0	28.4	0.16
C147032	Gerste Grütze, gekocht	Barley groats, boiled	371	88	0.417	0.105	17.225	0.475	2.362	0.002
G570200	Zuckermais tiefgefroren	Sweetcorn deep-frozen	307	73	1.367	0.183	10.5	3.77	3.3	0.005
T305272	Goldbutt/Scholle, tiefgefroren, gegrillt	Plaice deep-frozen, grilled	471	111	1.719	0.286	0	0	23.988	0.548
G640152	Pastinake gedünstet	Parsnip stewed	245	58	0.422	0.064	9.5	3.001	2.635	0.02
Y622112	Kabeljau pochiert (ohne Sauce)	Cod poached (without sauce)	285	67	0.8	0.176	0.159	0.159	14.7	0.262
V478142	Gans Innereien, geschmort ohne Fett	Goose giblets, braised without fat	878	210	11.51	3.02	0	0	26.6	0.21
U261162	Rind Bug/Schulter, gebraten ohne Fett (Ofen)	Beef shoulder, fried without fat (oven)	676	161	5.889	2.583	0	0	26.933	0.148
T793162	Pilgermuschel/Jakobsmuschel, gratiniert ohne Fett (Ofen)	Scallop gratinated without fat (oven)	293	69	0.111	0.034	0	0	16.987	0.822
E632200	Dinkelvollkornteigwaren eifrei, roh	Wholemeal spelt pasta egg-free, raw	1465	347	2.38	0.245	62.19	1.081	13.88	0.005
G490500	Knoblauch Pulver	Garlic powder	983	240	1.044	0.158	7	5.1	15.042	0.049
G430132	Gemüsefenchel gekocht	Fennel/Florence fennel, boiled	114	27	0.2	0.044	3.43	2.97	1.4	0.055
X5A9030	Röstzwiebeln	Fried onions	673	161	9.5	0.69	15.13	7.29	2.47	0.028
U866132	Hammel Bug/Schulter, gekocht	Mutton shoulder, boiled	1653	399	33.333	15.201	0	0	24.7	0.242
T793200	Pilgermuschel/Jakobsmuschel, tiefgefroren	Scallop deep-frozen	269	63	0.1	0.03	0	0	15.6	0.74
V212200	Hirsch Fleisch, tiefgefroren	Venison meat, deep-frozen	474	112	3.34	1.268	0	0	20.6	0.158
T313152	Rotzunge gedünstet	Witch stewed	270	64	0.95	0.136	0	0	13.839	0.305
G312162	Broccoli gebacken	Broccoli baked	209	50	0.84	0.167	3.3	1.94	5.101	0.092
U693162	Schwein Hintereisbein/Hinterhaxe, gebraten ohne Fett (Ofen)	Pork hindshank (hock) fried without fat (oven)	1128	271	17.94	6.035	0	0	27.31	0.249
F120152	Apfel geschält, gedünstet	Apple peeled, stewed	216	51	0.3	0.02	11.02	9.619	0.2	0.002
V416132	Hähnchen Brustfilet, gekocht	Chicken breast fillet, boiled	491	116	1.24	0.282	0	0	26.16	0.064
V596132	Hammel Zunge, gekocht	Mutton tongue, boiled	820	197	14.8	4.837	0	0	16.031	0.198
V416182	Hähnchen Brustfilet, gebraten ohne Fett (Pfanne)	Chicken breast fillet, fried without fat (pan)	582	137	1.59	0.36	0	0	30.79	0.147
E632300	Dinkelvollkorneierteigwaren roh	Wholemeal spelt egg pasta raw	1491	353	2.69	0.468	61.95	0.779	14.11	0.042
U684162	Schwein Nuss, gebraten ohne Fett (Ofen)	Pork thick flank, fried without fat (oven)	572	135	2.63	0.795	0	0	27.95	0.15
H310600	Kürbiskern geröstet ohne Fett	Pumpkin seed roasted without fat	2472	597	47.286	7.849	2.87	1.367	35.49	0.067
W514032	Kasseler, Rohpökelware, geräuchert, gekocht	Pork loin chop raw cured, smoked, boiled	619	146	2.437	0.956	0	0	31.096	3.312
F405600	Sanddornsaft	Sea buckthorn berry juice	138	33	2.33	0.3	1.9	1.8	0.94	0.015
T213272	Alaska-Pollack/Alaska-Seelachs, tiefgefroren, gegrillt	Alaska pollock deep-frozen, grilled	403	95	0.908	0.164	0	0	21.719	0.23
T060182	Hecht gebraten ohne Fett (Pfanne)	Pike fried without fat (pan)	418	99	1.27	0.252	0	0	21.8	0.2
T041142	Aal geschmort ohne Fett	Eel braised without fat	1178	284	25.3	6.538	0	0	14.2	0.172
G541152	Gemüsepaprika grün, gedünstet	Sweet pepper green, stewed	176	42	0.261	0.065	7.48	7.08	1.174	0.012
G324152	Pak Choi gedünstet	Pak choi stewed (prepard without fat)	72	17	0.213	0.013	1	0.8	1.915	0.035
P1A1130	Weizen-Radler (Weizenbier mit Zitronenlimonade)	Wheat beer mixed with carbonated lemonade	167	40	0	0	5.861	4.673	0.307	0.012
T118152	Schildmakrele/Stöcker, gedünstet	Atlantic horse mackerel stewed	480	114	4.46	1.45	0	0	18.516	0.17
N720800	Kräutertee (Getränk) mit Alkohol	Herbal tea (infusion) with alcohol	61	15	0	0	0	0	0	0.005
G581132	Kürbis Pumpkin (C. pepo) gekocht	Pumpkin (C. pepo) boiled	158	38	0.136	0.036	6.08	5.34	1.151	0.002
S211000	Riegel aus Speiseeis, mit Karamell, überzogen mit Schokolade	Ice cream bar filled with ice cream and caramel, covered with chocolate	1452	347	16.9	10.8	42.2	35.4	3.3	0.185
N4A3300	Cappuccino (Getränk) mit Milch 3,5 % Fett und Zucker	Cappuccino (infusion) with milk 3.5 % fat and sugar	242	58	2.73	1.729	5.34	5.34	2.9	0.072
U831142	Schaf Hals/Kamm/Nacken, geschmort ohne Fett	Sheep scrag, braised without fat	1008	242	14.88	7	0	0	26.9	0.155
T204162	Dorsch/Kabeljau, gebraten ohne Fett (Ofen)	Cod fried without fat (oven)	389	92	0.91	0.206	0	0	20.9	0.19
T060132	Hecht pochiert	Pike poached	311	73	1.05	0.208	0	0	16	0.192
K724182	Shiitakepilz gebraten ohne Fett (Pfanne)	Shiitake mushroom fried without fat (pan)	202	48	0.3	0	3.9	3.9	4.1	0.004
K713152	Pfifferling gedünstet	Chanterelle stewed	154	37	0.382	0.067	0.776	0.227	5.507	0.01
T213282	Alaska-Pollack/Alaska-Seelachs, tiefgefroren, gebraten ohne Fett (Pfanne)	Alaska pollock deep-frozen, fried without fat (pan)	360	85	0.788	0.142	0	0	19.475	0.18
G614152	Weiße Rübe/Wasserrübe/Herbstrübe, gedünstet	Turnip stewed	166	39	0.216	0.029	6.46	5.56	0.971	0.142
H861032	Tofu gargezogen	Tofu poached	427	102	4.794	0.787	0	0	14.128	0.025
U672172	Schwein Vordereisbein/Vorderhaxe, gegrillt	Pork foreshank (hock) grilled	1068	256	15.16	4.803	0	0	29.82	0.305
G343132	Wirsing gekocht	Savoy cabbage boiled	135	32	0.282	0.05	3.6	3.1	2.452	0.02
Y841812	Pfirsichkompott ungesüßt	Peach compote unsweetened	148	35	0.098	0.009	7.17	6.25	0.6	0.003
C235132	Dinkel Vollkornschrot, gekocht	Spelt coarse meal, boiled	217	51	0.36	0.03	8.86	0.157	2.31	0
T302182	Steinbutt gebraten ohne Fett (Pfanne)	Turbot fried without fat (pan)	409	97	1.946	0.341	0	0	19.831	0.302
G582182	Zucchini gebraten ohne Fett (Pfanne)	Courgette fried without fat (pan)	173	41	0.486	0.116	6	3.5	2.2	0.005
W515072	Kasseler, Rohpökelware, geräuchert, gegrillt	Pork loin chop raw cured, smoked, grilled	648	153	2.968	1.164	0	0	31.663	4.07
X701142	Frischteigwaren eifrei, selbstgemacht, roh	Fresh pasta egg-free, homemade, raw	978	231	0.79	0.12	46.38	0.451	7.85	1.051
F515600	Litschisaft	Lychee juice	305	72	0.24	0	16.6	16.1	0.77	0.005
U863162	Schaf Bug/Schulter, fett, gebraten ohne Fett (Ofen)	Sheep shoulder, fat, fried without fat (oven)	1454	351	28.6	13.03	0	0	23.3	0.295
V486132	Pute Brust, ohne Haut, gekocht	Turkey breast, without skin, boiled	442	104	0.619	0.225	0	0	24.648	0.052
T208152	Merlan/Wittling, gedünstet	Whiting stewed	325	77	1.25	0.223	0	0	16.4	0.205
U532182	Schwein Kammsteak, gebraten ohne Fett (Pfanne)	Pork steak (neck) raw fried without fat (pan)	791	189	10.9	4.05	0	0	22.81	0.144
N411200	Espresso (Getränk) mit Zucker	Espresso (infusion) with sugar	181	43	0	0	10.072	10.072	0.4	0.018
K110142	Kartoffel geschält, geschmort ohne Fett	Potatoe peeled, braised without fat	337	80	0.081	0.029	17.162	0.863	1.8	0.006
K707152	Edel-Reizker gedünstet	Saffron milk cap (red pine mushroom) stewed	212	51	0.944	0.164	4.2	0.3	3.99	0.02
U892142	Schaf Hinterhaxe, mittelfett, geschmort ohne Fett	Sheep hindshank, medium fat, braised without fat	1011	242	14.5	4.4	0	0	27.9	0.14
V487132	Pute Flügel, mit Haut, gekocht	Turkey wings, with skin, boiled	637	152	7.7	1.6	0	0	20.7	0.062
G101162	Chicoree gebacken	Witloof chicory baked	99	24	0.212	0.036	1.5	1.09	2.812	0.135
B131000	Hafervollkornbrot	Wholemeal oat bread	817	194	1.53	0.27	34	0.93	5.83	1.142
T601200	Barsch/Flussbarsch, tiefgefroren	European perch deep-frozen	335	79	0.6	0.098	0	0	18.4	0.118
F608600	Satsumasaft	Satsuma mandarin juice	167	39	0.24	0	7.68	7.68	0.7	0.006
G553132	Pfefferschote grün, gekocht	Chilli pepper green, boiled	176	42	0.2	0.02	7.11	6.73	2.1	0.015
S551000	Sahneschokolade mit Mokka/Kaffee	Cream chocolate with mocha/coffee	2336	560	35.5	21.43	51.2	50.285	7.2	0.168
F304600	Heidelbeersaft	Blueberry juice	198	47	0.48	0.045	8.73	8.73	0.4	0
F545400	Kochbanane getrocknet	Plantain dried	1298	306	0.17	0.274	69.7	18.2	2.79	0.018
U461162	Kalb Bug/Schulter, gebraten ohne Fett (Ofen)	Veal shoulder, fried without fat (oven)	508	120	1.092	0.457	0	0	27.503	0.235
V417200	Hähnchen Flügel, mit Haut, tiefgefroren	Chicken wings, with skin, deep-frozen	827	199	13.94	3.012	0	0	18.33	0.232
T412182	Buckellachs gebraten ohne Fett (Pfanne)	Pink salmon fried without fat (pan)	608	145	5	0.91	0	0	24.9	0.165
C519000	Popcorn gesüßt	Popcorn sweet	1706	406	12.622	4.5	64.4	22	5.973	0.012
V591132	Rind Zunge, gekocht	Beef tongue, boiled	880	211	15.288	4.999	0	0	18.462	0.145
D6A8000	Biskuitboden glutenfrei	Sponge cake base gluten-free	1090	258	4.982	1.346	45.772	24.245	7.372	0.218
F211152	Süßkirsche gedünstet	Sweet cherry stewed	343	81	0.356	0.08	17.62	15.7	1.034	0.001
U452142	Kalb Brust, geschmort ohne Fett	Veal breast, braised without fat	952	229	15.147	6.34	0	0	23.061	0.21
U577162	Schwein Kammbraten, gebraten, ohne Fett (Ofen)	Pork meat for roasting (neck) fried without fat (oven)	855	205	11.78	4.37	0	0	24.66	0.15
T124152	Gelbflossen-Thun gedünstet	Yellowfin tuna stewed	388	91	0.47	0.165	0	0	21.8	0.122
G520182	Gurke gebraten ohne Fett (Pfanne)	Cucumber fried without fat (pan)	118	28	0.339	0.113	3.33	3.33	1.8	0.012
G210132	Spinat gekocht	Spinach boiled	76	18	0.3	0.037	0.45	0.38	2.36	0.115
U522200	Schwein Stielkotelett, tiefgefroren	Pork chop (loin) deep-frozen	730	175	10.08	3.4	0	0	21.02	0.122
P1A1100	Colaweizen (Weizenbier mit Cola)	Wheat beer with cola	174	41	0	0	6.377	5.189	0.307	0.002
F321600	Johannisbeersaft rot	Red currant juice	128	30	0.16	0.032	3.86	3.86	1.294	0.005
V476172	Gans Fleisch, ohne Haut, gegrillt	Goose meat, without skin, grilled	767	183	7.22	2.48	0	0	29.4	0.262
E113162	Hühnerei Eiklar, gebacken	Chicken egg white, baked	209	49	0.036	0	0.494	0.494	11.7	0.558
T104182	Sardelle gebraten ohne Fett (Pfanne)	Anchovy fried without fat (pan)	976	234	15.4	4.862	0	0	23.869	0.275
D087000	Schokobiskuitboden	Chocolate sponge cake base	1224	290	6.78	2.2	44.4	28.011	11.59	0.278
G261132	Brennnessel gekocht	Stinging nettle boiled	180	43	0.56	0.083	1.202	0.778	6.768	0
G583182	Chayote gebraten ohne Fett (Pfanne)	Chayote fried without fat (pan)	243	58	0.169	0.043	9.86	8.66	1.32	0.008
U611200	Schwein Filet/Lende, tiefgefroren	Pork tenderloin, deep-frozen	497	118	2.97	0.91	0	0	22.79	0.122
T417600	Wildlachs geräuchert	Pacific salmon smoked	505	120	3.78	0.937	0	0	21.483	0.13
V532182	Kalb Leber, gebraten ohne Fett (Pfanne)	Veal liver, fried without fat (pan)	464	110	1.513	0.475	5.395	0	18.625	0.242
G322200	Grünkohl tiefgefroren	Curly kale deep-frozen	245	59	0.744	0.115	3.69	2.934	4.622	0.07
U563162	Schwein Roulade (Oberschale) gebraten ohne Fett (Pfanne)	Pork meat for olives (topside) fried without fat (pan)	595	141	2.68	0.83	0	0	29.15	0.135
V513200	Schwein Herz, tiefgefroren	Pork heart, deep-frozen	492	117	5.53	2.07	0	0	16.9	0.275
U564132	Schwein Dicke Rippe gekocht	Pork breast tip cut boiled	1070	256	15.81	5.14	0	0	28.54	0.126
G311142	Blumenkohl gedämpft	Cauliflower steamed	146	35	0.277	0.042	5.28	2.14	2.399	0.028
V222142	Reh Rücken, geschmort ohne Fett	Roe deer saddle, braised without fat	639	152	3.89	1.476	0	0	29.151	0.172
C356032	Reis Grieß, gekocht	Rice grits, boiled	233	55	0.103	0.022	12.2	0.04	1.143	0
G490152	Knoblauch gedünstet	Garlic stewed	392	96	0.412	0.062	3	2	5.931	0.019
G691152	Radieschen gedünstet	Small red radish stewed	76	18	0.137	0.032	2.27	2.092	1.029	0.055
U452200	Kalb Brust, tiefgefroren	Veal breast, deep-frozen	838	201	14.2	5.943	0	0	18.4	0.262
C133032	Hafer Flocken, gekocht	Oat flakes, boiled	276	66	1.257	0.253	10	0.14	2.499	0.001
G341132	Rotkohl gekocht	Red cabbage boiled	101	24	0.164	0.03	3.034	2.969	1.421	0.025
V122142	Ziege Fleisch, geschmort ohne Fett	Goat meat, braised without fat	750	178	6.256	1.997	0	0	30.504	0.15
E606000	Semmelknödel roh	White bread dumplings raw	768	182	4.99	2.22	25.4	2.83	8.11	1.262
G485152	Schalotte gedünstet	Shalot stewed	138	33	0.1	0.016	3.2	3.2	2	0.028
U57B162	Schwein Ladenbauch, gebraten ohne Fett (Ofen)	Pork belly for roasting, fried without fat (oven)	1510	364	30.34	10.86	0	0	22.77	0.169
F545152	Kochbanane gedünstet	Plantain stewed	598	141	0.08	0.125	32.1	8.4	1.28	0.008
F507600	Kakisaft	Persimmon juice	237	56	0.24	0.039	12.712	12.712	0.6	0.004
T121272	Thunfisch tiefgefroren, gegrillt	Tuna deep-frozen, grilled	556	131	0.84	0.238	0	0	30.87	0.205
U171162	Rind Bratenfleisch (Bug) gebraten ohne Fett (Ofen)	Beef meat for roasting (shoulder) fried without fat (oven)	676	161	5.889	2.583	0	0	26.933	0.148
V474200	Gans Fleisch, mit Haut, tiefgefroren	Goose meat, with skin, deep-frozen	1414	342	31	8.72	0	0	15.7	0.215
V417142	Hähnchen Flügel, mit Haut, geschmort ohne Fett	Chicken wings, with skin, braised without fat	774	185	10.86	2.346	0	0	21.9	0.12
V111200	Pferd Fleisch, tiefgefroren	Horse meat, deep-frozen	456	108	2.67	0.964	0.4	0	20.6	0.11
U892132	Schaf Hinterhaxe, mittelfett, gekocht	Sheep hindshank, medium fat, boiled	1080	259	15.5	4.9	0	0	29.8	0.15
G311152	Blumenkohl gedünstet	Cauliflower stewed	157	38	0.298	0.045	5.66	2.29	2.579	0.032
H210400	Mandel süß, gemahlen	Sweet almond crushed	2226	538	46.6	4.01	3.87	3.634	22.333	0.005
C326032	Buchweizen Grieß, gekocht	Buckwheat semolina, boiled	197	46	0.41	0.06	8.65	0.135	1.66	0
U070200	Rind Tatar/Schabefleisch, tiefgefroren	Beef mince, lean, deep-frozen	485	115	3	1.111	0	0	22	0.165
T201182	Brosme/Lumb, gebraten ohne Fett (Pfanne)	Cusk fried without fat (pan)	372	88	0.619	0.165	0	0	20.544	0.3
G342182	Weißkohl gebraten ohne Fett (Pfanne)	White cabbage fried without fat (pan)	252	60	0.358	0.063	8.56	8.3	2.608	0.022
V534182	Schaf Leber, gebraten ohne Fett (Pfanne)	Sheep liver, fried without fat (pan)	604	144	5.7	2.16	1.1	0	22	0.17
K701132	Champignon gekocht	Button mushroom boiled	165	39	0.374	0.066	4	0.3	4.99	0.117
F302152	Himbeere gedünstet	Raspberry stewed	190	45	0.316	0.011	5.4	5.4	1.1	0.001
U831162	Schaf Hals/Kamm/Nacken, gebraten ohne Fett (Ofen)	Sheep scrag, fried without fat (oven)	870	208	12.86	6.2	0	0	23.2	0.19
T501132	Karpfen pochiert	Carp poached	451	107	4.88	1.274	0	0	15.882	0.078
T064152	Hecht gedünstet	Pike stewed	315	74	1.06	0.211	0	0	16.2	0.188
T105182	Sardine gebraten ohne Fett (Pfanne)	Sardine fried without fat (pan)	731	175	9.17	2.057	0	0	23.038	0.36
U852142	Schaf Brust, mittelfett, geschmort ohne Fett	Sheep breast, medium fat, braised without fat	1013	242	14	6.5	0	0	29.1	0.202
T306152	Heilbutt/Weißer Heilbutt, gedünstet	Halibut/white halibut, stewed	510	122	5.55	1.181	0	0	17.946	0.17
V476132	Gans Fleisch, ohne Haut, gekocht	Goose meat, without skin, boiled	668	158	4.58	1.57	0	0	29.3	0.125
Y840243	Heidelbeerkompott	Blueberry compote	276	65	0.451	0.042	12.2	12.2	0.4	0.005
U020182	Schwein Hackfleisch, gebraten ohne Fett (Pfanne)	Pork mince, fried without fat (pan)	1409	339	26.44	8.825	0	0	25.35	0.167
P287000	Kalte Ente (Bowle aus Wein und Sekt)	Cold duck (punch made from wine and sparkling wine)	308	74	0	0	1.55	1.55	0.1	0.005
G220162	Bleichsellerie gebacken	Stalk celery baked	83	20	0.1	0	1.9	1.8	1.412	0.23
U131162	Rind Steak (Rücken) gebraten ohne Fett (Ofen)	Beef steak (loin) fried in the oven without fat	682	162	4.877	2.196	0	0	29.523	0.16
G720200	Wachsbohne tiefgefroren	Wax bean deep-frozen	124	30	0.2	0	3.7	2.39	2.3	0.005
G101152	Chicoree gedünstet	Witloof chicory stewed	90	22	0.191	0.033	1.4	0.98	2.543	0.122
T780162	Europäische Auster gratiniert ohne Fett (Ofen)	European oyster gratinated without fat (oven)	308	73	3.27	0.877	1.211	0	9.8	0.445
Y179012	Rinderzunge gekocht	Beef tongue boiled (in stock)	880	211	15.288	4.999	0	0	18.462	0.145
G322152	Grünkohl gedünstet	Curly kale stewed	192	46	0.583	0.09	2.89	2.296	3.617	0.055
M524562	Halloumi Grillkäse, gebacken	Halloumi cheese baked	1377	332	26.38	15.56	0.1	0	22.59	1.649
F140132	Quitte gekocht	Quince boiled	182	44	0.515	0.039	6.7	5.754	0.411	0.002
U070182	Rind Tatar/Schabefleisch, gebraten ohne Fett (Pfanne)	Beef mince, lean, fried without fat (pan)	623	148	3.73	1.383	0	0	28.541	0.155
U693132	Schwein Hintereisbein/Hinterhaxe, gekocht	Pork hindshank (hock) boiled	1078	259	17.07	5.741	0	0	26.24	0.139
U872172	Schaf Vorderhaxe, mittelfett, gegrillt	Sheep foreshank, medium fat, grilled	1067	256	16.3	5.1	0	0	27.3	0.21
H770132	Mungbohne reif, gekocht	Mung bean mature, boiled	467	111	0.7	0.11	14.5	0.5	8.6	0.001
U817162	Lamm Nuss, gebraten ohne Fett (Ofen)	Lamb thick flank, fried without fat (oven)	620	147	4.973	2.368	0	0	25.676	0.172
T121282	Thunfisch tiefgefroren, gebraten ohne Fett (Pfanne)	Tuna deep-frozen, fried without fat (pan)	506	119	0.741	0.209	0	0	28.165	0.165
U883142	Schaf Keule, fett, geschmort ohne Fett	Sheep leg, fat, braised without fat	1286	309	22.5	10.263	0	0	26.7	0.158
U803000	Schaf Fleisch, grob entsehnt, roh	Sheep meat, tendons coarsly removed, raw	753	181	11.9	5	0	0	18.4	0.215
C212032	Weizen Backschrot, Type 1700, gekocht	Wheat coarse meal, Type 1700, boiled	219	52	0.27	0.03	9.41	0.171	1.95	0
T204182	Dorsch/Kabeljau, gebraten ohne Fett (Pfanne)	Cod fried without fat (pan)	394	93	0.94	0.215	0	0	21.1	0.19
E107122	Hühnerei pochiert	Chicken egg poached	574	138	9.184	2.487	0.347	0.347	13.444	0.392
G321162	Chinakohl gebacken	Chinese white cabbage baked	89	21	0.235	0.015	1.62	1.461	2.118	0.038
T501600	Karpfen geräuchert	Carp smoked	537	128	5.59	1.461	0	0	19.432	0.08
G470132	Porree/Lauch, gekocht	Leek boiled	109	26	0.2	0.042	3	2.4	2.006	0.002
N630600	Schwarztee (Getränk) mit Zucker	Black tea (infusion) with sugar	32	7	0	0	1.861	1.861	0	0.005
F607600	Clementinensaft	Clementine juice	159	37	0.12	0.02	7.35	7.35	0.76	0.002
V212182	Hirsch Fleisch, gebraten ohne Fett (Pfanne)	Venison meat, fried without fat (pan)	644	153	3.988	1.514	0	0	29.209	0.2
T102182	Hering gebraten ohne Fett (Pfanne)	Herring fried without fat (pan)	664	159	9.316	2.423	0	0	18.8	0.235
T420172	Forelle gegrillt	Trout grilled	816	195	9.39	1.776	0	0	27.078	0.145
U030100	Kalb Hackfleisch, roh	Veal mince, raw	788	189	12.515	5.63	0	0	19.112	0.208
G350132	Romanesco gekocht	Romanesco broccoli boiled	125	30	0.238	0.036	4.52	1.83	2.058	0.02
U511172	Schwein Filetmedaillon, gegrillt	Pork fillet medaillon, grilled	543	128	1.5	0.3	0	0	28.7	0.145
F220600	Pflaumensaft	Plum juice	175	41	0.136	0.018	9.64	7.29	0.27	0.002
F311600	Traubensaft rot	Grape red juice	298	70	0.08	0.018	15.75	15.75	0.54	0.009
V478200	Gans Innereien, tiefgefroren	Goose giblets, deep-frozen	645	154	9.21	2.42	0	0	17.9	0.192
U221700	Rind Roastbeef (Rücken) Rohpökelware, geräuchert	Beef roastbeef (loin) raw cured, smoked	519	123	4.159	1.815	0.492	0.492	20.981	4.5
U541062	Schwein Schnitzel (Oberschale) gebraten ohne Fett (Ofen)	Pork schnitzel (topside) fried without fat (oven)	553	131	2.027	0.763	0	0	28.12	0.198
E632000	Dinkelteigwaren eifrei, roh	Spelt pasta egg-free, raw	1515	358	1.4	0.15	69.53	0.451	13.4	0.004
G213182	Neuseeländer Spinat gebraten ohne Fett (Pfanne)	New Zealand spinach fried without fat (pan)	95	23	0.3	0.045	1.39	1.12	2.2	0.485
V413132	Hähnchen Fleisch, ohne Haut, gekocht	Chicken meat, without skin, boiled	540	128	3.9	0.691	0	0	23.3	0.102
Y841363	Sauerkirschkompott	Sour cherry compote	409	96	0.377	0.082	21.436	20.682	0.679	0.005
G312200	Broccoli tiefgefroren	Broccoli deep-frozen	131	31	0.663	0.132	2.4	1.45	2.2	0.065
W530052	Kasseler, Rohpökelware, geräuchert, gedünstet	Pork loin chop raw cured, smoked, stewed	654	155	2.618	1.027	0	0	32.781	3.418
K713142	Pfifferling geschmort ohne Fett	Chanterelle braised without fat	162	39	0.4	0.069	0.822	0.24	5.777	0.01
G560142	Tomate geschmort ohne Fett	Tomato braised without fat	113	27	0.136	0.027	4.06	4.06	1.176	0.012
Y8A4070	Joghurt 1,5 % Fett mit Erdbeeren	Yogurt 1.5 % fat with strawberries	229	54	1.211	0.632	6.002	5.799	3.668	0.098
U185132	Rind Kochfleisch (Hüfte) gekocht	Beef meat for boiling (rump) boiled	760	181	6.625	2.907	0	0	30.3	0.115
V413142	Hähnchen Fleisch, ohne Haut, geschmort ohne Fett	Chicken meat, without skin, braised without fat	800	190	6.1	1.068	0	0	33.8	0.142
X5A8040	Käsealternative Mozzarella-Art, vegan	Cheese alternative Mozzarella style, vegan	774	188	19.4	1.8	1.3	0	1.8	0.122
T797200	Venusmuschel tiefgefroren	Venus clam deep-frozen	309	73	0.96	0.19	1.4	0	14.7	0.822
G760232	Erbse grün, tiefgefroren, gekocht	Pea green, deep-frozen, boiled	321	76	0.692	0.144	9.9	5.3	4.8	0.178
T415200	Königslachs tiefgefroren	Chinook salmon deep-frozen	753	180	11.2	2.5	0	0	19.9	0.12
F203152	Pfirsich gedünstet	Peach stewed	189	45	0.125	0.011	9.11	7.94	0.8	0.002
V478182	Gans Innereien, gebraten ohne Fett (Pfanne)	Goose giblets, fried without fat (pan)	985	236	14.39	3.78	0	0	26.6	0.255
G343152	Wirsing gedünstet	Savoy cabbage stewed	156	37	0.327	0.058	4.1	3.5	2.836	0.022
V335162	Wildente Schenkel, mit Haut, gebraten ohne Fett (Ofen)	Wild duck leg, with skin, fried without fat (oven)	1030	247	15.2	5	0	0	27.5	0.18
T104400	Sardelle gesalzen	Anchovy salted	879	211	14.5	4.57	0	0	20.128	14.895
T603400	Zander gesalzen	Pike-perch salted	409	97	0.78	0.172	0	0	22.386	2.188
K130592	Pommes frites tiefgefroren, frittiert, gesalzen	Potato chips/french fries, deep-frozen, deep-fried, salted	846	202	8.995	0.699	25.811	0.239	2.886	0.54
V221162	Reh Keule, gebraten ohne Fett (Ofen)	Roe deer leg, fried without fat (oven)	607	143	1.587	0.604	0	0	32.27	0.202
H230132	Edelkastanie/Marone, gekocht	Sweet chestnut boiled	832	197	1.843	0.276	38.316	12.927	2.779	0.005
T306132	Heilbutt/Weißer Heilbutt, pochiert	Halibut/white halibut, poached	572	136	6.22	1.323	0	0	20.1	0.198
K718182	Steinpilz gebraten ohne Fett (Pfanne)	Porcini mushroom fried without fat (pan)	316	76	0.656	0.117	5.36	0.869	8.852	0.025
G730132	Dicke Bohne unreif, gekocht	Broad bean immature, boiled	259	62	0.6	0.133	6	1.3	5.2	0.038
U831182	Schaf Hals/Kamm/Nacken, gebraten ohne Fett (Pfanne)	Sheep scrag, fried without fat (pan)	934	224	13.8	6.5	0	0	24.9	0.202
V494162	Taube Fleisch, mit Haut, gebraten ohne Fett (Ofen)	Pigeon meat, with skin, fried without fat (oven)	912	217	9.5	2.824	0	0	32.983	0.288
K740400	Austernpilz getrocknet	Oyster mushroom dried	1042	251	1.74	0.242	10.05	8.78	26.18	0.118
F140600	Quittensaft	Quince juice	159	38	0.4	0.03	7.3	6.279	0.378	0.005
G660132	Knollensellerie gekocht	Celeriac boiled	107	26	0.291	0.059	2.44	1.862	1.368	0.155
M2A2200	Milchmischgetränk > 1 % Fett, probiotisch, aromatisiert, gesüßt, angereichert mit Vitaminen	Milk drink > 1 % fat, probiotic, flavoured, sweetened, fortified with vitamins	296	70	1.43	0.937	11	11	3.23	0.082
B561000	Dinkelbrötchen	Spelt roll	1213	287	3.58	0.93	49	1.5	10.8	1.472
G761152	Zuckererbse gedünstet	Sugar pea stewed	170	40	0.2	0	4.7	3.43	3.9	0.042
G613132	Rote Rübe/Rote Bete, gekocht	Beetroot boiled	247	58	0.3	0.02	11	10.4	1.6	0.13
T501200	Karpfen tiefgefroren	Carp deep-frozen	498	119	5.18	1.354	0	0	18	0.075
T601162	Barsch/Flussbarsch, gebraten ohne Fett (Ofen)	European perch fried without fat (oven)	402	95	0.7	0.109	0	0	22.13	0.128
U333182	Kalb Filetsteak, gebraten ohne Fett (Pfanne)	Veal tenderloin steak, fried without fat (pan)	660	157	5.041	1.923	0	0	27.879	0.082
G345082	Sauerkraut abgetropft, gebraten ohne Fett (Pfanne)	Sauerkraut drained, fried without fat (pan)	176	42	0.585	0.136	1.87	1.452	2.123	2.245
G660182	Knollensellerie gebraten ohne Fett (Pfanne)	Celeriac fried without fat (pan)	228	55	0.611	0.124	5.13	3.908	2.87	0.358
G542162	Gemüsepaprika gelb, gebacken	Sweet pepper yellow, baked	139	33	0.235	0.06	5.203	5.203	0.941	0.002
V553132	Schwein Magen, gekocht	Pork stomach, boiled	779	187	11	4.37	0	0	21.9	0.122
U511162	Schwein Filetmedaillon, gebraten ohne Fett (Ofen)	Pork fillet medaillon, fried without fat (oven)	538	127	1.3	0.3	0	0	28.8	0.134
U857142	Lamm Brust, geschmort ohne Fett	Lamb breast, braised without fat	1568	378	31.25	14.251	0	0	24.195	0.188
U405200	Kalb Nierenfett, tiefgefroren	Veal kidney fat, deep-frozen	2763	671	70.9	32.21	0	0	8.2	0.072
G470200	Porree/Lauch, tiefgefroren	Leek deep-frozen	133	32	0.278	0.049	5	4.3	0.9	0.002
N630400	Schwarztee (Getränk) mit Sahne 30 % Fett	Black tea (infusion) with cream 30 % fat	42	10	1.057	0.563	0.109	0.109	0.077	0.008
V465172	Ente Schenkel, mit Haut, gegrillt	Duck leg, with skin, grilled	1074	258	17.81	5.91	0	0	24.39	0.342
F545142	Kochbanane geschmort ohne Fett	Plantain braised without fat	685	162	0.09	0.142	36.8	9.6	1.46	0.01
V4A6172	Hähnchen Brust, ohne Haut, gegrillt	Chicken breast, without skin, grilled	584	138	2.74	0.619	0	0	28.41	0.157
G470162	Porree/Lauch, gebacken	Leek baked	180	43	0.294	0.052	6	4.6	2.518	0.002
V438200	Suppenhuhn Innereien, tiefgefroren	Boiling fowl giblets, deep-frozen	645	154	9.21	2.42	0	0	17.9	0.192
T094400	Lachsrogen gesalzen	Salmon roe salted	533	126	3	0.4	0	0	24.8	3.585
G530142	Okra geschmort ohne Fett	Okra braised without fat	147	35	0.218	0	3.36	3.36	2.285	0.01
U866162	Hammel Bug/Schulter, gebraten ohne Fett (Ofen)	Mutton shoulder, fried without fat (oven)	1417	342	28.571	13.03	0	0	21.171	0.295
V511182	Rind Herz, gebraten ohne Fett (Pfanne)	Beef heart, fried without fat (pan)	736	176	8.492	3.243	0	0	24.812	0.352
G710142	Bohne grün, geschmort ohne Fett	Bean green, braised without fat	134	32	0.27	0.08	3.9	2.58	2.518	0.006
U892172	Schaf Hinterhaxe, mittelfett, gegrillt	Sheep hindshank, medium fat, grilled	1067	256	16.3	5.1	0	0	27.3	0.21
U331162	Kalb Steak (Rücken) gebraten ohne Fett (Ofen)	Veal steak (loin) fried without fat (oven)	634	150	3.176	1.328	0	0	30.4	0.282
U543172	Schwein Schnitzel (Nuss) gegrillt	Pork schnitzel (thick flank) grilled	593	140	3.05	0.92	0	0	28.24	0.165
T501152	Karpfen gedünstet	Carp stewed	451	107	4.88	1.274	0	0	15.882	0.075
V481132	Pute Fleisch, ohne Haut, gekocht	Turkey meat, without skin, boiled	511	121	1.7	0.489	0	0	26.357	0.132
V222162	Reh Rücken, gebraten ohne Fett (Ofen)	Roe deer saddle, fried without fat (oven)	639	152	3.89	1.476	0	0	29.151	0.245
V232162	Hase Fleisch, gebraten ohne Fett (Ofen)	Hare meat, fried without fat (oven)	569	135	3.127	1.195	0	0	26.649	0.122
T420282	Forelle tiefgefroren, gebraten ohne Fett (Pfanne)	Trout deep-frozen, fried without fat (pan)	630	150	5.962	0.994	0	0	23.631	0.292
G510182	Aubergine gebraten ohne Fett (Pfanne)	Aubergine fried without fat (pan)	137	32	0.305	0.066	5.12	4.56	0.966	0.018
G581152	Kürbis Pumpkin (C. pepo) gedünstet	Pumpkin (C. pepo) stewed	163	39	0.141	0.037	6.32	5.55	1.196	0.002
H120400	Walnuss gemahlen	Walnut ground	2962	718	70.6	6.516	3	2.68	16.07	0
H800300	Mandeldrink gesüßt, aromatisiert, angereichert mit Calcium	Almond drink sweetened, flavoured, fortified with calcium	148	36	2.092	0.18	3.28	3.25	0.84	0.125
P1A3100	Radler, alkoholfrei (Pilsner Bier, alkoholfrei, mit Zitronenlimonade)	Pilsner beer, alcohol-free, mixed with carbonated lemonade	119	28	0	0	6.474	5.434	0.208	0.012
U642200	Schwein Bauch (wie gewachsen) tiefgefroren	Pork belly (untrimmed) deep-frozen	1340	324	28.06	10.048	0	0	17.74	0.152
V614142	Hähnchen Herz, geschmort ohne Fett	Chicken heart, braised without fat	635	152	9.87	2.459	0	0	15.85	0.138
T502132	Blei/Brachsen/Brasse, pochiert	Common bream poached	344	82	2.94	0.762	0	0	13.833	0.08
U642172	Schwein Bauch (wie gewachsen) gegrillt	Pork belly (untrimmed) grilled	1743	421	36.24	12.98	0	0	23.65	0.19
U891142	Schaf Hinterhaxe, mager, geschmort ohne Fett	Sheep hindshank, lean, braised without fat	670	159	4.19	1.312	0	0	30.3	0.192
U651132	Schwein Brustspitze, gekocht	Pork breast tip, boiled	1070	256	15.81	5.942	0	0	28.54	0.126
U624162	Schwein Kotelett (Rücken/caudal) gebraten ohne Fett (Ofen)	Pork loin (caudal part) fried without fat (oven)	600	142	2.51	0.813	0	0	29.84	0.12
S492000	Erdnuss-Krokant	Peanut brittle	2270	546	32.3	5	37.4	24.6	18.8	0.008
G530152	Okra gedünstet	Okra stewed	146	35	0.217	0	3.32	3.32	2.283	0.01
V330200	Wildente Fleisch, mit Haut, tiefgefroren	Wild duck meat, with skin, deep-frozen	858	206	15.2	5	0	0	17.4	0.14
G211200	Spinat tiefgefroren	Spinach deep-frozen	84	20	0.316	0.032	0.98	0.79	2.313	0.132
U741172	Schaf Schnitzel (Keule, mager) gegrillt	Sheep schnitzel (leg, lean) grilled	734	174	5.58	2.66	0	0	31	0.21
C311032	Grünkern ganzes Korn, gekocht	Green spelt whole grain, boiled	731	173	1.34	0.198	31.23	1.311	5.84	0.001
V311162	Fasan Fleisch, mit Haut, gebraten ohne Fett (Ofen)	Pheasant meat, with skin, fried without fat (oven)	793	188	5.904	1.92	0	0	33.785	0.092
N273000	Ananassaftschorle	Pineapple juice spritzer	99	23	0.05	0.009	5.354	4.854	0.2	0.008
H610182	Bambussprossen gebraten ohne Fett (Pfanne)	Bamboo shoots fried without fat (pan)	82	19	0.353	0.065	1.129	1.129	2.941	0.018
U882162	Schaf Keule, mittelfett, gebraten ohne Fett (Ofen)	Sheep leg, medium fat, fried without fat (oven)	913	219	13.1	5.55	0	0	25.2	0.18
G581082	Kürbis Hokkaido (C. maxima) gebraten ohne Fett (Pfanne)	Hokkaido pumpkin fried without fat (pan)	236	56	0.37	0.087	9.811	8.5	2.593	0.032
X610042	Salzkartoffeln (Kartoffeln mit Salz gekocht)	Potatoes boiled with salt	318	75	0.09	0.032	16.079	0.808	1.84	0.187
V474172	Gans Fleisch, mit Haut, gegrillt	Goose meat, with skin, grilled	1568	379	32.699	9.198	0	0	21.077	0.27
T311600	Flunder geräuchert	Flounder smoked	467	110	1.92	0.455	0	0	23.3	1.202
T121262	Thunfisch tiefgefroren, gebraten ohne Fett (Ofen)	Tuna deep-frozen, fried without fat (oven)	551	130	0.79	0.224	0	0	30.692	0.18
G342142	Weißkohl geschmort ohne Fett	White cabbage braised without fat	238	57	0.336	0.059	8.1	7.85	2.443	0.022
V484182	Pute Fleisch, mit Haut, gebraten ohne Fett (Pfanne)	Turkey meat, with skin, fried without fat (pan)	904	216	11.806	3.018	0	0	27.494	0.185
T780152	Europäische Auster gedämpft	European oyster steamed	288	69	3.5	0.94	1.298	0	8.036	0.405
H844400	Soja-Joghurtalternative gesüßt, aromatisiert	Plant-based yogurt alternative, made from soya, sweetened, flavoured	261	62	2.54	0.434	5.4	5.2	3.96	0.082
G543082	Gemüsepaprika rot, gebraten ohne Fett (Pfanne)	Sweet pepper red, fried without fat (pan)	257	61	0.339	0.055	10.49	10.49	1.737	0.005
T412200	Buckellachs tiefgefroren	Pink salmon deep-frozen	520	124	4.4	0.81	0	0	21	0.155
U726182	Hammel Kotelett, gebraten ohne Fett (Pfanne)	Mutton chop (loin) fried without fat (pan)	1627	393	35.068	15.993	0	0	19.39	0.262
U333162	Kalb Filetsteak, gebraten ohne Fett (Ofen)	Veal tenderloin steak, fried without fat (oven)	683	162	4.706	1.796	0	0	29.929	0.118
T615182	Rotbarsch/Goldbarsch, gebraten ohne Fett (Pfanne)	Ocean perch/redfish, fried without fat (pan)	454	108	3.9	0.8	0	0	18.2	0.212
V486142	Pute Brust, ohne Haut, geschmort ohne Fett	Turkey breast, without skin, braised without fat	614	145	0.914	0.332	0	0	34.111	0.07
U741200	Schaf Schnitzel (Keule, mager) tiefgefroren	Sheep schnitzel (leg, lean) deep-frozen	540	128	4.2	2	0	0	22.6	0.16
T103600	Matjeshering mild gesalzen, geräuchert	Matjes herring mild salted, smoked	1220	294	24.398	4.458	0	0	17.273	6.748
U163182	Rind Roulade (Oberschale) gebraten ohne Fett (Pfanne)	Beef meat for olives (topside/top round) fried without fat (pan)	738	176	6.216	2.826	0	0	29.889	0.15
K718162	Steinpilz gebacken	Porcini mushroom baked	268	64	0.556	0.099	4.54	0.736	7.5	0.02
C121032	Roggen ganzes Korn, gekocht	Rye whole grain, boiled	678	161	0.86	0.157	28.738	0.761	5.871	0.005
U726172	Hammel Kotelett, gegrillt	Mutton chop (loin) grilled	1920	464	42.514	19.389	0	0	20.434	0.295
U284142	Rind Hüfte, geschmort ohne Fett	Beef rump, braised without fat	641	152	2.85	1.235	0	0	31.5	0.12
G345042	Sauerkraut abgetropft, geschmort ohne Fett	Sauerkraut drained, braised without fat	171	41	0.548	0.127	1.78	1.375	1.989	2.105
V4A5142	Hähnchen Oberschenkel, mit Haut, geschmort ohne Fett	Chicken thigh, with skin, braised without fat	853	205	13.12	2.904	0	0	21.64	0.104
H861082	Tofu gebraten ohne Fett (Pfanne)	Tofu fried without fat (pan)	657	157	7.425	1.217	0	0	21.579	0.042
U284162	Rind Hüfte, gebraten ohne Fett (Ofen)	Beef rump, fried without fat (oven)	615	145	2.69	1.164	0	0	30.3	0.172
V4A5172	Hähnchen Oberschenkel, mit Haut, gegrillt	Chicken thigh, with skin, grilled	1285	309	22.14	4.901	0	0	27.42	0.245
C350042	Reis poliert, geschmort ohne Fett	White rice braised without fat	470	111	0.167	0.035	24.4	0.09	2.428	0.009
T305172	Goldbutt/Scholle, gegrillt	Plaice grilled	444	105	1.1	0.19	0	0	23.7	0.215
N414100	Kaffee (Getränk) entkoffeiniert, mit Milch 3,5 % Fett	Coffee (infusion) decaffeinated, with milk 3.5 % fat	11	3	0.12	0.073	0.13	0.13	0.23	0.013
V512142	Kalb Herz, geschmort ohne Fett	Veal heart, braised without fat	734	175	7.36	2.812	0	0	27.175	0.282
V463162	Ente Fleisch, ohne Haut, gebraten ohne Fett (Ofen)	Duck meat, without skin, fried without fat (oven)	608	144	3.2	0.668	0	0	28.8	0.3
U872162	Schaf Vorderhaxe, mittelfett, gebraten ohne Fett (Ofen)	Sheep foreshank, medium fat, fried without fat (oven)	913	219	13.1	4	0	0	25.2	0.18
G611132	Kohlrübe/Steckrübe, gekocht	Swede boiled	160	38	0.1	0.022	7	5.8	0.7	0.01
X551162	Auberginenscheiben frittiert	Aubergine slices deep-fried	313	76	6.097	0.46	3.59	3.2	0.642	0.322
U881162	Schaf Keule, mager, gebraten ohne Fett (Ofen)	Sheep leg, lean, fried without fat (oven)	688	163	4.73	2.2	0	0	30.2	0.192
Q4C5100	Mischfett mit überwiegend Pflanzenfett, gesalzen, angereichert mit Vitaminen	Mixed fat spread (mainly vegetable fat) salted, fortified with vitamins	2039	496	54.33	19.41	1.24	0.51	0.39	1.008
T501162	Karpfen gebraten ohne Fett (Ofen)	Carp fried without fat (oven)	629	150	6.24	1.631	0	0	23.425	0.088
V242142	Wildkaninchen Fleisch, geschmort ohne Fett	Wild rabbit meat, braised without fat	606	143	2.77	0.87	0	0	29.6	0.112
V516182	Hammel Herz, gebraten ohne Fett (Pfanne)	Mutton heart, fried without fat (pan)	728	174	8.4	3.1	0	0	24.554	0.385
F545162	Kochbanane gebacken	Plantain baked	646	152	0.08	0.135	34.7	9.1	1.39	0.01
V532200	Kalb Leber, tiefgefroren	Veal liver, deep-frozen	366	86	1.15	0.361	4.1	0	14.9	0.218
T104172	Sardelle gegrillt	Anchovy grilled	1025	246	16.4	5.186	0	0	24.622	0.325
U323182	Kalb Kotelett (Rücken) gebraten ohne Fett (Pfanne)	Veal chop (loin) fried without fat (pan)	598	142	3.348	1.401	0	0	27.867	0.195
U461200	Kalb Bug/Schulter, tiefgefroren	Veal shoulder, deep-frozen	398	94	1.01	0.423	0	0	21.2	0.218
F220152	Pflaume gedünstet	Plum stewed	241	57	0.2	0.026	12.6	9.53	0.35	0.002
C559032	Reisnudeln gekocht	Rice noodles boiled	388	91	0.15	0.03	20.4	0.07	1.889	0.032
H750132	Dicke Bohne reif, gekocht	Broad bean mature, boiled	495	118	1	0.086	12.9	1.1	9	0.005
G760182	Erbse grün, gebraten ohne Fett (Pfanne)	Pea green, fried without fat (pan)	426	101	0.552	0.114	14.142	1.498	6.8	0.005
V417182	Hähnchen Flügel, mit Haut, gebraten ohne Fett (Pfanne)	Chicken wings, with skin, fried without fat (pan)	915	219	12.94	2.796	0	0	25.66	0.281
G480132	Speisezwiebel gekocht	Onion boiled	113	27	0.3	0.025	4.133	4.133	0.7	0.005
G620200	Karotte/Möhre, tiefgefroren	Carrot deep-frozen	169	40	0.421	0.098	6.471	6.37	0.75	0.054
G760282	Erbse grün, tiefgefroren, gebraten ohne Fett (Pfanne)	Pea green, deep-frozen, fried without fat (pan)	373	89	0.805	0.166	11.5	6.2	5.6	0.012
T502200	Blei/Brachsen/Brasse, tiefgefroren	Common bream deep-frozen	405	96	3.31	0.857	0	0	16.6	0.082
U886162	Hammel Keule, gebraten ohne Fett (Ofen)	Mutton leg, fried without fat (oven)	1160	279	20.282	9.251	0	0	24.085	0.232
U564142	Schwein Dicke Rippe geschmort ohne Fett	Pork breast tip cut braised without fat	1046	251	16.1	5.22	0	0	26.5	0.151
U171142	Rind Bratenfleisch (Bug) geschmort ohne Fett	Beef meat for roasting (shoulder) braised without fat	685	163	6.057	2.657	0	0	27.126	0.098
U216182	Rind Filetsteak gebraten ohne Fett (Pfanne)	Beef tenderloin steak fried without fat (pan)	660	157	5.041	2.269	0	0	27.879	0.118
C359032	Reis parboiled, poliert, gekocht	Rice parboiled, boiled	466	110	0.32	0.092	23.8	0.12	2.68	0.002
G581182	Kürbis Pumpkin (C. pepo) gebraten ohne Fett (Pfanne)	Pumpkin (C. pepo) fried without fat (pan)	277	66	0.241	0.063	10.76	9.45	2.037	0.004
U255162	Rind Brustkern/Mittelbrust, gebraten ohne Fett (Ofen)	Beef brisket/centre cut, fried without fat (oven)	1071	257	16.708	7.737	0	0	26.629	0.198
F501400	Ananas getrocknet	Pineapple dried	1410	333	0.7	0.152	68.9	68.9	3.7	0.072
U576162	Schwein Bratenfleisch (Hüfte/Schinkenspeck) gebraten ohne Fett (Ofen)	Pork meat for roasting (rump) fried without fat (oven)	655	156	4.57	1.5	0	0	28.6	0.132
D490100	Quarkblätterteig gebacken	Puff pastry with quark, baked	2115	509	36.48	23.15	33.3	2	10.29	0.142
E108122	Hühnerei Eiklar, pochiert	Chicken egg white, poached	180	42	0.031	0	0.418	0.418	10.1	0.472
V466162	Ente Brust, mit Haut, gebraten ohne Fett (Ofen)	Duck breast, with skin, fried without fat (oven)	864	206	10.75	3.571	0	0	27.433	0.125
G322182	Grünkohl gebraten ohne Fett (Pfanne)	Curly kale fried without fat (pan)	329	79	1	0.154	4.95	3.941	6.209	0.092
T209152	Seehecht gedünstet	Hake stewed	329	78	1.84	0.322	0	0	15.357	0.255
F514152	Kiwi gedünstet	Kiwi stewed	261	62	0.5	0	10.3	10.3	0.9	0.008
S157000	Traubendicksaft	Grape syrup	1147	270	0	0	65.278	61.285	0.838	0.03
G344182	Spitzkohl gebraten ohne Fett (Pfanne)	Pointed cabbage fried without fat (pan)	246	58	0.34	0.042	8.56	8.3	2.28	0.085
V484172	Pute Fleisch, mit Haut, gegrillt	Turkey meat, with skin, grilled	901	215	11.644	2.976	0	0	27.671	0.195
N414200	Kaffee (Getränk) entkoffeiniert, mit Kondensmilch 7,5 % Fett	Coffee (infusion) decaffeinated, with evaporated milk 7.5 % fat	20	5	0.252	0.138	0.311	0.311	0.33	0.018
S220800	Speiseeis (Nuss, Vanille) gemischt	Ice cream mixed (nut, vanilla)	907	217	11.48	7.875	24.69	20.17	2.89	0.095
W212032	Geflügel-Wiener Würstchen gargezogen	Poultry Vienna sausage poached	889	214	17.25	4.632	0.97	0.97	13.21	1.899
T213262	Alaska-Pollack/Alaska-Seelachs, tiefgefroren, gebraten ohne Fett (Ofen)	Alaska pollock deep-frozen, fried without fat (oven)	449	106	0.962	0.175	0	0	24.344	0.225
V512182	Kalb Herz, gebraten ohne Fett (Pfanne)	Veal heart, fried without fat (pan)	664	158	7.162	2.735	0	0	23.483	0.34
U882142	Schaf Keule, mittelfett, geschmort ohne Fett	Sheep leg, medium fat, braised without fat	1011	242	14.5	6.14	0	0	27.9	0.14
V494142	Taube Fleisch, mit Haut, geschmort ohne Fett	Pigeon meat, with skin, braised without fat	849	202	8.233	2.447	0	0	32.047	0.15
T417152	Wildlachs gedünstet	Pacific salmon stewed	681	163	10.419	2.232	0	0	17.355	0.118
V572142	Kalb Niere, geschmort ohne Fett	Veal kidney, braised without fat	917	219	10.192	4.675	0	0	31.73	0.662
U482200	Kalb Keule, tiefgefroren	Veal round, deep-frozen	379	89	0.72	0.301	0	0	20.7	0.215
G611152	Kohlrübe/Steckrübe, gedünstet	Swede stewed	92	22	0.157	0.022	2.26	1.362	1.225	0.025
C148032	Gerste Graupen, gekocht	Pearl barley, boiled	485	114	0.471	0.119	22.9	0.626	3.8	0.005
G620182	Karotte/Möhre, gebraten ohne Fett (Pfanne)	Carrot fried without fat (pan)	311	74	0.741	0.172	11.983	11.796	1.556	0.105
F303152	Brombeere gedünstet	Blackberry stewed	219	52	0.2	0	10.8	5.8	1.37	0.002
T603182	Zander gebraten ohne Fett (Pfanne)	Pike-perch fried without fat (pan)	431	102	0.74	0.164	0	0	23.75	0.065
U235142	Rind Hochrippe, geschmort ohne Fett	Beef forerib/prime rib, braised without fat	833	199	9.471	4.252	0	0	28.407	0.102
T603600	Zander geräuchert	Pike-perch smoked	393	93	0.71	0.158	0	0	21.591	0.065
F517400	Papaya getrocknet	Papaya dried	1222	289	0.568	0.169	60.2	60.2	4.4	0.22
N4A0000	Kaffee (Getränk) mit Haferdrink, ungesüßt	Coffee (infusion) with oat drink, unsweetened	8	2	0.03	0.004	0.14	0.128	0.14	0.013
T412152	Buckellachs gedünstet	Pink salmon stewed	463	110	4.1	0.76	0	0	18.3	0.152
T780172	Europäische Auster gegrillt	European oyster grilled	414	99	4.39	1.178	1.627	0	13.164	0.598
G530132	Okra gekocht	Okra boiled	97	23	0.2	0	2	1.4	1.8	0.012
W510062	Kasseler, Rohpökelware, geräuchert, gebraten ohne Fett (Ofen)	Pork loin chop, raw cured, smoked, fried without fat (oven)	610	144	2.511	0.984	0	0	30.444	3.515
W424082	Schwein Kochschinken, Kochpökelware, gebraten ohne Fett (Pfanne)	Pork ham, cooked cured, fried without fat (pan)	601	142	3.656	1.312	0.86	0.86	25.412	2.392
G582162	Zucchini gebacken	Courgette baked	116	28	0.338	0.08	4	2.5	1.5	0.003
T102400	Hering gesalzen	Herring salted	906	218	15.4	2.814	0	0	19.8	12.042
G490400	Knoblauch getrocknet	Garlic dried	983	240	1.044	0.158	7	5.1	15.042	0.049
U411200	Kalb Filet/Lende, tiefgefroren	Veal fillet (tenderloin) deep-frozen	428	101	1.82	0.694	0	0	21.2	0.238
V542132	Kalb Lunge, gekocht	Veal lungs, boiled	369	87	1.929	0.593	0	0	17.5	0.258
X741112	Eierteigwaren (mit Salz gekocht)	Egg pasta (boiled with salt)	547	129	0.785	0.316	24.647	0.612	5.2	0.358
Y841643	Dörrpflaumenkompott	Prune compote	418	99	0	0	22	19.3	0.88	0.008
T507182	Pangasius/Schlankwels, gebraten ohne Fett (Pfanne)	Striped catfish fried without fat (pan)	377	89	2.048	0.888	0	0	17.706	0.622
N418000	Latte macchiato (Getränk) mit Milch 3,5 % Fett	Latte Macchiato (infusion) with milk 3.5 % fat	209	50	2.79	1.768	3.22	3.22	2.9	0.072
F081600	Rhabarbersaft	Rhubarb juice	53	12	0.112	0.023	1.087	0.903	0.51	0.005
K110132	Kartoffel geschält, gekocht	Potatoe peeled, boiled	323	76	0.1	0.034	15.832	0.65	2	0.006
V476182	Gans Fleisch, ohne Haut, gebraten ohne Fett (Pfanne)	Goose meat, without skin, fried without fat (pan)	785	186	5.09	1.75	0	0	35.1	0.292
U811162	Schaf Filet/Lende, gebraten ohne Fett (Ofen)	Sheep tenderloin, fried without fat (oven)	937	225	14.3	6.508	0	0	24	0.215
N630200	Schwarztee (Getränk) mit Milch 3,5 % Fett	Black tea (infusion) with milk 3.5 % fat	9	2	0.12	0.073	0.13	0.13	0.12	0.008
T600152	Meerbarbe gedünstet	Goatfish stewed	376	89	1.905	0.218	0	0	17.946	0.18
T792132	Miesmuschel gekocht	Common mussel boiled	258	61	2.444	0.736	0	0	9.853	0.785
K701172	Champignon gegrillt	Button mushroom grilled	183	44	0.422	0.074	4.5	0.3	5.57	0.159
G760132	Erbse grün, gekocht	Pea green, boiled	368	87	0.5	0.097	12.036	1.275	5.6	0.005
G554132	Pfefferschote rot, gekocht	Chilli pepper red, boiled	174	41	0.46	0.043	6.39	6.39	1.93	0.02
G543162	Gemüsepaprika rot, gebacken	Sweet pepper red, baked	179	42	0.235	0.038	7.29	7.29	1.206	0.004
U216172	Rind Filetsteak gegrillt	Beef tenderloin steak grilled	606	144	4.7	2.116	0	0	25.44	0.105
T033152	Dornhai gedünstet	Piked dogfish stewed	702	169	13.81	4.467	0	0	11.25	0.042
C241132	Einkorn ganzes Korn, gekocht	Einkorn wheat whole grain, boiled	757	179	1.45	0.14	31.44	0.628	7.43	0.001
W234062	Fleischwurst gebraten ohne Fett (Ofen)	Bologna fried without fat (oven)	1439	348	32.006	12.488	0.3	0.29	14.128	2.612
M524582	Halloumi Grillkäse, gebraten ohne Fett (Pfanne)	Halloumi cheese fried without fat (pan)	1274	307	24	14.17	0.1	0	21.69	1.649
F516600	Mangosaft	Mango juice	218	51	0.36	0.081	11	9.9	0.6	0.02
U632800	Schwein Kamm, Rohpökelware	Pork neck, raw cured	676	162	9.74	3.629	0.47	0.47	18.07	4.5
K709182	Hallimasch gebraten ohne Fett (Pfanne)	Dark honey mushroom fried without fat (pan)	255	62	1.115	0.195	4.8	0.3	5.198	0.169
C347032	Mais Grütze, gekocht	Maize grits, boiled	221	52	0.448	0.057	9.974	0.22	1.375	0
T213132	Alaska-Pollack/Alaska-Seelachs, pochiert	Alaska pollock poached	241	57	0.87	0.158	0	0	12.3	0.32
G560400	Tomate getrocknet	Tomato dried	1166	276	1.412	0.277	41.66	41.66	12.193	0.128
U382132	Kalb Kochfleisch (Brust) gekocht	Veal meat for boiling (breast) boiled	961	231	14.992	6.275	0	0	23.895	0.145
T207182	Köhler/Seelachs, gebraten ohne Fett (Pfanne)	Saithe/pollack, fried without fat (pan)	490	116	2.689	0.721	0	0	22.942	0.138
C412032	Grünkern Vollkornschrot, gekocht	Green spelt coarse meal, boiled	211	50	0.4	0.05	8.92	0.374	1.72	0
G542152	Gemüsepaprika gelb, gedünstet	Sweet pepper yellow, stewed	128	30	0.217	0.056	4.807	4.807	0.87	0.002
U727162	Lamm Kotelett, gebraten ohne Fett (Ofen)	Lamb chop (loin) fried without fat (oven)	1221	293	20.19	9.21	0	0	27.897	0.202
V463182	Ente Fleisch, ohne Haut, gebraten ohne Fett (Pfanne)	Duck meat, without skin, fried without fat (pan)	751	178	4.3	0.907	0	0	34.8	0.36
M2I5200	Milchmischgetränk 1,5 % Fett, mit Kaffee, ungesüßt	Milk drink 1.5 % fat, with coffee, unsweetened	151	36	1.26	0.83	3.17	3.17	2.88	0.074
U727172	Lamm Kotelett, gegrillt	Lamb chop (loin) grilled	1213	292	21.124	9.636	0	0	25.371	0.198
W233032	Fleischkäse einfach, fein/Original Bayerischer Leberkäse fein, gekocht	Fleischkaese sausage boiled	873	211	17.65	6.398	0.5	0.5	12.06	1.294
T506400	Wels gesalzen	European catfish salted	613	147	8.7	2.145	0	0	17.125	2.172
G670132	Wurzelpetersilie gekocht	Parsley root boiled	302	72	0.445	0.071	13.1	5.732	2.728	0.025
B6A2000	Roggenknäckebrot	Rye crispbread	1409	334	1.34	0.15	62	1.751	9.4	1.295
T633200	Meeräsche tiefgefroren	Grey mullet deep-frozen	454	108	2.89	0.93	0	0	20.4	0.172
G482132	Frühlingszwiebel/Lauchzwiebel, gekocht	Spring onion boiled	130	31	0.22	0.036	3.4	3.2	2.2	0.02
N410800	Kaffee (Getränk) mit Alkohol	Coffee (infusion) with alcohol	65	16	0	0	0	0	0.11	0.01
C232032	Hafer Schrot, gekocht	Oat coarse meal, boiled	260	62	1.273	0.257	9.6	0.194	2.107	0.002
G542042	Gemüsepaprika gelb, geschmort ohne Fett	Sweet pepper yellow, braised without fat	129	31	0.218	0.056	4.859	4.859	0.87	0.002
U642700	Schwein Bauch (wie gewachsen) Rohpökelware, geräuchert	Pork belly (untrimmed) raw cured, smoked	1546	374	33.3	12.601	0.492	0.492	18	3.5
F564600	Mangostanesaft	Mangosteen juice	244	58	0.48	0.143	12.712	12.712	0.54	0.002
U351182	Kalb Gulasch (Bug) gebraten ohne Fett (Pfanne)	Veal goulash (shoulder) fried without fat (pan)	507	120	1.239	0.519	0	0	27.136	0.175
U861162	Schaf Bug/Schulter, mager, gebraten ohne Fett (Ofen)	Sheep shoulder, lean, fried without fat (oven)	740	176	7.73	2.6	0	0	26.7	0.212
G670142	Wurzelpetersilie geschmort ohne Fett	Parsley root braised without fat	386	91	0.561	0.09	16.6	7.289	3.435	0.035
T424152	Meerforelle gedünstet	Sea trout stewed	414	98	3.44	0.84	0	0	16.4	0.148
G650200	Schwarzwurzel tiefgefroren	Black salsify deep-frozen	259	62	0.453	0.049	8.8	4	1.463	0.012
K120200	Kartoffel ungeschält, tiefgefroren	Potatoe unpeeled, deep-frozen	383	90	0.105	0.035	19.44	1.54	2.16	0.02
V050200	Schnecken tiefgefroren	Snails edible/escargots, deep-frozen	289	68	1.2	0.215	0	0	14.4	0.175
C137032	Hafer Grütze, gekocht	Oat groats, boiled	278	66	1.1	0.222	10	0.14	3	0.003
G582132	Zucchini gekocht	Courgette boiled	91	22	0.3	0.072	3	1.7	1.3	0.001
T417182	Wildlachs gebraten ohne Fett (Pfanne)	Pacific salmon fried without fat (pan)	868	208	12.6	2.698	0	0	23.631	0.128
G561500	Tomate Pulver	Tomato powder	1323	314	1.603	0.314	47.28	47.28	13.84	0.145
U821172	Schaf Rücken, gegrillt	Sheep loin (chop) grilled	689	164	5.01	1.57	0	0	29.6	0.198
U020162	Schwein Hackfleisch, gebraten ohne Fett (Ofen)	Pork mince, fried without fat (oven)	1409	339	26.44	8.825	0	0	25.35	0.161
T041152	Aal gedünstet	Eel stewed	1121	271	24.1	6.227	0	0	13.5	0.165
U853142	Schaf Brust, fett, geschmort ohne Fett	Sheep breast, fat, braised without fat	2012	487	46.2	21.092	0	0	17.8	0.188
U664162	Schwein Dicker Bug (mit Fett und Schwarte) gebraten ohne Fett (Ofen)	Pork shoulder (with fat and rind) fried without fat (oven)	1003	240	14.56	4.738	0	0	27.3	0.164
G760432	Erbse reif, gekocht	Pea green mature, boiled	491	117	0.558	0.101	14.9	1.2	8.745	0.02
U221200	Rind Roastbeef (Rücken) tiefgefroren	Beef roastbeef (loin) deep-frozen	546	130	4.45	1.943	0	0	22.45	0.138
K706182	Butterpilz gebraten ohne Fett (Pfanne)	Brown-yellow boletus (slippery jack) fried without fat (pan)	214	52	0.59	0.106	5.36	0.869	4.177	0.025
U721200	Schaf Kotelett, tiefgefroren	Sheep chop (loin) deep-frozen	1437	348	32	14.596	0	0	14.9	0.225
U753182	Schaf Gulasch (Bug, fett) gebraten ohne Fett (Pfanne)	Sheep goulash (shoulder, fat) fried without fat (pan)	1496	361	29.4	13.4	0	0	24	0.302
U578162	Schwein Lachsbraten, gebraten, ohne Fett (Ofen)	Pork meat for roasting (loin) fried without fat (oven)	600	142	2.51	0.83	0	0	29.84	0.12
G482162	Frühlingszwiebel/Lauchzwiebel, gebacken	Spring onion baked	132	31	0.22	0.038	3.4	3.2	2.2	0.035
F545132	Kochbanane gekocht	Plantain boiled	474	112	0.08	0.124	25.4	6.6	1.21	0.005
F223152	Zwetschge gedünstet	Blue plum stewed	241	57	0.2	0.026	12.6	9.53	0.35	0.002
G490182	Knoblauch gebraten ohne Fett (Pfanne)	Garlic fried without fat (pan)	637	155	0.667	0.101	5	3.3	9.603	0.031
G760252	Erbse grün, tiefgefroren, gedünstet	Pea green, deep-frozen, stewed	358	85	0.769	0.159	11	5.9	5.4	0.01
V4A6162	Hähnchen Brust, ohne Haut, gebraten ohne Fett (Ofen)	Chicken breast, without skin, fried without fat (oven)	626	148	2.59	0.585	0	0	31.16	0.174
U151142	Rind Gulasch (Bug) geschmort ohne Fett	Beef goulash (shoulder) braised without fat	727	173	6.424	2.819	0	0	28.77	0.105
Y847950	Johannisbeeren gezuckert	Red currants sugared	317	75	0.18	0.035	13.88	13.88	1.294	0.005
U131200	Rind Steak (Rücken) tiefgefroren	Beef steak (loin) deep-frozen	546	130	4.45	2.003	0	0	22.45	0.138
V513142	Schwein Herz, geschmort ohne Fett	Pork heart, braised without fat	817	195	8.7	3.26	0	0	29.106	0.305
H610132	Bambussprossen gekocht	Bamboo shoots boiled	75	18	0.321	0.059	1.028	1.028	2.679	0.012
V593132	Schwein Zunge, gekocht	Pork tongue, boiled	980	235	15.51	5.069	0	0	23.91	0.161
T615172	Rotbarsch/Goldbarsch, gegrillt	Ocean perch/redfish, grilled	472	112	4.16	0.855	0	0	18.7	0.25
U101400	Rind Fleisch (Keule) getrocknet	Beef meat (round) dried	1081	258	12.4	3.876	0	0	36.6	0.262
U711182	Schaf Filetmedaillon, gebraten ohne Fett (Pfanne)	Sheep fillet medaillon, fried without fat (pan)	661	156	3.44	1.56	0	0	31.38	0.151
U773142	Schaf Bratenfleisch (Bug, fett) geschmort ohne Fett	Sheep meat for roasting (shoulder, fat) braised without fat	1588	383	31.2	14.2	0	0	25.5	0.228
V212142	Hirsch Fleisch, geschmort ohne Fett	Venison meat, braised without fat	635	150	3.929	1.491	0	0	28.779	0.14
F331600	Maulbeersaft	Mulberry juice	186	44	0.31	0.02	7.3	7.3	1.23	0.012
U287132	Rind Oberschale, gekocht	Beef topside/top round, boiled	741	176	5.659	2.571	0	0	31.29	0.108
V543132	Schwein Lunge, gekocht	Pork lungs, boiled	449	107	5.929	1.86	0	0	13.5	0.252
V541132	Rind Lunge, gekocht	Beef lungs, boiled	403	96	2.578	0.794	0	0	18.1	0.33
U672162	Schwein Vordereisbein/Vorderhaxe, gebraten ohne Fett (Ofen)	Pork foreshank (hock) fried without fat (oven)	1040	249	13.78	4.368	0	0	31.2	0.294
V576142	Hammel Niere, geschmort ohne Fett	Mutton kidney, braised without fat	712	169	4.848	1.61	0	0	31.35	0.692
U685142	Schwein Hüfte/Schinkenspeck, geschmort ohne Fett	Pork rump, braised without fat	703	167	5.21	1.719	0	0	30.03	0.103
U622200	Schwein Kotelett (Rücken/cranial) tiefgefroren	Pork loin (cranial part) deep-frozen	730	175	10.08	3.398	0	0	21.02	0.122
U080200	Rind Leberhack, tiefgefroren	Beef liver mince, deep-frozen	552	131	3.66	1.149	5.3	0	19.21	0.29
U184132	Rind Kochfleisch (Bug) gekocht	Beef meat for boiling (shoulder) boiled	713	170	6.211	2.724	0	0	28.406	0.108
T202152	Leng gedünstet	Ling stewed	310	73	0.59	0.144	0	0	16.964	0.27
V463042	Ente Fleisch, ohne Haut, geschmort ohne Fett	Duck meat, without skin, braised without fat	597	142	3.6	0.752	0	0	27.3	0.14
U883200	Schaf Keule, fett, tiefgefroren	Sheep leg, fat, deep-frozen	972	234	18	8.21	0	0	18	0.168
T410062	Lachs gebraten ohne Fett (Ofen)	Salmon fried without fat (oven)	827	198	11.875	2.542	0	0	22.777	0.082
T122182	Weißer Thun gebraten ohne Fett (Pfanne)	Albacore fried without fat (pan)	606	143	1.54	0.26	0	0	32.3	0.206
V4B5162	Hähnchen Unterschenkel, mit Haut, gebraten ohne Fett (Ofen)	Chicken drumstick, with skin, fried without fat (oven)	728	174	8.47	1.83	0	0	24.41	0.256
V250200	Wildschwein Fleisch, tiefgefroren	Wild boar meat, deep-frozen	676	162	9.3	3.248	0	0	19.5	0.235
V112162	Pferd Fleisch, gebraten ohne Fett (Ofen)	Horse meat, fried without fat (oven)	633	150	3.268	1.18	0.585	0	29.516	0.138
G485132	Schalotte gekocht	Shalot boiled	139	33	0.1	0.016	3.2	3.2	2	0.018
G451082	Spargel gebraten ohne Fett (Pfanne)	Asparagus fried without fat (pan)	225	53	0.294	0.053	7.51	7.17	3.698	0.01
T753200	Garnele/Granat/Krabbe, tiefgefroren	Common shrimp deep-frozen	369	87	1.44	0.318	0	0	18.6	0.365
V4B5142	Hähnchen Unterschenkel, mit Haut, geschmort ohne Fett	Chicken drumstick, with skin, braised without fat	594	142	6.36	1.37	0	0	21.07	0.117
U863200	Schaf Bug/Schulter, fett, tiefgefroren	Sheep shoulder, fat, deep-frozen	1217	294	25	11.401	0	0	17.2	0.242
U532162	Schwein Kammsteak, gebraten ohne Fett (Ofen)	Pork steak (neck) fried without fat (oven)	855	205	11.78	4.37	0	0	24.66	0.15
T403600	Bachsaibling geräuchert	Brook trout smoked	630	150	6.5	0.641	0	0	22.9	0.122
C123032	Roggen Flocken, gekocht	Rye flakes, boiled	210	50	0.288	0.052	9.11	0.24	1.523	0.002
K713062	Pfifferling gebacken	Chanterelle baked	152	36	0.376	0.067	0.765	0.223	5.431	0.01
U231142	Rind Hals/Kamm/Nacken, geschmort ohne Fett	Beef neck/chuck, braised without fat	780	186	9.2	4.131	0	0	25.85	0.092
G324182	Pak Choi gebraten ohne Fett (Pfanne)	Pak choi fried without fat (pan)	130	31	0.377	0.023	1.9	1.5	3.396	0.062
X820162	Reis gekocht	Rice boiled	475	112	0.188	0.04	24.6	0.1	2.535	0.252
G581032	Kürbis Hokkaido (C. maxima) gekocht	Hokkaido pumpkin boiled	128	30	0.2	0.047	5.298	4.59	1.4	0.015
V466172	Ente Brust, mit Haut, gegrillt	Duck breast, with skin, grilled	1042	250	17.426	5.786	0	0	23.339	0.115
U642132	Schwein Bauch (wie gewachsen) gekocht	Pork belly (untrimmed) boiled	1479	357	29.64	10.614	0	0	22.49	0.097
K120184	Kartoffel ungeschält, gebraten ohne Fett (Pfanne)	Potatoe unpeeled, fried without fat (pan)	472	111	0.13	0.044	23.98	1.9	2.66	0.02
U871132	Schaf Vorderhaxe, mager, gekocht	Sheep foreshank, lean, boiled	714	169	4.47	1.38	0	0	32.3	0.205
V221142	Reh Keule, geschmort ohne Fett	Roe deer leg, braised without fat	607	143	1.587	0.604	0	0	32.27	0.142
U271142	Rind Vorderhesse, geschmort ohne Fett	Beef shin/foreshank, braised without fat	685	163	6.057	1.897	0	0	27.126	0.098
V582132	Kalb Bries, gekocht	Veal sweetbread, boiled	472	112	3.532	1.791	0	0	20.104	0.17
U821162	Schaf Rücken, gebraten ohne Fett (Ofen)	Sheep loin (chop) fried without fat (oven)	731	174	4.79	1.51	0	0	32.6	0.202
E609232	Eierteigwaren Tortellini (Fleischfüllung) getrocknet, gekocht	Egg pasta Tortellini (meat filling) dried, boiled	593	140	2.76	1.11	23.133	0.468	5.319	0.425
G581162	Kürbis Pumpkin (C. pepo) gebacken	Pumpkin (C. pepo) baked	176	42	0.153	0.04	6.84	6.01	1.294	0.003
G480500	Speisezwiebel Pulver	Onion powder	1410	334	1.491	0.249	59.76	59.76	11.489	0.222
Y740842	Eier pochiert (verlorene Eier)	Eggs poached	568	136	9.091	2.461	0.343	0.343	13.308	1.375
K701142	Champignon geschmort ohne Fett	Button mushroom braised without fat	178	42	0.405	0.071	4.4	0.3	5.41	0.153
G541162	Gemüsepaprika grün, gebacken	Sweet pepper green, baked	191	45	0.282	0.07	8.11	7.67	1.271	0.015
T791132	Große Sandklaffmuschel gekocht	Softshell clam boiled	228	54	1.638	0.322	0	0	9.844	0.322
G650142	Schwarzwurzel geschmort ohne Fett	Black salsify braised without fat	306	73	0.513	0.056	10.5	4.8	1.658	0.015
U733162	Schaf Filetsteak, gebraten ohne Fett (Ofen)	Sheep fillet steak, fried without fat (oven)	616	146	3.21	1.46	0	0	29.26	0.141
T207282	Köhler/Seelachs, tiefgefroren, gebraten ohne Fett (Pfanne)	Saithe/pollack, deep-frozen, fried without fat (pan)	404	95	1.238	0.201	0	0	21.078	0.18
U486162	Kalb Unterschale/Schwanzstück, gebraten ohne Fett (Ofen)	Veal silverside, fried without fat (oven)	485	114	0.778	0.326	0	0	26.854	0.232
U685162	Schwein Hüfte/Schinkenspeck, gebraten ohne Fett (Ofen)	Pork rump, fried without fat (oven)	655	156	4.57	1.509	0	0	28.6	0.132
G344132	Spitzkohl gekocht	Pointed cabbage boiled	120	29	0.17	0.021	4.21	4.08	1.12	0.04
M200100	Milchmischgetränk < 1 % Fett, aromatisiert, gesüßt	Milk drink < 1 % fat, flavoured, sweetened	237	56	0.066	0.041	10.512	10.512	3.213	0.125
H450400	Mohn gemahlen	Poppy seed ground	2154	521	42.2	4.8	2.99	2.99	23.821	0.052
V494200	Taube Fleisch, mit Haut, tiefgefroren	Pigeon meat, with skin, deep-frozen	707	169	9.5	2.824	0	0	20.9	0.225
K420192	Batate/Süßkartoffel, frittiert, gesalzen	Batata/sweet potato, deep-fried, salted	1260	300	11.525	0.74	43.8	9.5	2.833	0.772
V232200	Hase Fleisch, tiefgefroren	Hare meat, deep-frozen	479	113	3.01	1.15	0	0	21.6	0.11
G311132	Blumenkohl gekocht	Cauliflower boiled	154	37	0.9	0.038	5.09	2.376	1.9	0.018
C143032	Gerste Flocken, gekocht	Barley flakes, boiled	238	56	0.355	0.09	10.6	0.29	1.903	0.008
G581052	Kürbis Hokkaido (C. maxima) gedünstet	Hokkaido pumpkin stewed	139	33	0.217	0.051	5.759	4.989	1.522	0.02
V515182	Lamm Herz, gebraten ohne Fett (Pfanne)	Lamb heart, fried without fat (pan)	748	178	8.4	3.5	0	0	25.7	0.382
V523132	Schwein Hirn, gekocht	Pork brain, boiled	485	116	7.941	2.008	0	0	11.224	0.202
V614200	Hähnchen Herz, tiefgefroren	Chicken heart, deep-frozen	685	165	12.5	3.115	0	0	13.09	0.263
U622162	Schwein Kotelett (Rücken/cranial) gebraten ohne Fett (Ofen)	Pork loin (cranial part) fried without fat (oven)	850	203	10.75	3.624	0	0	26.63	0.133
V474132	Gans Fleisch, mit Haut, gekocht	Goose meat, with skin, boiled	1081	260	19.929	5.606	0	0	20.186	0.122
F321152	Johannisbeere rot, gedünstet	Red currant stewed	172	41	0.211	0.041	4.52	4.52	1.514	0.005
T305152	Goldbutt/Scholle, gedünstet	Plaice stewed	291	69	0.8	0.14	0	0	15.4	0.155
T512600	Schleie geräuchert	Tench smoked	354	84	0.799	0.227	0	0	19.108	0.09
T209200	Seehecht tiefgefroren	Hake deep-frozen	364	86	1.93	0.338	0	0	17.2	0.252
U742172	Schaf Schnitzel (Keule, mittelfett) gegrillt	Sheep schnitzel (leg, medium fat) grilled	1008	242	15.4	6.6	0	0	25.8	0.198
V595132	Lamm Zunge, gekocht	Lamb tongue, boiled	987	238	18.6	5.9	0	0	17.6	0.145
T200182	Grenadier gebraten ohne Fett (Pfanne)	Grenadier fried without fat (pan)	382	90	0.788	0.19	0	0	20.781	0.3
G312132	Broccoli gekocht	Broccoli boiled	139	33	0.5	0.098	2.5	1.6	3.3	0.015
W233062	Fleischkäse einfach, fein/Original Bayerischer Leberkäse fein, gebraten ohne Fett (Ofen)	Fleischkaese sausage fried without fat (oven)	1173	283	24.01	8.704	0.67	0.67	15.59	2.26
T207232	Köhler/Seelachs, tiefgefroren, pochiert	Saithe/pollack, deep-frozen, poached	365	86	1.239	0.201	0	0	18.75	0.21
V221132	Reh Keule, gekocht	Roe deer leg, boiled	547	129	1.429	0.543	0	0	29.043	0.128
U853162	Schaf Brust, fett, gebraten ohne Fett (Ofen)	Sheep breast, fat, fried without fat (oven)	1789	433	41.1	18.749	0	0	15.8	0.235
V486200	Pute Brust, ohne Haut, tiefgefroren	Turkey breast, without skin, deep-frozen	446	105	0.99	0.36	0	0	24.1	0.115
U291142	Rind Hinterhesse, geschmort ohne Fett	Beef leg/hindshank, braised without fat	743	177	6.9	2.2	0	0	28.7	0.147
T730132	Hummer gekocht	Lobster boiled	337	80	2.346	0.296	0	0	14.722	0.708
G344162	Spitzkohl gebacken	Pointed cabbage baked	152	36	0.21	0.025	5.33	5.17	1.42	0.052
T604182	Katfisch/Steinbeißer, gebraten ohne Fett (Pfanne)	Catfish/wolffish, fried without fat (pan)	408	97	2.4	0.571	0	0	18.762	0.28
V335182	Wildente Schenkel, mit Haut, gebraten ohne Fett (Pfanne)	Wild duck leg, with skin, fried without fat (pan)	982	236	14.7	4.9	0	0	25.8	0.18
V514142	Schaf Herz, geschmort ohne Fett	Sheep heart, braised without fat	820	196	8.57	3.28	0	0	29.6	0.252
G430162	Gemüsefenchel gebacken	Fennel/Florence fennel, baked	133	32	0.235	0.051	4.04	3.5	1.647	0.08
V463132	Ente Fleisch, ohne Haut, gekocht	Duck meat, without skin, boiled	570	135	3.5	0.729	0	0	25.9	0.138
T207252	Köhler/Seelachs, tiefgefroren, gedünstet	Saithe/pollack, deep-frozen, stewed	324	76	1.1	0.179	0	0	16.641	0.18
F303400	Brombeere getrocknet	Blackberry dried	1279	305	1.2	0	63.1	33.7	8.02	0.015
T307200	Schwarzer Heilbutt tiefgefroren	Greenland halibut deep-frozen	669	161	12	2.147	0	0	13.217	0.215
T041182	Aal gebraten ohne Fett (Pfanne)	Eel fried without fat (pan)	1279	309	26.8	6.922	0	0	16.9	0.162
G460152	Portulak gedünstet	Purslane stewed	64	16	0.362	0	0.625	0.205	1.577	0.005
U754142	Schaf Gulasch (Hals/Kamm/Nacken) geschmort ohne Fett	Sheep goulash (scrag) braised without fat	977	234	14.42	6.9	0	0	26.1	0.15
G470182	Porree/Lauch, gebraten ohne Fett (Pfanne)	Leek fried without fat (pan)	241	57	0.397	0.071	8	6.1	3.397	0.002
V475200	Gans Schenkel, mit Haut, tiefgefroren	Goose leg, with skin, deep-frozen	961	231	18.073	5.084	0	0	17.17	0.19
K701182	Champignon gebraten ohne Fett (Pfanne)	Button mushroom fried without fat (pan)	196	47	0.449	0.079	4.8	0.3	6	0.169
W233082	Fleischkäse einfach, fein/Original Bayerischer Leberkäse fein, gebraten ohne Fett (Pfanne)	Fleischkaese sausage fried without fat (pan)	1123	271	23.24	8.424	0.63	0.63	14.4	2.159
U642162	Schwein Bauch (wie gewachsen) gebraten ohne Fett (Ofen)	Pork belly (untrimmed) fried in the oven without fat	1510	364	30.34	10.864	0	0	22.77	0.169
V454162	Perlhuhn Fleisch, mit Haut, gebraten ohne Fett (Ofen)	Guineafowl meat, with skin, fried without fat (oven)	702	167	5.23	1.4	0	0	29.9	0.175
T604200	Katfisch/Steinbeißer, tiefgefroren	Catfish/wolffish, deep-frozen	347	82	2.13	0.508	0	0	15.8	0.262
T307152	Schwarzer Heilbutt gedünstet	Greenland halibut stewed	610	147	11.2	1.997	0	0	11.526	0.212
K704152	Birkenpilz gedünstet	Brown birch bolete stewed	272	65	0.873	0.154	4.6	0.746	6.62	0.008
V438182	Suppenhuhn Innereien, gebraten ohne Fett (Pfanne)	Boiling fowl giblets, fried without fat (pan)	1000	240	14.62	3.84	0	0	27	0.26
U856162	Hammel Brust, gebraten ohne Fett (Ofen)	Mutton breast, fried without fat (oven)	1790	433	41.111	18.749	0	0	15.833	0.275
U687062	Schwein Oberschale (ohne Deckel) gebraten ohne Fett (Ofen)	Pork topside, fried without fat (oven)	602	143	2.71	0.844	0	0	29.54	0.132
U726162	Hammel Kotelett, gebraten ohne Fett (Ofen)	Mutton chop (loin) fried without fat (oven)	1885	456	40.635	18.531	0	0	22.468	0.302
G640142	Pastinake geschmort ohne Fett	Parsnip braised without fat	300	71	0.513	0.077	11.7	3.687	3.206	0.025
U852162	Schaf Brust, mittelfett, gebraten ohne Fett (Ofen)	Sheep breast, medium fat, fried without fat (oven)	899	215	12.4	5.78	0	0	25.9	0.255
E113182	Hühnerei Eiklar, gebraten ohne Fett (Pfanne)	Chicken egg white, fried without fat (pan)	194	46	0.034	0	0.461	0.461	10.9	0.52
G343182	Wirsing gebraten ohne Fett (Pfanne)	Savoy cabbage fried without fat (pan)	291	69	0.604	0.107	7.8	6.6	5.243	0.042
E112182	Hühnerei Eigelb, gebraten ohne Fett (Pfanne)	Chicken egg yolk, fried without fat (pan)	1598	386	35.169	9.56	0.236	0.236	17.2	0.145
G770432	Kichererbse reif, gekocht	Chick pea mature, boiled	634	151	3	0.405	17.4	1.4	8.4	0.002
G543152	Gemüsepaprika rot, gedünstet	Sweet pepper red, stewed	165	39	0.217	0.035	6.73	6.73	1.114	0.003
U255142	Rind Brustkern/Mittelbrust, geschmort ohne Fett	Beef brisket/centre cut, braised without fat	1031	247	16.224	7.514	0	0	25.319	0.122
T202182	Leng gebraten ohne Fett (Pfanne)	Ling fried without fat (pan)	409	97	0.698	0.168	0	0	22.562	0.285
G670152	Wurzelpetersilie gedünstet	Parsley root stewed	314	74	0.461	0.075	13.5	5.931	2.824	0.03
V351182	Wachtel Fleisch, ohne Haut, gebraten ohne Fett (Pfanne)	Quail meat, without skin, fried without fat (pan)	654	155	4.03	1.16	0	0	29.7	0.15
T122152	Weißer Thun gedünstet	Albacore stewed	461	109	1.3	0.22	0	0	24.3	0.197
G490042	Knoblauch geschmort ohne Fett	Garlic braised without fat	501	122	0.52	0.078	4	2.5	7.487	0.024
T302152	Steinbutt gedünstet	Turbot stewed	314	74	1.648	0.289	0	0	14.911	0.288
T793172	Pilgermuschel/Jakobsmuschel, gegrillt	Scallop grilled	393	93	0.149	0.044	0	0	22.818	1.105
T106152	Sprotte gedünstet	Sprat stewed	723	174	12.7	4.512	0	0	14.9	0.228
V511142	Rind Herz, geschmort ohne Fett	Beef heart, braised without fat	826	197	8.889	3.394	0	0	29.244	0.3
U281162	Rind Keule, gebraten ohne Fett (Ofen)	Beef round, fried without fat (oven)	719	171	7.4	2.31	0	0	26.2	0.166
V531200	Rind Leber, tiefgefroren	Beef liver, deep-frozen	552	131	3.66	1.149	5.3	0	19.21	0.29
G710132	Bohne grün, gekocht	Bean green, boiled	143	34	0.3	0.068	4.06	2.976	2.1	0.004
T603132	Zander pochiert	Pike-perch poached	292	69	0.56	0.124	0	0	15.957	0.055
V4A5182	Hähnchen Oberschenkel, mit Haut, gebraten ohne Fett (Pfanne)	Chicken thigh, with skin, fried without fat (pan)	1015	243	15.72	3.481	0	0	25.49	0.245
U872132	Schaf Vorderhaxe, mittelfett, gekocht	Sheep foreshank, medium fat, boiled	1080	259	15.5	4.9	0	0	29.8	0.15
G620142	Karotte/Möhre, geschmort ohne Fett	Carrot braised without fat	202	48	0.477	0.111	7.797	7.675	1.002	0.068
V481172	Pute Fleisch, ohne Haut, gegrillt	Turkey meat, without skin, grilled	566	134	2.9	0.819	0	0	26.974	0.275
G640132	Pastinake gekocht	Parsnip boiled	303	72	0.7	0.055	13.7	4.2	1.2	0.008
U856132	Hammel Brust, gekocht	Mutton breast, boiled	1983	480	45.538	20.768	0	0	17.538	0.215
T615162	Rotbarsch/Goldbarsch, gebraten ohne Fett (Ofen)	Ocean perch/redfish, fried without fat (oven)	456	108	3.87	0.794	0	0	18.4	0.215
U891172	Schaf Hinterhaxe, mager, gegrillt	Sheep hindshank, lean, grilled	680	161	4.72	1.479	0	0	29.7	0.285
G342162	Weißkohl gebacken	White cabbage baked	156	37	0.224	0.039	5.33	5.17	1.626	0.015
U672132	Schwein Vordereisbein/Vorderhaxe, gekocht	Pork foreshank (hock) boiled	995	238	13.11	4.155	0	0	29.99	0.164
G450200	Spargel tiefgefroren	Asparagus deep-frozen	133	32	0.173	0.031	4.42	4.22	2.178	0.006
C353132	Wildreis gekocht	Wild rice boiled	593	140	0.349	0.058	28.36	0.28	5.074	0.005
T204252	Dorsch/Kabeljau, tiefgefroren, gedünstet	Cod deep-frozen, stewed	286	68	0.6	0.145	0	0	15.527	0.242
H230162	Edelkastanie/Marone, gebacken	Sweet chestnut baked	965	229	2.065	0.31	44.783	15.109	3.179	0.005
U533172	Schwein Schmetterlingssteak, gegrillt	Pork steak (loin) grilled	909	216	8.9	2.9	0	0	34.1	0.135
U331200	Kalb Steak (Rücken) tiefgefroren	Veal steak (loin) deep-frozen	452	107	2.62	1.096	0	0	20.9	0.232
G561152	Tomate gedünstet	Tomato stewed	103	24	0.125	0.025	3.69	3.69	1.08	0.012
E111132	Hühnerei gekocht	Chicken egg boiled	601	144	9.6	2.6	0.34	0.34	14.1	0.375
U020132	Schwein Hackfleisch, gekocht	Pork mince, boiled	1432	345	26.78	8.941	0	0	25.95	0.149
W530042	Kasseler, Rohpökelware, geräuchert, geschmort ohne Fett	Pork loin chop raw cured, smoked, braised without fat	565	133	2.259	0.886	0	0	28.29	2.528
T033182	Dornhai gebraten ohne Fett (Pfanne)	Piked dogfish fried without fat (pan)	807	195	15.353	4.966	0	0	14.082	0.042
U461142	Kalb Bug/Schulter, geschmort ohne Fett	Veal shoulder, braised without fat	492	116	1.077	0.452	0	0	26.571	0.175
H420610	Sesam geröstet ohne Fett	Sesame seeds roasted without fat	2374	575	51.429	7.704	1.448	1.224	20.896	0.11
M524572	Halloumi Grillkäse, gegrillt	Halloumi cheese grilled	1330	320	25.32	14.95	0.1	0	22.14	1.649
V416142	Hähnchen Brustfilet, geschmort ohne Fett	Chicken breast fillet, braised without fat	569	134	1.53	0.346	0	0	30.13	0.072
G221182	Bleichsellerie gebraten ohne Fett (Pfanne)	Stalk celery fried without fat (pan)	134	32	0.2	0	3	2.8	2.264	0.368
T204262	Dorsch/Kabeljau, tiefgefroren, gebraten ohne Fett (Ofen)	Cod deep-frozen, fried without fat (oven)	393	93	0.723	0.175	0	0	21.553	0.265
G414132	Gemüseartischocke/Kardone, gekocht	Cardoon boiled	93	22	0.1	0.013	3.27	3.05	0.9	0.43
U622172	Schwein Kotelett (Rücken/cranial) gegrillt	Pork loin (cranial part) grilled	945	226	12.84	4.329	0	0	27.64	0.15
T207162	Köhler/Seelachs, gebraten ohne Fett (Ofen)	Saithe/pollack, fried without fat (oven)	565	134	3.048	0.818	0	0	26.6	0.16
U622142	Schwein Kotelett (Rücken/cranial) geschmort ohne Fett	Pork loin (cranial part) braised without fat	915	219	12.07	4.069	0	0	27.53	0.103
U871162	Schaf Vorderhaxe, mager, gebraten ohne Fett (Ofen)	Sheep foreshank, lean, fried without fat (oven)	604	143	3.77	1.19	0	0	27.3	0.245
T020182	Tintenfisch gebraten ohne Fett (Pfanne)	Common cuttlefish fried without fat (pan)	370	87	1.22	0.36	0	0	19.119	1.028
F130400	Birne getrocknet	Pear dried	972	231	1.154	0.154	52.36	40.11	1.194	0.008
T410052	Lachs gedünstet	Salmon stewed	681	163	10.419	2.232	0	0	17.355	0.079
F301152	Erdbeere gedünstet	Strawberry stewed	166	40	0.421	0.033	6.229	6.166	0.863	0.002
G761200	Zuckererbse tiefgefroren	Sugar pea deep-frozen	170	40	0.2	0	4.6	3.34	4	0.04
C432032	Hirse Schrot, gekocht	Millet coarse meal, boiled	189	45	0.39	0.07	8.53	0.07	1.53	0
T120182	Pelamide gebraten ohne Fett (Pfanne)	Atlantic bonito fried without fat (pan)	682	162	6.21	0.7	0	0	26.6	0.115
G341182	Rotkohl gebraten ohne Fett (Pfanne)	Red cabbage fried without fat (pan)	224	53	0.34	0.063	7.042	6.906	2.949	0.052
V485162	Pute Keule, ohne Haut, gebraten ohne Fett (Ofen)	Turkey leg, without skin, fried without fat (oven)	795	189	5.554	2.139	0	0	34.692	0.265
V513182	Schwein Herz, gebraten ohne Fett (Pfanne)	Pork heart, fried without fat (pan)	672	160	6.81	2.55	0	0	24.7	0.359
U554142	Schwein Gulasch (Restbug) geschmort ohne Fett	Pork goulash (shoulder strips) braised without fat	677	161	4.79	1.52	0	0	29.42	0.136
K440162	Yamswurzel gebacken	Yam baked	668	158	0.167	0.059	33	0.9	2.564	0.032
G561162	Tomate gebacken	Tomato baked	107	25	0.129	0.025	3.82	3.82	1.118	0.012
V320162	Rebhuhn Fleisch, gebraten ohne Fett (Ofen)	Partridge meat, fried without fat (oven)	1361	324	11.8	3.9	0	0	54.4	0.315
U533162	Schwein Schmetterlingssteak, gebraten ohne Fett (Ofen)	Pork steak (loin) fried without fat (oven)	738	176	6.7	2.5	0	0	28.8	0.121
F212600	Sauerkirschsaft	Sour cherry juice	265	62	0.4	0.089	12.853	11.953	0.81	0.002
E401032	Teigwaren eifrei, gekocht	Pasta egg-free, boiled	617	146	0.702	0.101	28.68	0.839	5.4	0.002
V422072	Geflügel Dönerfleisch, gegrillt	Poultry kebab meat, grilled	1117	268	17.48	3.038	0	0	27.65	3.078
V417172	Hähnchen Flügel, mit Haut, gegrillt	Chicken wings, with skin, grilled	1194	286	19.03	4.112	0	0	28.8	0.294
T502600	Blei/Brachsen/Brasse, geräuchert	Common bream smoked	437	104	3.57	0.925	0	0	17.92	0.09
H410400	Leinsamen geschrotet	Linseed/flax seed, ground	1930	468	36.5	3.597	1.7	1.21	22.27	0.142
E111162	Hühnerei gebacken	Chicken egg baked	673	161	10.843	2.935	0.41	0.41	15.556	0.465
C221132	Roggen Vollkornschrot, gekocht	Rye coarse meal, boiled	198	47	0.2	0.03	8.52	0.216	1.31	0
U511182	Schwein Filetmedaillon, gebraten ohne Fett (Pfanne)	Pork fillet medaillon, fried without fat (pan)	608	144	3.17	0.97	0	0	28.87	0.139
G520042	Gurke geschmort ohne Fett	Cucumber braised without fat	76	18	0.218	0.073	2.17	2.17	1.155	0.008
T415182	Königslachs gebraten ohne Fett (Pfanne)	Chinook salmon fried without fat (pan)	868	208	12.6	2.8	0	0	23.631	0.128
T106182	Sprotte gebraten ohne Fett (Pfanne)	Sprat fried without fat (pan)	820	197	13.8	4.902	0	0	18.2	0.22
G620132	Karotte/Möhre, gekocht	Carrot boiled	142	34	0.5	0.093	5.415	5.314	0.5	0.072
E500032	Vollkornteigwaren eifrei, gekocht	Wholemeal pasta egg-free, boiled	548	130	1.11	0.165	22.6	1	5.4	0.002
T601182	Barsch/Flussbarsch, gebraten ohne Fett (Pfanne)	European perch fried without fat (pan)	397	94	0.7	0.11	0	0	21.85	0.125
G470152	Porree/Lauch, gedünstet	Leek stewed	155	37	0.266	0.047	5	4	2.277	0.001
U024172	Schwein Hackfleisch, gegrillt	Pork mince, grilled	1505	363	29.41	9.82	0	0	24.52	0.17
U151200	Rind Gulasch (Bug) tiefgefroren	Beef goulash (shoulder) deep-frozen	540	128	5.3	2.325	0	0	20.2	0.125
W288162	Geflügelmortadella gebraten ohne Fett (Ofen)	Poultry mortadella fried without fat (oven)	956	231	19.09	7.317	0.009	0	12.967	2.18
T213252	Alaska-Pollack/Alaska-Seelachs, tiefgefroren, gedünstet	Alaska pollock deep-frozen, stewed	274	65	0.667	0.121	0	0	14.643	0.172
U411162	Kalb Filet/Lende, gebraten ohne Fett (Ofen)	Veal fillet (tenderloin) fried without fat (oven)	571	135	2.08	0.793	0	0	29.074	0.272
T045182	Dorschleber gebraten ohne Fett (Pfanne)	Cod liver fried without fat (pan)	2678	651	70	12.96	0	0	5.2	0.128
K120134	Kartoffel ungeschält, gekocht	Potatoe unpeeled, boiled	298	71	0.6	0.035	13.641	1.096	1.8	0.008
T204282	Dorsch/Kabeljau, tiefgefroren, gebraten ohne Fett (Pfanne)	Cod deep-frozen, fried without fat (pan)	359	85	0.675	0.164	0	0	19.667	0.242
T309182	Seezunge gebraten ohne Fett (Pfanne)	Sole fried without fat (pan)	431	102	2.09	0.61	0	0	20.781	0.265
T120152	Pelamide gedünstet	Atlantic bonito stewed	535	127	5.26	0.6	0	0	20	0.11
U811172	Schaf Filet/Lende, gegrillt	Sheep tenderloin, grilled	1083	260	17.5	8	0	0	25.6	0.248
G420182	Stielmus/Rübstiel, gebraten ohne Fett (Pfanne)	Turnip tops/greens, fried without fat (pan)	111	27	0.4	0.1	1.21	1.21	2.2	0.15
G570132	Zuckermais gekocht	Sweetcorn boiled	258	61	1.13	0.151	8.6	3.13	3.012	0.005
V416200	Hähnchen Brustfilet, tiefgefroren	Chicken breast fillet, deep-frozen	462	109	1.81	0.41	0	0	23.25	0.128
G486162	Frühlingszwiebel/Lauchzwiebel (ohne Laub) gebacken	Spring onion, bulb only, baked	162	38	0.176	0.029	7.05	7.05	1.1	0.038
H230172	Edelkastanie/Marone, gegrillt	Sweet chestnut grilled	963	228	2.065	0.31	44.783	15.109	3.116	0.005
V354162	Wachtel Fleisch, ohne Haut, gebraten ohne Fett (Ofen)	Quail meat, without skin, fried without fat (oven)	752	178	4.53	1.3	0	0	34.4	0.162
U711200	Schaf Filetmedaillon, tiefgefroren	Sheep fillet medaillon, deep-frozen	497	118	2.97	0.91	0	0	22.79	0.122
G482152	Frühlingszwiebel/Lauchzwiebel, gedünstet	Spring onion stewed	113	27	0.19	0.031	3	2.8	1.9	0.03
W234082	Fleischwurst gebraten ohne Fett (Pfanne)	Bologna fried without fat (pan)	1314	318	29.223	11.405	0.27	0.26	12.9	2.385
U742162	Schaf Schnitzel (Keule, mittelfett) gebraten ohne Fett (Ofen)	Sheep schnitzel (leg, medium fat) fried without fat (oven)	899	215	12.9	5.5	0	0	24.8	0.178
U856142	Hammel Brust, geschmort ohne Fett	Mutton breast, braised without fat	2014	487	46.25	21.092	0	0	17.812	0.218
V4A6142	Hähnchen Brust, ohne Haut, geschmort ohne Fett	Chicken breast, without skin, braised without fat	556	131	2.05	0.462	0	0	28.26	0.084
G710152	Bohne grün, gedünstet	Bean green, stewed	127	30	0.255	0.075	3.7	2.41	2.381	0.005
F201152	Aprikose gedünstet	Apricot stewed	200	47	0.148	0.012	9.341	8.432	0.9	0.005
T792200	Miesmuschel tiefgefroren	Common mussel deep-frozen	251	60	1.955	0.589	0	0	10.51	0.74
T305252	Goldbutt/Scholle, tiefgefroren, gedünstet	Plaice deep-frozen, stewed	291	69	1.143	0.19	0	0	14.643	0.372
T020200	Tintenfisch tiefgefroren	Common cuttlefish deep-frozen	310	73	0.98	0.3	0	0	16.1	0.968
G760152	Erbse grün, gedünstet	Pea green, stewed	408	97	0.527	0.109	13.52	1.432	6.5	0.005
U261200	Rind Bug/Schulter, tiefgefroren	Beef shoulder, deep-frozen	540	128	5.3	2.325	0	0	20.2	0.125
E111182	Hühnerei gebraten ohne Fett (Pfanne)	Chicken egg fried without fat (pan)	627	151	10.112	2.738	0.382	0.382	14.507	0.432
E432032	Eierteigwaren gekocht	Egg pasta boiled	553	130	0.91	0.318	24.72	0.613	5.2	0.245
V487142	Pute Flügel, mit Haut, geschmort ohne Fett	Turkey wings, with skin, braised without fat	735	176	9.2	2	0	0	23.2	0.07
G345032	Sauerkraut abgetropft, gekocht	Sauerkraut drained, boiled	77	18	0.294	0.068	0.94	0.73	1.066	1.015
F533600	Honigmelonensaft	Honeydew melon juice	150	35	0.1	0.007	8.08	8.06	0.429	0.032
V474162	Gans Fleisch, mit Haut, gebraten ohne Fett (Ofen)	Goose meat, with skin, fried without fat (oven)	1071	257	18.507	5.207	0	0	22.73	0.272
T420262	Forelle tiefgefroren, gebraten ohne Fett (Ofen)	Trout deep-frozen, fried without fat (oven)	685	163	6.389	1.068	0	0	25.897	0.32
U811200	Schaf Filet/Lende, tiefgefroren	Sheep tenderloin, deep-frozen	806	194	13.2	6.021	0	0	18.7	0.188
G541032	Gemüsepaprika grün, gekocht	Sweet pepper green, boiled	162	38	0.243	0.061	6.95	6.58	1.092	0.01
V476162	Gans Fleisch, ohne Haut, gebraten ohne Fett (Ofen)	Goose meat, without skin, fried without fat (oven)	740	176	4.39	1.51	0	0	34	0.285
G510132	Aubergine gekocht	Aubergine boiled	96	23	0.5	0.038	3	1.7	0.7	0.002
G440132	Palmenherz gekocht	Palm heart, boiled	128	30	0.2	0.038	3.78	3.6	2.6	0.028
V132142	Kaninchen Fleisch, geschmort ohne Fett	Domestic rabbit meat, braised without fat	746	177	6.6	2.5	0	0	29.5	0.118
K110182	Kartoffel geschält, gebraten ohne Fett (Pfanne)	Potatoe peeled, fried without fat (pan)	489	115	0.139	0.049	24.861	1.25	2.694	0.012
V474182	Gans Fleisch, mit Haut, gebraten ohne Fett (Pfanne)	Goose meat, with skin, fried without fat (pan)	1230	296	22.143	6.228	0	0	24.173	0.29
G720152	Wachsbohne gedünstet	Wax bean stewed	122	29	0.2	0	3.7	2.41	2.2	0.005
V435200	Suppenhuhn Schenkel, mit Haut, tiefgefroren	Boiling fowl leg, with skin, deep-frozen	1066	257	20.3	4.492	0	0	18.5	0.161
U432132	Kalb Hals/Nacken/Kamm, gekocht	Veal scrag boiled	569	135	2.85	1.191	0	0	27.257	0.168
U331172	Kalb Steak (Rücken) gegrillt	Veal steak (loin) grilled	554	131	3.157	1.322	0	0	25.723	0.252
V050132	Schnecken gekocht	Snails edible/escargots, boiled	330	78	1.29	0.231	0	0	16.6	0.198
V465182	Ente Schenkel, mit Haut, gebraten ohne Fett (Pfanne)	Duck leg, with skin, fried without fat (pan)	831	199	10.88	3.61	0	0	25.23	0.332
V465142	Ente Schenkel, mit Haut, geschmort ohne Fett	Duck leg, with skin, braised without fat	835	200	11.22	3.73	0	0	24.68	0.16
T420132	Forelle pochiert	Trout poached	563	134	6.78	1.283	0	0	17.96	0.11
V222200	Reh Rücken, tiefgefroren	Roe deer saddle, deep-frozen	512	122	3.55	1.347	0	0	22.4	0.21
T204272	Dorsch/Kabeljau, tiefgefroren, gegrillt	Cod deep-frozen, grilled	402	95	0.778	0.188	0	0	21.933	0.308
V487162	Pute Flügel, mit Haut, gebraten ohne Fett (Ofen)	Turkey wings, with skin, fried without fat (oven)	1158	278	17.1	3.6	0	0	30.9	0.152
T780182	Europäische Auster gebraten ohne Fett (Pfanne)	European oyster fried without fat (pan)	306	73	3.3	0.887	1.225	0	9.607	0.382
T107182	Makrele gebraten ohne Fett (Pfanne)	Mackerel fried without fat (pan)	686	164	8.9	1.817	0	0	21	0.388
U281132	Rind Keule, gekocht	Beef round, boiled	786	187	8.1	2.526	0	0	28.6	0.125
Y7A2010	Kochkäse (selbstgemacht)	Koch Kaese (German cooked cheese) homemade	1020	246	19.68	11.602	2.6	2.39	14.02	1.052
U223000	Rind Roastbeef (Rücken) mariniert, roh	Beef roastbeef (loin) marinated	580	138	5.6	1.83	1.78	1.58	19.7	1
D4A1100	Kirschstrudel (Blätterteig)	Cherry strudel (puff pastry)	1394	335	21.59	13.36	29.68	11.35	3.71	0.06
Y623912	Seelachsfilet Müllerinart (mehliert, gebraten)	Saithe fillet floured, fried	506	120	3.2	0.65	2.63	0.118	19.76	0.483
R911000	Helle Soße Instantpulver	White sauce instant powder	1805	431	20.32	9.77	56.9	18	4.43	9.698
V481262	Pute Fleisch, ohne Haut, tiefgefroren, gebraten ohne Fett (Ofen)	Turkey meat, without skin, deep-frozen, fried without fat (oven)	618	146	2.9	0.83	0	0	30.067	0.248
N230000	Fruchtsaftgetränk Johannisbeere	Fruit juice beverage currant	129	30	0.022	0.002	7.126	7.126	0.152	0.008
Y893162	Crepes Suzette gebraten	Crepes Suzette fried	1172	281	16.2	9.12	25.2	15.3	5.3	0.148
D480200	Käsekuchen/Quarkkuchen (Mürbeteig)	Cheesecake (shortcrust pastry)	1094	261	12.1	6.56	28.9	17.48	8.4	0.19
X9A2040	Milch-Getreide-Brei, mit Haferflocken und Apfelsaft (geeignet für Beikost)	Milk-cereal puree, with oat flakes and apple juice (suitable as baby food)	412	98	3.95	2.227	10.4	5.26	4.64	0.085
T930700	Alaska-Seelachs im Backteig, tiefgefroren	Alaska pollock in frying batter, deep-frozen	859	205	10.32	0.86	18.25	0.58	9.2	0.245
S220000	Fruchteis	Fruit ice cream	545	128	0.149	0.012	30.3	28.8	0.291	0.005
X446343	Lauchsuppe gebunden	Leek soup thickened	192	46	3.2	0.8	3	1.7	0.98	0.512
Y697522	Fischkroketten mit Seelachs frittiert	Fish croquettes with saithe deep-fried	1109	265	13.28	2.27	19.57	1.52	15.95	0.862
Y8A4060	Grießschnitten gesüßt gebraten	Semolina slices sweetened fried	617	148	10.02	1.61	10.89	3.16	3.38	0.07
X461243	Kohlrüben-Eintopf mit Kasseler und Kartoffeln	Turnip stew with cured, smoked pork neck and potatoes	319	76	2.7	1	5.34	1.21	6.8	0.8
W880400	Hausmacher Leberwurst Konserve	Homemade liver sausage canned	1191	288	26.1	13.07	0.49	0.12	12.7	1.972
T020262	Tintenfisch tiefgefroren, gebraten ohne Fett (Ofen)	Common cuttlefish deep-frozen, fried without fat (oven)	449	106	1.48	0.44	0	0	23.174	1.245
D7A7800	Apfeltasche (Blätterteig)	Turnover (puff pastry) filled with apples	1320	317	21.2	13.2	26.8	8.3	3.3	0.102
X922163	Frühlingsrollen gefüllt mit Gemüse, Schweinefleisch und Krabben, frittiert	Spring rolls filled with vegetables, pork and shrimps, deep-fried	1429	342	20.04	2.64	27.7	1.4	11.4	0.525
X644712	Kartoffelgratin mit Lauch	Potato gratin with leek	566	136	8.8	4	9	2.3	4.6	0.3
Y864943	Welfencreme (Vanilleflammeri mit Weinschaum)	"Welfencreme" (vanilla pudding with wine sabayon)	578	137	3.9	1.79	19.85	15.05	4.1	0.145
D310400	Biskuitrolle/Biskuitroulade, mit Konfitüre	Sponge cake roll, filled with jam	1108	262	3.5	0.91	49.8	38.1	6.6	0.145
S210800	Speiseeis Nuss, in Waffeltüte	Nut ice cream, in waffle cone	1066	255	12.86	7.79	29.8	21.2	3.96	0.082
D740400	Kartoffelhörnchen (Mürbeteig)	Potato crescent roll (shortcrust pastry)	1430	339	8.5	4.7	58.1	26.2	6	0.68
S220900	Speiseeis (Kaffee, Vanille) gemischt	Ice cream mixed (coffee, vanilla)	764	183	9.7	5.9	20.1	17.62	3.4	0.1
X3A9030	Saure-Sahne-Dressing mit Joghurt und Senf	Sour cream dressing wiht yogurt and mustard	385	92	6.8	3.7	3.8	3.8	3.16	0.4
X436243	Schinkenklößchen	Small ham dumplings	649	154	4.51	1.28	18.22	2.38	9.41	0.832
X987112	Pizzabaguette mit Kochschinken und Käse überbacken	Pizza baguette with boiled ham and cheese gratinated	929	222	10.03	6.18	16	2	15.7	1.19
F016600	Mehrfruchtsaft angereichert mit Vitaminen und Mineralstoffen	Multi-fruit juice fortified with vitamins and minerals	227	54	0.1	0.015	12.3	11.4	0.338	0.012
Y514233	Hirschragout mit Grundsauce dunkel/braun und Rotwein	Venison ragout with brown basic sauce and red wine	661	158	9	1.4	2.6	0.6	14.44	0.58
W182000	Berliner Knacker/Berliner Knackwurst	Berlin Knacker sausage raw, small, firm	1127	271	20.69	7.76	0	0	21.26	3
W850300	Schinkenröllchen in Aspik	Ham roll in aspic	382	90	2.4	0.868	0.74	0.7	15.7	1.615
Y175022	Saure Rinderkutteln gekocht, mit Grundsauce dunkel/braun	Sour beef tripe boiled, with brown basic sauce	350	84	4.1	0.8	2.81	0.012	8.6	0.508
X562243	Karotten und Lauch gedünstet	Carrots and leek stewed	249	60	3.5	0.3	4.8	4.8	1.02	0.445
X3A8010	Marinade mit Gemüsebrühe für Kartoffelsalat	Marinade with vegetable stock for potato salad	400	97	9	0.7	2.35	2.33	0.47	0.81
H930100	Soja-Streichwurstalternative, vegan	Soya spreadable sausage alternative, vegan	936	226	20.3	9.4	4.2	1.4	5.9	1.918
V654282	Hähnchen Magen, tiefgefroren, gebraten ohne Fett (Pfanne)	Chicken stomach, deep-frozen, fried without fat (pan)	559	132	2.32	0.668	0	0	27.82	0.31
W185000	Debrecziner roh	Debrecziner sausage raw, small, firm	1370	330	26.31	10	0	0	23.32	3.5
X456143	Gulaschsuppe mit Rindfleisch, Zwiebeln und Paprika	Goulash soup with beef, onions and sweet pepper	200	48	2.7	0.48	2	2	3.5	0.215
Y9A2020	Haselnusscremeeis	Hazelnut ice cream (with egg)	934	224	15.9	5.16	14.2	13.82	5.7	0.095
X1A1020	Bohnensalat bunt (gegart) mit Schafskäse und warmer Essigmarinade	Mixed bean salad (cooked) with sheep's milk cheese and warm vinegar marinade	362	87	4.8	2	5.8	3.4	3.56	0.552
T615282	Rotbarsch/Goldbarsch, tiefgefroren, gebraten ohne Fett (Pfanne)	Ocean perch/redfish, deep-frozen, fried without fat (pan)	454	108	3.9	0.8	0	0	18.2	0.212
V913400	Entenpastete gebacken	Duck pate baked	1051	252	15	7.44	7.7	0.56	21.1	1.5
W218600	Geselchte	Geselchte sausage smoked	709	171	12.59	4.6	0.08	0	14.21	2.2
Y9A1040	Döner vegetarisch, Fladenbrot gefüllt mit Rohkost, Schafskäse und Sauce	Doner vegetarian, flatbread filled with salad, sheep's milk cheese and sauce	604	145	7.8	2.6	13	1.9	4.3	0.64
E911000	Teigwaren eifrei, Ravioli (Gemüsefüllung) in Tomatensoße, Konserve	Pasta egg-free, Ravioli (vegetable filling) in tomato sauce, canned	401	95	1.1	0.1	17	5.9	2.8	1.012
X3A7020	Salsa verde	Salsa verde	1974	480	50.7	6	2	0.38	2.18	1.215
X644313	Kartoffelgratin mit Spinat	Potato gratin with spinach	569	136	7.76	4.28	10	1.4	5.91	0.352
X444343	Tomatensuppe gebunden	Tomato soup thickened	182	44	3.68	1.2	1.89	1.46	0.49	0.22
X5A5010	Kohlroulade gedünstet, vegan gefüllt mit Hirse, Tomaten und Tofu	Cabbage roulade stewed, vegan filled with millet, tomatoes and tofu	229	54	1.1	0.1	7.49	2.33	2.76	0.272
T753800	Garnele/Granat/Krabbe, Präserve	Common shrimp semi-preserved	394	93	1.955	0.432	0	0	18.938	1.28
X461143	Karotten-Eintopf mit Schweinebauch	Carrot stew with pork belly	459	110	6.5	2.2	7.39	3.12	4.56	0.34
F020600	Roter Mehrfruchtsaft	Red multi-fruit juice	211	50	0.3	0.035	9.9	9.2	0.7	0.008
X658012	Kartoffelomelett gebraten	Potato omelette fried	667	160	8.11	1.46	15.45	2.12	5.27	0.385
D4A5100	Schwedischer Mandel-Marzipan-Kuchen/Mazarinkuchen (Mürbeteig)	Swedish almond marzipan cake (shortcrust pastry)	2057	494	32.5	15.56	40.2	16.3	8.6	0.062
B515500	Weizenbrötchen mit Zwiebeln	Wheat roll with onions	1264	299	3.1	0.87	56	2.2	9.4	1.438
W875100	Frankfurter Rindswurst/Rote Wurst, Konserve	Frankfurt beef sausage/red sausage, canned	925	223	19.738	8.527	0	0	11.439	2
Q656000	Knoblauchbutter/Kräuterbutter	Garlic butter/herb butter	2417	587	62	40.535	2	1	4.5	0.7
Y163313	Rinderschmorbraten mit Speck und Sauce	Braised beef roast with bacon and sauce	625	150	8.9	2.7	3.22	1.01	13.9	0.642
Y111012	Rinderfilet mariniert, gebraten im Ofen	Beef fillet marinated, fried in oven	630	150	5.8	1.72	0.08	0.08	23.09	0.48
W380300	Kartoffelwurst	Potato sausage	750	180	13.12	4.9	4.41	0.28	10.86	1.8
X651112	Bauernfrühstück mit Speck und Kochschinken, gebraten	Farmer's breakfast with bacon and boiled ham, fried	953	229	16.38	2.1	11.09	1.04	8.52	1
F032600	Smoothie purpur (Früchte)	Smoothie of purple fruits	241	57	0.3	0.039	11	10.3	0.7	0.005
N5A2000	Kaffeeersatz (Getränk) mit Sojadrink, ungesüßt	Coffee substitute (infusion) with soya drink, unsweetened	26	6	0.045	0.006	0.95	0.152	0.18	0.012
S830000	Müsli-Riegel	Muesli bar	1794	428	15.4	4.3	58.5	18.7	8.4	0.36
U883262	Schaf Keule, fett, tiefgefroren, gebraten ohne Fett (Ofen)	Sheep leg, fat, deep-frozen, fried without fat (oven)	1161	279	20.3	9.251	0	0	24.1	0.2
W255200	Geflügelbierwurst mit Schweinefleisch	Bierwurst made from poultry and pork	986	238	21	6.9	0	0	12.26	2
Y881943	Quarkpudding	Quark pudding	1174	280	13.8	5.1	25.6	16.3	12.2	0.175
Y9A1050	Falafel (Kichererbsenbällchen) frittiert	Falafel (small chickpea balls) deep-fried	806	193	8	1.08	17	1.7	8.88	1.258
S820100	Energieriegel angereichert mit Vitaminen und Mineralstoffen	Energy bar fortified with vitamins and minerals	1875	449	21.7	4.8	47	15.6	10.6	0
X270810	Fruchtsalat gesüßt	Fruit salad sweetened	262	62	0.3	0.074	12.6	11.41	0.76	0.002
Y812512	Karthäuser Klöße gebraten, mit Zucker und Zimt	"Karthäuser" dumplings (made from rolls) fried, with sugar and cinnamon	1176	280	11.61	1.96	35.36	12.58	7.76	0.922
W384200	Graupenblutwurst	Blood sausage with pearl barley	857	206	12.86	4.51	14.7	0.5	7.21	1.8
X2A1040	Fenchelrohkost mit Joghurtmarinade	Fennel salad (raw) with yogurt marinade	225	54	2.39	0.59	4.9	4.46	1.63	0.232
G560600	Gemüsesaft aus Tomate, mit Salz	Tomato juice with salt	77	18	0.046	0.018	2.968	2.868	0.76	0.66
X9A1060	Hirse-Gemüse-Bratlinge gebraten	Millet-vegetable patties fried	412	98	3.6	0.6	11.39	1.84	4.2	0.508
X860252	Reiskroketten mit Parmesan	Rice croquettes with Parmesan cheese	1215	290	15.3	1.8	31.6	1.25	5.96	0.852
C512700	Müslimischung mit Trockenfrüchten, glutenfrei, gesüßt	Muesli mix with dried fruit, gluten-free, sweetened	1473	350	8	1.8	56.7	21.3	8.6	0.5
X532363	Broccoliauflauf	Broccoli casserole	474	114	7.8	5	3.2	1.69	7.02	0.522
M2A9200	Joghurt fettarm, mind. 1,5 % bis max. 1,8 % Fett, mit Fruchtzubereitung, Zucker und Süßungsmitteln	Yogurt low-fat, min. 1.5 % to max. 1.8 % fat, with fruit preparation, sugar and artificial sweeteners	250	59	1.309	0.68	7.2	5.6	3.738	0.13
T792232	Miesmuschel tiefgefroren, gekocht	Common mussel deep-frozen, boiled	258	61	2.444	0.736	0	0	9.853	0.785
Y996440	Zitronensorbet	Lemon sherbet/sorbet	522	123	0.1	0.037	28.126	28.126	0.7	0.032
D7A5100	Nuss-Schnecken (Hefeteig)	Danish swirl (yeast dough) with nuts	1615	386	18.28	5.64	44.7	16.88	8.9	0.112
U511262	Schwein Filetmedaillon, tiefgefroren, gebraten ohne Fett (Ofen)	Pork fillet medaillon, deep-frozen, fried without fat (oven)	608	144	3.17	0.97	0	0	28.87	0.134
W281000	Milzwurst	Scalded sausage with milt	863	208	17.86	6.25	0.15	0.02	11.67	2.09
Y842343	Quittenkompott	Quince compote	366	87	1.6	0.1	13.6	12	1.3	0.008
D431700	Orangenkuchen (Rührmasse)	Orange cake (cake batter)	1624	389	21.3	12.85	42.8	23.585	5.55	0.275
X678112	Lippischer Pickert gebraten (aus Hefeteig mit roh geriebenen Kartoffeln und saurer Sahne)	"Lippischer Pickert" fried (pancakes made from yeast dough with raw potatoes and sour cream)	1220	292	15	1.5	32	1.5	5.95	0.35
Y837543	Pudding englische Art	Pudding English style	1038	248	13	5.7	24	13.4	7	0.408
X1A7020	Wurstsalat mit Gewürzgurke und Essigmarinade	Sausage salad with gherkin and vinegar marinade	1039	251	23.44	7.14	1.55	1.53	7.58	1.87
Y835463	Plumpudding	Plum pudding	1186	282	10.6	3.3	39.3	29.9	4.9	0.168
X934412	Flammkuchen Elsässer Art	Tarte flambee Alsatian style	977	233	11.3	4.42	23	1.75	8.74	0.8
X551812	Auberginenscheiben im Backteig (mit Bier) frittiert	Aubergine slices in frying batter (with beer) deep-fried	995	239	14.28	1.47	20.48	2.08	5.4	0.275
W364400	Zungenpresskopf	Tongue brawn	881	212	14.68	5.073	0.17	0.05	19.63	1.8
G898400	Ajvar Konserve	Ajvar canned	283	68	4.4	0.5	5	5	0.9	1.218
Y184312	Ochsenschwanz geschmort (mit Fett und Salz)	Ox tail braised (with fat and salt)	806	193	12.5	4.3	2.6	1.4	16.9	0.755
W982200	Delikatesspastete mit Mürbeteig, gebacken	Gourmet pate with shortcrust pastry, baked	1258	303	22.65	9.21	7.55	0.3	16.82	2.8
S220700	Speiseeis (Karamell, Nuss) gemischt	Ice cream mixed (caramel, nut)	888	212	10.79	6.29	24.45	21.95	3.8	0.09
D661100	Marzipan-Monde	Marzipan moons	1922	461	26.7	2.3	40.5	38.6	11.7	0.055
D310700	Biskuitrolle/Biskuitroulade, mit Zitronensahnecreme	Sponge cake roll, filled with lemon-cream	926	220	8	3.6	30.77	21.067	5.6	0.12
Y635412	Flunder mehliert, gebraten	Flounder floured, fried	441	105	2.8	0.5	4.08	0.591	14.5	0.515
W340000	Thüringer Rotwurst	Thuringian blood sausage	760	182	10.9	4.57	0.37	0.13	20.58	1.8
B6A1600	Weizenvollkornknäckebrot mit Ölsamen, Hartkäse und Zwiebeln	Wholemeal wheat crispbread with oilseeds, hard cheese and onions	1798	429	17.2	4.4	46	2.5	16.9	1.98
X951213	Grießauflauf mit Käse	Semolina casserole with cheese	828	198	11.66	6.78	15.08	3.14	7.9	0.168
Y843243	Apfelmus mit Zimt	Apple sauce with cinnamon	223	53	0.5	0.182	10.4	9.351	0.395	0.005
C512300	Müslimischung mit Trockenfrüchten, ungesüßt	Muesli mix with dried fruit, unsweetened	1380	327	4.9	1.2	55.9	22.3	9	0.04
R922000	Joghurtsahne für Gebäck/Torten	Yogurt cream for pastry/tortes	964	232	16.8	9.08	16.24	16.24	3.3	0.08
D431800	Ananas-Marzipan-Kuchen (Rührmasse)	Pineapple marzipan cake (cake batter)	1612	386	20.6	9.77	42	26.8	6.36	0.205
X5A1050	Linsenbratlinge vegan, gebraten	Lentil patties vegan, fried	663	158	3.5	0.36	19.6	2.6	8.25	0.098
S627000	Pralinen gefüllt mit Kaffee	Pralines filled with coffee	1781	425	20	12.1	57.2	56.4	2.7	0.042
D7A5200	Puddingschnecken (Hefeteig)	Danish swirl (yeast dough) with pudding	1040	247	7.6	4.49	37.7	12.8	6.1	0.138
Y821043	Grießauflauf mit Rosinen	Semolina casserole with raisins	537	128	6.4	3.1	13.2	6.6	4.1	0.098
Y4A1000	Lammfleischklößchen gegart	Small lamb meatballs cooked	506	121	4.48	1.9	5.43	1.34	14.3	0.63
Y697612	Seeteufel gebraten (mit Fett und Salz)	Anglerfish fried (with fat and salt)	348	82	1.5	0.21	0.083	0.083	16.896	0.56
X548243	Zwiebeln gedünstet, mit saurer Sahne	Onions stewed, with sour cream	302	72	4.9	0.7	5.2	5	1.18	0.35
Y870163	Bayerische Creme	Bavarian cream	990	238	18.3	8.96	12.95	12.95	5.4	0.138
M241500	Sahnejoghurt mind. 10 % Fett, mit Fruchtzubereitung, gesüßt	Yogurt min. 10 % fat, with fruit preparation, sweetened	627	150	8.187	5.361	14.812	14.223	3.492	0.105
D650400	Elisenlebkuchen	Elisen gingerbread (with at least 25 % almonds and hazelnuts)	1816	435	23.2	2.33	40.8	39	12.89	0.1
X177063	Kichererbsensalat (gegart) mit warmer Essigmarinade	Chickpea salad (cooked) with warm vinegar marinade	448	107	3.2	0.3	11.7	2.28	5.15	0.188
Y151112	Rinderroulade geschmort, mit Sauce	Beef olive braised, with sauce	554	133	8.5	2.03	1.8	0.9	12	0.8
Y352013	Schweinerollbraten mit Sauce	Rolled pork roast with sauce	660	158	9.8	3.19	1.1	1.1	15.9	0.375
X4A6030	Tomatensuppe klar, mit Gemüsebrühe	Tomato soup clear, with vegetable stock	62	15	0.1	0.1	2.24	2.24	0.69	0.468
X7A1000	Eier-Frischteigwaren mit Basilikum (mit Salz gekocht)	Fresh egg pasta with basil (boiled with salt)	675	160	3.25	0.62	25.21	0.18	6.49	0.432
X166260	Selleriesalat (gegart) mit warmer Essigmarinade	Celeriac salad (cooked) with warm vinegar marinade	206	50	3.1	0.3	2.14	1.66	1.17	0.318
Y638212	Steinbutt mehliert, gebraten	Turbot floured, fried	443	105	2.5	0.33	2.88	0.115	17.35	0.595
X961462	Spinatnocken	Spinach dumplings	619	148	7.78	4.59	12.34	2.01	6.6	0.822
W319000	Trüffelleberwurst	Truffled liver sausage	1109	268	23.25	10.04	0.6	0.2	13.73	1.8
K391200	Kartoffelrösti tiefgefroren	Potato rösti (fried grated potatoes) deep-frozen	867	207	8.557	0.66	29	2	2.446	1.035
X5A5020	Kohlroulade gedünstet, vegetarisch gefüllt mit Hirse, Tomaten und Schafskäse	Cabbage roulade stewed, vegetarian filled with millet, tomatoes and sheep's milk cheese	289	69	2.7	1.3	7.37	2.3	2.99	0.452
X8A1060	Reisauflauf mit Spargel und Käse	Rice casserole with asparagus and cheese	683	163	6.28	3.4	18.2	1.13	7.8	0.478
W206000	Mortadella fettreduziert	Mortadella reduced-fat	508	122	7.47	2.66	0.17	0.05	13.39	2.2
X744133	Eierteigwaren mit gedünsteten Tomaten und Petersilie	Egg pasta with stewed tomatoes and parsley	531	126	3.39	0.86	18.24	1.33	4.9	0.385
Y172012	Kalbshirn gebraten	Veal brain fried	550	132	9.39	1.85	0.42	0.4	11.44	0.682
Y827043	Fruchtmichel mit gemischten Früchten, gebacken	Souffle with mixed fruit	759	180	5.6	2.49	26	15.59	5.65	0.458
Y346013	Schweinepfeffer	"Schweinepfeffer" savoury pork goulash	561	134	7.8	1.1	3.28	0.61	12.42	0.458
R481232	Schokoladenpudding, Flammeri, zubereitet aus Pulver und Milch 3,5 % Fett, gesüßt	Chocolate pudding made from powder, milk 3.5 % fat and sugar	457	108	3.1	2	16.5	11.5	3.38	0.142
B719000	Rosinenbrot glutenfrei	Raisin bread gluten-free	1175	278	5.9	2.7	51	18.9	3.4	0.768
Y444523	Hammelragout mit grünen Bohnen	Mutton ragout with green beans	959	232	19.2	7.4	7	1.2	7.1	0.8
D411100	Mandarinen-Omelettes (Wiener Boden hell) mit Sahne	Viennese sponge cake roll filled with whipped cream and mandarins	1066	256	16.2	8.57	23.22	16.16	3.72	0.1
D734900	Nussstangen (Mürbeteig)	Nut sticks (shortcrust pastry)	2260	543	36.3	14.03	43.7	24.037	8.6	0.038
B6A1100	Weizenvollkornknäckebrot mit Käse, Ölsamen und Tomaten	Wholemeal wheat crispbread with cheese, oilseeds and tomatoes	1721	410	13.7	4	49	4.5	16.3	1.868
D4A6200	Mohnstollen (Hefemürbteig)	Poppy seed stollen (shortcrust pastry with yeast)	1635	392	22.5	11	37	18.7	8.1	0.108
D4A7200	Mohnkranz (Quark-Öl-Teig)	Poppy seed ring cake (quark oil dough)	1761	422	23.3	7.2	40.3	25.9	10.1	0.255
D312700	Möhren-Nusstorte/Rüblitorte (Biskuit)	Carrot nut cake (sponge cake)	1424	342	21.37	2.36	27.2	23.4	8.4	0.735
X471153	Vanille-Milchkaltschale mit Ei, gebunden mit Stärke	Cold vanilla-milk soup with egg, thickened with starch	432	103	4.63	2.68	10.6	8.95	4.7	0.145
R9A1300	Mandarinensahnecreme für Gebäck/Torten	Mandarin cream for pastry/tortes	883	212	14.2	7.514	18.6	18.6	2	0.048
X092040	Haferflocken gesüßt, mit Milch 3,5 % Fett und Fruchtmischung	Oat flakes sweetened, with milk 3.5 % fat and mixed fruit	618	147	3.1	1.185	22.9	9.5	4.79	0.035
W343400	Hausmacher Blutwurst	Homemade blood sausage	1409	341	31.47	9.4	0.36	0.23	13.995	2
X492563	Aprikosenkaltschale gebunden mit Stärke	Cold apricot soup thickened with starch	204	48	0.1	0.012	9.87	7.839	0.8	0.005
D655500	Pfefferkuchen	Spiced gingerbread	1724	409	10.6	1.07	68.3	37.292	8.26	0.07
Y261023	Kalbsbraten mit Grundsauce dunkel/braun	Veal roast with brown basic sauce	426	101	3.2	0.4	2.8	1	15	0.565
Y8A8020	Hefeteig gesüßt, mit Wasser, roh	Yeast dough sweetened, with water, raw	1255	298	9.34	0.88	45	7.146	7.11	0.55
H882100	Frischecreme/Streichcreme, Basis Mandeln, vegan	Plant-based soft cream cheese alternative, almond-based, vegan	905	220	21.6	11.59	0.78	0.732	4.481	0.722
X511812	Champignons im Backteig (mit Bier) frittiert	Button mushrooms in frying batter (with beer) deep-fried	912	219	13.03	1.33	17.7	0.3	6.8	0.302
X9A1030	Grünkernbratlinge gebraten	Green spelt patties fried	759	182	9.7	0.9	17.5	1.11	4.4	0.575
W873100	Bierschinken Konserve	Beer ham canned	494	118	5.77	2.05	0.08	0	16.39	2
Y872053	Fruchtcreme roh gerührt (mit Gelatine)	Fruit cream (with gelatine)	554	132	5.6	2.39	16.05	15.29	3.4	0.052
X5A1040	Linsenbratlinge gebraten	Lentil patties fried	843	200	4.9	0.77	25.5	1.6	10.6	0.432
V488282	Pute Innereien, tiefgefroren, gebraten ohne Fett (Pfanne)	Turkey giblets, deep-frozen, fried without fat (pan)	985	236	14.39	3.78	0	0	26.6	0.255
X503412	Quiche (Mürbeteig) mit Broccoli und Blumenkohl	Quiche (shortcrust pastry) with broccoli and cauliflower	707	170	10.4	5.1	12.5	2.4	5.6	0.6
W873600	Herzwurst Konserve	Heart sausage canned	674	162	11.34	4.03	0.25	0.18	14.65	2
H510900	Oliven grün, gefüllt mit Paprikapaste, gesäuert, abgetropft	Olives green, filled with sweet pepper paste, pickled, drained	485	118	11.85	2.06	0.53	0.5	1.145	3.112
Y637812	Heilbutt mehliert, gebraten	Halibut floured, fried	625	149	6.4	1.16	2.73	0.367	19.32	0.488
D314500	Schokoladentorte (Rührmasse) mit Canacheüberzug	Chocolate torte (cake batter) with chocolate icing	1770	424	24.51	12.3	42.2	28.4	6.87	0.185
R9A1400	Zitronensahnecreme für Gebäck/Torten	Lemon cream (with starch) for pastry/tortes	712	170	9.5	5.069	18.75	16.178	1.8	0.035
M231200	Kefir fettarm, mind. 1,5 % bis max. 1,8 % Fett, mit Fruchtzubereitung, gesüßt	Kefir low-fat, min. 1.5 % to max. 1.8 % fat, with fruit preparation, sweetened	274	65	1.3	0.7	9.6	9.6	2.9	0.105
Y5A2000	Hähnchen-Frikadellen mit Champignons, gebraten	Chicken meatballs with button mushrooms, fried	818	196	11.2	4.49	4.9	1.2	18.6	0.508
X820252	Butterreis	Buttered rice	641	152	5.386	3.374	23.2	0.13	2.463	0.072
W981300	Fleischkäse im Bierteigmantel frittiert	Fleischkaese sausage in pastry crust, deep-fried	1594	385	33.42	9.28	6.37	0.57	13.9	2.118
T935200	Schlemmerfilet Bordelaise (Alaska-Seelachs) tiefgefroren	Fish bake Bordelaise style (Alaska pollock) deep-frozen	540	129	7.8	1.3	5.5	0.31	9.1	0.99
U432242	Kalb Hals/Nacken/Kamm, tiefgefroren, geschmort ohne Fett	Veal scrag deep-frozen, braised without fat	557	132	2.837	1.186	0	0	26.571	0.208
Y845163	Bratapfel ungefüllt gebacken	Baked apple unfilled	594	142	6.2	4.057	19.3	18.161	0.517	0.008
C514400	Knuspermüslimischung mit Trockenfrüchten, gesüßt	Crunchy muesli mix with dried fruit, sweetened	1721	410	14.1	7.1	59.2	27.4	7.9	0.42
N265000	ACE-Frucht-Vitamingetränk angereichert	Fruit juice beverage ACE fortified	179	42	0	0.006	10	10	0.217	0.01
W323000	Bauernleberwurst	Bauernleberwurst liver sausage	1200	290	25.09	10.51	0.41	0	15.51	2
Y396512	Frikadellen aus Schweinefleisch gebraten	Pork meatballs fried	1235	297	21.44	5.26	8.41	1.16	17.24	0.88
X321153	Tomatensauce von heller/weißer Grundsauce	Tomato sauce from white basic sauce	202	48	2.6	1.7	4.7	2.7	1	0.812
W154500	Salami Kroatische Art	Salami Croatian-type	1121	269	18.65	6.94	0.18	0	25.12	3.8
B718000	Kastanienbrot glutenfrei	Chestnut bread gluten-free	918	217	3	0.25	45	2.5	1.6	1.492
X9A3040	Gemüsemuffins herzhaft	Vegetable muffins savoury	829	198	6.25	1.69	22.9	3.53	9.9	0.612
X523312	Mangoldtarte (Mürbeteig)	Chard tart (shortcrust pastry)	1119	269	20.27	11.38	13.8	1.4	6.95	0.725
S660000	Schokoladenstreusel	Chocolate sprinkles	1992	475	19.7	11.9	68	66.2	4.062	0.14
X720213	Auflauf aus Teigwaren eifrei, mit Kochschinken	Casserole of pasta egg-free, with boiled ham	821	196	8.4	4.1	19.5	1.4	9.9	0.55
Y691432	Fischfrikadellen mit Seelachs gebraten	Fishcakes with saithe fried	521	124	3.9	0.85	6.06	0.96	15.6	0.53
G860192	Röstzwiebeln (Fertigprodukt)	Fried onions (ready-made product)	2386	575	44.48	21.29	34.37	19.22	5.9	1.025
D750300	Ausgezogene Nudeln/Knienudeln (Hefeteig) frittiert	Bavarian doughnuts (yeast dough) deep-fried	1766	421	17.1	8.3	55	7.9	9.93	0.135
X081462	Toast mit Kochschinken, Käse und Tomaten, gebacken	Toast with boiled ham, cheese and tomatoes, baked	854	204	11.49	7.352	8.66	1.69	15.9	1
Y2A2000	Kalbshaxe gebraten im Ofen, ohne Sauce	Veal knuckle fried in oven, without sauce	693	165	7.36	2.12	0.01	0	24.73	0.578
P9A9000	Cocktail, Caipirinha	Cocktail, Caipirinha	384	92	0	0	6.11	6.11	0.014	0.005
D7A7810	Kirschtasche (Blätterteig)	Turnover (puff pastry) filled with cherries	1394	334	21.58	13.36	29.67	11.34	3.71	0.102
W365100	Schweinekümmelmagen	Schweinekümmelmagen pork brawn with caraway seeds	656	156	6.77	2.27	0.16	0	23.65	2
X493563	Johannisbeerkaltschale gebunden mit Stärke	Cold red currant soup thickened with starch	228	54	0.156	0.031	9.32	8.11	1.156	0.005
X4B3000	Leberknödel, Suppeneinlage	Liver dumpling as soup garnish	867	207	11.13	5.544	12.47	1.61	13.77	1.228
Y8A3010	Apfel-Mangomus ungesüßt	Apple-mango sauce unsweetened	254	60	0.5	0.15	12	10.5	0.6	0.012
Y640112	Lachs gedünstet auf Gemüse	Salmon stewed on vegetables	566	136	8.6	1.5	1.9	1.9	11.64	0.375
W386000	Pfälzer Saumagen	Palatinate stuffed pig's stomach	607	145	7.99	3.01	6.54	0.44	11.48	1.8
X060130	Baguette-Brötchen mit Parmaschinken, Parmesan, Rucola und Salatcreme	Baguette roll with Parma ham, parmesan cheese, rucola and salad cream	1253	299	12.76	6.52	29	1	15.6	2.19
W254200	Käseschinkenwurst	Ham bologna with cheese	662	159	11.02	4.35	0.08	0	14.86	2
W844200	Gansgalantine mit Kalb- und Schweinefleisch, gebacken	Goose galantine with veal and pork, baked	879	211	13.9	5.7	0.8	0.3	20.5	1.8
W243000	Kalbskäse mit Schweinefleisch	Kalbskaese sausage with pork	1180	285	26.4	10.4	0.11	0	11.8	2.08
T753182	Garnele/Granat/Krabbe, gekocht, gebraten ohne Fett (Pfanne)	Common shrimp boiled, fried without fat (pan)	471	112	2.436	0.538	0	0	22.413	0.445
G992132	Gemüsemischung Erbsen-Karotten, gekocht	Mixed vegetables peas and carrots, boiled	261	62	0.426	0.094	9.085	3.713	3.3	0.025
Y375213	Saumagen gefüllt, gegart	Pork stomach stuffed, cooked	845	202	11.7	4.05	8	0.6	15.9	0.612
X4A5010	Kartoffel-Eintopf mit Kasseler	Potato stew with cured, smoked pork neck	288	69	3	0.8	5.32	1.38	4.63	0.8
D7A1000	Biskuitplätzchen mit Fruchtfüllung schokoliert	Sponge cake biscuits with fruit filling and chocolate icing	1415	335	7.1	3.69	61.1	50.6	4.8	0.082
C538000	Müslimischung mit Trockenfrüchten, gesüßt	Muesli mix with dried fruit, sweetened	1411	335	6	1.8	55.2	17	9.3	0.052
X822312	Grünkernrisotto mit Champignons	Green spelt risotto with button mushrooms	521	124	3.8	0.4	16.8	1.8	3.89	0.518
Y351032	Schweineroulade geschmort, ohne Sauce	Pork olive braised, without sauce	765	183	8.95	1.7	1.62	1.59	23.52	0.8
V990182	Geflügel Frikadelle, gebraten ohne Fett (Pfanne)	Poultry patty, fried without fat (pan)	557	132	3.9	0.83	5	0.8	18.9	1.53
Y687363	Schnecken gebacken Burgunder Art	Snails baked Burgundy style	1205	291	23.8	14.22	0.6	0.6	17.8	0.54
R9A6200	Orangenflammeri mit Likör, für Gebäck/Torten	Orange flummery with liqueur, for pastry/tortes	470	111	0.003	0	25.1	21	0.3	0.068
W269200	Gänseleberkäse mit Schweinefleisch, getrüffelt	Leberkaese sausage with goose liver and pork, truffled	769	185	12.41	4.5	0.69	0	17.1	2
X206750	Rote-Bete-Salat (roh) mit Sellerie, Apfel und Joghurtmarinade	Beetroot salad (raw) with celeriac, apple and yogurt marinade	241	58	1.73	0.44	7.2	6.74	1.77	0.215
Y8A7000	Pfannkuchen/Eierkuchen, mit Milch 3,5 % Fett und Apfel, gebraten	Pancakes with milk 3.5 % fat and apple, fried	852	203	8.62	1.52	24.3	4.3	6	0.235
X254510	Paprikasalat mit Essigmarinade	Sweet pepper salad with vinegar marinade	455	110	9.03	0.66	4.92	4.91	0.86	0.172
S581200	Milchschokoladen-Riegel gefüllt mit Karamellcreme und gerösteten Haselnüssen	Milk chocolate bar filled with caramel cream and roasted hazelnuts	2130	510	24.4	10.09	61.8	49.9	4.1	0.07
Y8A5010	Kaffeecreme (mit Gelatine)	Coffee cream (with gelatine)	1375	331	26.2	13.97	17.7	17.326	5.6	0.188
T930100	Fischstäbchen (Alaska-Seelachs) paniert, tiefgefroren	Fish fingers (Alaska pollock) breaded, deep-frozen	761	181	8.21	1.18	14.36	0.96	12.1	0.625
D4A8800	Zitronenkuchen vegan (Rührmasse)	Lemon cake vegan (cake batter)	1538	366	13.8	1.04	54.9	28.8	4.36	0.432
X651823	Tiroler Geröstel gebraten	Fried grated potatoes "Tyrolese"	897	216	14.56	1.84	9.73	1.27	10.73	0.275
X468453	Westfälischer Bohnen-Eintopf (mit weißen und grünen Bohnen, Kartoffeln, Speck, Kernobst)	Westphalian bean stew (with haricot and green beans, potatoes, bacon, pome fruit)	408	98	3	1.043	10.1	1.89	5.29	0.5
H014900	Sojawürstchen	Soya bean small sausage	829	200	16.4	1.7	0.6	0.6	12.5	1.345
C354132	Reismischung mit Wildreis, gekocht	Rice mix with wild rice, boiled	565	133	0.796	0.139	27.25	0.27	3.552	0.003
Y856550	Buttermilchgelee mit Erdbeeren	Buttermilk jelly with strawberries	288	68	0.5	0.22	11.83	11.81	3.1	0.055
W851000	Schweinefleischsülze	Jellied pork	479	113	2.1	0.6	0.06	0.06	23.5	1.57
U171942	Rind Bratenfleisch (Bug) mariniert, geschmort ohne Fett	Beef meat for roasting (shoulder) marinated, braised without fat	839	200	10.6	3.19	0.7	0.7	25.27	1.358
Y616133	Sardinen mit Spinatfüllung gebacken	Sardines with spinach filling baked	757	181	11.1	2.6	2	0.2	18	0.728
Y235122	Kalbskotelett gedünstet	Veal chop stewed	710	170	8.9	2.05	0.7	0.4	21.5	0.695
Y837312	Nektarinenkompott	Nectarine compote	298	70	0.1	0.002	15.7	15.1	0.63	0.005
V351262	Wachtel Fleisch, ohne Haut, tiefgefroren, gebraten ohne Fett (Ofen)	Quail meat, without skin, deep-frozen, fried without fat (oven)	752	178	4.53	1.3	0	0	34.4	0.162
Y834143	Nusspudding	Nut pudding	1490	357	21.38	7.88	32	20.54	8.1	0.395
Y910030	Pommes frites mit Ketchup	Potato chips with ketchup	906	216	8.96	0.68	29.47	4.66	3.05	1.109
D735200	Orangentäschchen (Mürbeteig)	Small orange turnovers (shortcrust pastry)	2108	504	25.5	7.57	59	30.3	7.8	0.26
M831100	Speisequarkzubereitung < 10 % Fett i. Tr., mit Fruchtzubereitung, gesüßt	Quark preparation < 10 % fat in dry matter, with fruit preparation, sweetened	422	99	0.15	0.072	16.87	15.14	6.98	0.088
D208700	Apfel-Quarktorte (ohne Boden)	Apple cheese torte (without cake base)	740	176	6.4	3.6	21	16.1	7.7	0.152
D302200	Baiser-Schokosahnetorte (Mürbeteig)	Meringue chocolate cream torte (shortcrust pastry)	1638	393	23.79	13.39	38.8	32	4.7	0.122
T936100	Garnele paniert, tiefgefroren	Common shrimp breaded, deep-frozen	1159	277	15.44	2.1	21.22	1.14	12.61	1.098
D401100	Kartoffelkuchen (Rührmasse)	Potato cake (cake batter)	1522	364	18.21	11.02	44.1	23.787	5.02	0.318
D7B7000	Nuss-Spritzgebäck (Rührmasse) schokoliert	Nut spritz biscuits (cake batter) with chocolate icing	2319	558	39.74	19.37	40.2	22.3	7.6	0.142
X205440	Tomaten-Paprikasalat mit Essigmarinade	Tomato-sweet pepper salad with vinegar marinade	406	98	8.63	0.64	3.17	3.16	0.76	0.168
X4A8110	Weiße-Bohnen-Eintopf	Haricot bean stew	295	70	1.5	0.1	9	1.7	3.3	0.395
X445643	Spinatsamtsuppe	Velvety spinach soup	380	92	9	3.7	1.47	1.43	1.05	0.52
N220000	Fruchtsaftgetränk Kirsche	Fruit juice beverage cherry	196	46	0	0.012	11.072	11.018	0.086	0.008
Y171113	Rinderherz gedünstet, mit Sauce	Beef heart, stewed, with sauce	779	187	12.5	4	1	1	17.3	1
D540300	Kirschstrudel (Strudelteig)	Cherry strudel (strudel dough)	1016	242	9.63	3.61	34.3	19.77	3.34	0.09
T797182	Venusmuschel gekocht, gebraten ohne Fett (Pfanne)	Venus clam boiled, fried without fat (pan)	334	79	1.35	0.27	2	0	14.7	0.835
X358453	Grundsauce hell/weiß mit Sahne	Basic sauce white with cream	651	158	15.2	8.4	3.66	1.66	1.42	0.67
W255700	Stuttgarter Leberkäse	Stuttgart Leberkaese sausage	1222	295	25.03	9.07	0.22	0	17.13	2
X981252	Tiroler Speckknödel	Tyrolean bacon dumplings	844	201	9	4.342	21.51	2.92	7.6	1.2
Y824043	Semmelauflauf	Wheat roll casserole	1258	300	14.5	6.6	32.5	14.3	8.6	0.8
Y845242	Apfelküchlein (Apfelringe im Milchbackteig) gebraten	Apple doughnuts fried	812	194	9.7	1.32	22	9.84	3.5	0.06
W364500	Schinkenpresskopf	Ham brawn	804	193	11.75	4.31	0	0	21.68	2
G090600	Gemüsesaft aus Gemüsemischung	Mixed vegetables juice	84	20	0.2	0.03	3.2	3.2	0.838	0.56
F010600	Mehrfruchtsaft	Multi-fruit juice	205	48	0.1	0.014	10.73	10.15	0.4	0.006
W255600	Frühstücksfleisch	Luncheon meat	1191	288	25.4	5.85	0.08	0	14.7	2
Y067643	Gänseleberpastete in der Kastenform gegart	Goose liver pate (cooked in a loaf tin)	808	194	12.24	4.4	1.209	0.161	19.7	2.2
X5A7020	Kürbisrösti gebacken	Pumpkin rösti baked	768	185	13.27	1.47	9.74	3.45	5.18	0.572
T824900	Lachs in Tomatensauce, Konserve	Salmon in tomato sauce, canned	611	146	8.1	1.61	5.6	4.5	12.3	0.748
X573712	Pastinaken gekocht, gebraten (mit Fett und Salz)	Parsnip boiled, fried (with fat and salt)	320	76	2.35	0.18	9.8	3.09	2.63	0.375
Y272112	Kalbshirn gebraten mit Ei	Veal brain fried with egg	575	138	9.81	1.99	0.4	0.38	11.83	0.942
D623100	Sandwaffeln (Rührmasse)	Waffles (sand cake batter)	2155	517	32.9	19.6	44.9	19.568	9.25	0.282
W133000	Schlackwurst	Schlackwurst sausage	1339	323	25.39	9.68	0	0	23.51	3.8
X3A7010	Pesto rosso	Pesto rosso	2051	495	39.2	5.5	19.3	19.3	10.2	0.355
W982900	Pariser Pastete mit Mürbeteig, gebacken	Parisian pate with shortcrust pastry, baked	1255	302	21.97	8.92	7.7	0.435	18.07	2.8
D9A2300	Käsekuchen (Vollkornhefeteig)	Wholemeal cheesecake (yeast dough)	972	232	10.1	5.3	24	12.9	9.7	0.15
D9A2200	Apfel-Streuselkuchen (Vollkornhefeteig)	Wholemeal apple crumble cake (yeast dough)	738	176	5.88	3.037	25	10.7	3.6	0.052
X912233	Pizza quattro formaggi (mit Käse)	Pizza quattro formaggi (with cheese)	1476	354	20.55	8.3	26	0.1	14.72	0.995
U010142	Rind Hackfleisch, geschmort ohne Fett	Beef mince, braised without fat	1235	297	20.488	9.244	0	0	28.056	0.135
G850100	Gemüsecremesuppe Instantpulver	Cream of vegetable soup instant powder	1424	337	3.4	0.7	63.77	38.94	8.09	9.792
X5A2000	Champignons gedünstet in Essig, eingelegt in Rapsöl	Button mushrooms stewed in vinegar, pickled in rapeseed oil	656	159	13.66	1.03	4.2	1.3	3.92	0.645
R115000	Gewürzsalz/Kräutersalz	Seasoned salt/herb salt	157	37	0.5	0.11	3.3	3.3	3	81.145
T822100	Heringsfilet in Dillcreme, Konserve	Herring fillet in dill cream, canned	638	153	10.23	1.88	4.521	2.986	10.5	0.998
X2A1120	Rote-Bete-Salat (roh) mit Essigmarinade	Beetroot salad (raw) with vinegar marinade	515	124	9.99	0.73	5.6	5.56	1.58	0.288
X539053	Wirsing gekocht, mit Grundsauce hell/weiß	Savoy cabbage boiled, with white basic sauce	165	40	1.5	0.8	3.6	2.4	1.97	0.425
X295460	Nizza-Salat mit Thunfisch und Sardellen	Nicoise salad with tuna and anchovies	403	97	6.8	0.9	1.5	1.5	6.69	1.038
X379343	Rumsauce von Vanillesauce	Rum sauce from vanilla sauce	517	123	4.39	2.29	14.44	10.8	3.8	0.082
W278400	Schwedische Leberpastete mit Sardellen	Swedish liver pate with anchovies	1101	266	23.2	9	1.3	1.3	12.74	1.8
W231700	Kalbfleischwurst mit Schweinefleisch	Veal bologna with pork	1046	253	23.72	9.19	0.08	0	9.82	2.065
D9A5100	Vollkorn-Marmorkuchen (Rührmasse)	Wholemeal marble cake (cake batter)	1687	404	22.6	8.13	39.9	21.88	8.05	0.5
Y162113	Rheinischer Sauerbraten vom Rind, mit Sauce	Rhenish "Sauerbraten" marinated beef roast, with sauce	664	158	6.6	2.4	6.1	4.5	16	0.42
X425553	Zwiebelsuppe klar, mit Fleischbrühe	Onion soup clear, with meat stock	111	27	1.1	0.1	3.1	3.1	0.68	0.388
D652400	Nürnberger Lebkuchen	Nuremberg gingerbread	1717	409	15.5	1.67	54.8	32.9	10.55	0.125
Y860643	Grießflammeri/Grießpudding, mit Ei	Semolina pudding with egg	498	119	4.61	2.12	13.94	8.08	5.1	0.14
Y610232	Heringsfilet paniert, gebraten	Herring fillet breaded, fried	955	229	14.7	2.63	7.35	0.4	16.4	0.618
Y826043	Apfelauflauf	Apple casserole	832	199	8.9	4.5	24.8	18.6	3.7	0.09
X5B1150	Gemüse-Kartoffel-Getreide-Brei, mit Karotte und Haferflocken (ohne Salz, geeignet für Beikost)	Vegetable-potato-cereal purree, with carrot and oat flakes (without salt, suitable as baby food)	409	98	4.74	0.41	11.2	5.086	1.357	0.03
Y840353	Apfelkompott mit Weißwein	Apple compote with white wine	256	61	0.3	0.124	12.2	11.49	0.301	0.005
X5B1010	Gemüse-Kartoffel-Fleisch-Brei, mit Karotte und Hühnerfleisch (ohne Salz, geeignet für Beikost)	Vegetable-potato-poultry purree, with carrots and chicken (without salt, suitable as baby food)	456	110	6.986	1.16	7.576	3.819	3.142	0.05
X981662	Böhmische Knödel	Bohemian dumplings	960	229	9.03	1.52	27.65	1.94	8.19	1.245
Y8A3030	Backobstkompott gebunden mit Stärke	Dried fruit compote thickened with starch	824	194	0.2	0.039	42.9	39.6	1.42	0.045
D711100	Orangenbiskuitplätzchen	Orange sponge biscuits	1371	323	2.22	0.58	69.9	43.6	5.24	0.13
Y851143	Fruchtsulze (mit Weißwein)	Fruit aspic (with white wine)	269	64	2.3	1.19	5.88	5.88	2.5	0.018
Y278023	Kalbsbries gekocht, mit Grundsauce hell/weiß	Veal sweetbread boiled, with white basic sauce	331	79	4	2.3	2.09	0.39	8.48	0.638
E470000	Eier-Frischteigwaren Ravioli (Gemüsefüllung) roh	Fresh egg pasta Ravioli (vegetable filling) raw	1015	240	3.44	0.5	42.4	1.34	8.23	1.15
S210300	Speiseeis (Karamell, Vanille) gemischt, in Waffeltüte	Ice cream mixed (caramel, vanilla) in waffle cone	863	206	10.03	5.83	24.9	19.7	3.6	0.092
W237082	Fleischkäse fettreduziert, gebraten ohne Fett (Pfanne)	Fleischkaese sausage reduced-fat, fried without fat, (pan)	615	147	7.56	2.87	0.18	0	19.47	2.2
T860100	Sardellenpaste	Anchovy paste	1264	305	26.3	5.6	0	0	17.109	13.615
W380400	Erbswurst	Sausage made with pea flour	898	216	14.1	5.22	10.8	1	9.8	1.8
M8A1200	Frischkäsezubereitung mind. 10 % Fett i. Tr., mit Fruchtzubereitung, gesüßt, angereichert mit Vitamin D und Calcium	Cream cheese preparation min. 10 % fat in dry matter, with fruit preparation, sweetened, fortified with vitamin D and Calcium	417	99	2.5	1.33	10.8	10.7	7.7	0.07
H923900	Soja-Bolognese Konserve	Soya Bolognese, canned	224	53	1.8	0.3	5	4.1	2.7	0.968
W215000	Knackwurst/Servela/Würstchen	Knackwurst/Servela sausage, small	1075	260	23.5	6.6	0.08	0	12	2
Y879812	Ananasringe im Milchbackteig gebraten	Pineapple rings in frying batter (with milk) fried	805	192	9.8	1.28	21.2	9.2	3.7	0.07
D301000	Marzipan-Walnuss-Sahnetorte (Biskuit und Mürbeteig)	Marzipan walnut torte (sponge cake and shortcrust pastry)	1593	384	29.7	10.7	20.1	13.821	8.1	0.095
Y855053	Rote Grütze	Red fruit jelly	353	84	0.3	0.034	16.8	12.6	1.1	0.005
X451343	Pariser Käsecremesuppe (mit Schmelzkäse)	Creamy cheese soup "Paris" (with processed cheese)	346	83	6.3	4.2	3.7	1.72	2.74	1.138
W872800	Frühstücksfleisch Konserve	Luncheon meat canned	820	198	15.68	5.85	0.08	0	14.01	2
R9A5000	Aprikosenglasur/Aprikotur, für Gebäck/Torten	Apricot icing for pastry/tortes	831	196	0.1	0.013	47.7	47.7	0.2	0.008
R963000	Brotaufstrich Ei-Kräuter	Egg-herb spread	1051	254	21.86	2.9	4.5	2.53	9.5	1.732
C512800	Müslimischung mit Schokolade, glutenfrei, gesüßt	Muesli mix with chocolate, gluten-free, sweetenend	1740	414	14.7	7.6	60.5	24.6	7.1	0.85
X132460	Broccolisalat (gegart) mit Essigmarinade	Broccoli salad (cooked) with vinegar marinade	515	125	11.19	0.85	2	1.28	2.5	0.218
X0A4020	Haferflocken ungesüßt mit Joghurt 3,5 % Fett und Fruchtmischung	Oat flakes unsweetened, with yogurt 3.5 % fat and mixed fruit	468	111	3.3	1.65	13.9	5.03	4.78	0.062
T832900	Miesmuschel in Tomatensauce Konserve	Common mussel in tomato sauce, canned	427	102	5.4	0.73	5.6	5.5	6.9	0.962
D4A1000	Apfelstrudel (Blätterteig)	Apple strudel (puff pastry)	1319	317	21.2	13.2	26.7	8.3	3.3	0.142
G950900	Vegetarisches Gulasch, Konserve	Vegetarian goulash, canned	557	133	6.4	2.21	8	4.3	9.5	0.978
X365543	Aprikosensauce von getrockneten Früchten	Apricot sauce from dried fruit	309	73	0.1	0.004	15.68	13.4	0.6	0.008
Y846312	Pfirsichkompott mit Süßstoff	Peach compote with artificial sweetener	147	35	0.097	0.009	7.14	6.22	0.6	0.012
W320000	Braunschweiger grobe Leberwurst	Braunschweiger coarse liver sausage	1520	367	33.2	13.03	0.59	0.23	16.5	2.025
X369343	Weinschaumsauce/Weinchaudeau	Creamy wine sauce/Wine chadeau	547	130	3	0.82	18.58	18.58	3.7	0.12
X503053	Zucchinibratlinge mit Käse gebraten	Courgette patties with cheese fried	917	221	14.57	3	13	1.8	7.8	0.395
X417113	Gemüse-Eintopf mit Wurst	Vegetable stew with sausage	419	101	6.6	2	6	1.9	3.45	0.735
G090152	Gemüsemischung Kaisergemüse, gedünstet	Mixed vegetables (carrots, cauliflower and broccoli florets) stewed	169	40	0.469	0.093	5.1	3.61	2.537	0.055
C512000	Müsli Basismischung (ohne Trockenfrüchte) ungesüßt	Muesli basic mix (without dried fruit) unsweetened	1577	376	12.332	1.8	45.6	1.052	14.772	0.025
C522200	Getreideflakes gesüßt, mit Trockenfrüchten	Cereal flakes sweetened, with dried fruit	1464	346	1.6	0.27	70.3	13.1	8.9	0.592
X4A4000	Broccolicremesuppe mit Joghurt und Mandelblättchen	Cream of broccoli soup with yogurt and almond flakes	128	31	1.6	0.3	1.5	1.11	1.9	0.472
T710182	Edelkrebs/Flusskrebs, gekocht, gebraten ohne Fett (Pfanne)	Crayfish boiled, fried without fat (pan)	303	72	0.716	0.103	0	0	16.29	0.695
M2L7300	Joghurt mind. 3,5 % Fett, mit Frucht-Getreidezubereitung, gesüßt	Yogurt min. 3.5 % fat, with fruit-cereal preparation, sweetened	419	100	3.3	1.9	12.8	10.9	3.7	0.085
W275100	Herzwurst	Heart sausage	674	162	11.34	4.03	0.25	0.18	14.65	2
F503700	Bananennektar	Banana nectar	221	52	0.1	0.015	12.38	11.93	0.297	0.005
F021600	Roter Mehrfruchtsaft angereichert mit Vitaminen (Roter Multivitaminsaft)	Red multi-fruit juice fortified with vitamins (red multivitamin juice)	211	50	0.3	0.035	9.9	9.2	0.7	0.008
X354040	Caesar-Dressing	Caesar dressing	1981	481	50.11	10.59	1	1	5.5	1.022
D431100	Marmorkuchen (Rührmasse)	Marble cake (cake batter)	1690	404	19.79	10.86	46.6	19.84	8.39	0.492
X9A1020	Getreidebratlinge gebraten	Cereal patties fried	908	218	11.7	1.2	19	1	7.1	0.44
X0A5000	Müsli Bircher-Benner Art, ungesüßt, mit Äpfeln, Rosinen, Sahne und Nüssen	Muesli Bircher-Benner style, unsweetened, with apples, raisins, cream and nuts	479	114	4.7	1.4	14.6	11.3	1.8	0.01
X1A1010	Broccolisalat (gegart) mit Joghurtmarinade	Broccoli salad (cooked) with yogurt marinade	214	51	2.68	0.64	2.4	1.85	3.01	0.222
U010200	Rind Hackfleisch, tiefgefroren	Beef mince, deep-frozen	931	224	16.39	7.395	0	0	19.102	0.145
U931600	Rinderroulade Konserve	Beef olive (ready-made meal) canned	735	176	10.99	4.29	0.54	0.52	18.69	1
X060160	Baguette-Brötchen mit Tomate-Mozzarella	Baguette roll with tomato-mozzarella	835	200	10.41	6.79	16	1.5	9.5	0.762
X523053	Mangold gedünstet, in Grundsauce hell/weiß	Chard stewed, in white basic sauce	112	27	1.3	0.7	1.54	0.66	1.55	0.608
D9A3200	Apfelkuchen gedeckt (Vollkornmürbeteig)	Wholemeal apple pie (shortcrust pastry)	998	239	12	4.3	27	14.7	3.6	0.105
W348000	Blutpresssack	Blood brawn	1072	258	20.43	7.72	0.38	0.24	18.17	2
Y3A2000	Schweinesteak gebraten, mit Karotten und Erbsen gedünstet	Pork steak fried, with carrots and peas stewed	543	130	5.7	1.3	3.43	1.688	15.3	0.348
D540100	Wiener Apfelstrudel (Strudelteig)	Viennese apple strudel (strudel dough)	1109	265	11.6	4.6	34.5	18.2	3.7	0.112
D288200	Apfeltorte gedeckt (Mürbeteig)	Covered apple torte (shortcrust pastry)	922	220	8.9	4.6	30.3	17.9	3.2	0.04
R9A3200	Nussfüllung für Gebäck/Torten	Nut filling for pastry/tortes	2026	488	35.7	6.59	30.3	19.94	9.24	0.345
Y302213	Kasseler im Blätterteig gebacken	Pork loin chop cured, baked in puff pastry	930	223	12.25	4.81	8.95	0.057	18.8	2.228
X562463	Karotten-/Möhrenpüree	Carrots puree	134	32	0.7	0.3	4.5	4.4	0.78	0.48
W261000	Schweinskäse weiß	White Fleischkaese sausage made from pork	990	238	18.28	6.43	0.1	0	18.31	2.039
S242700	Speiseeis (Karamell, Vanille) gemischt	Ice cream mixed (caramel, vanilla)	791	189	9.47	5.78	22.4	19.92	3.2	0.098
E606232	Semmelknödel getrocknet, gekocht	White bread dumplings dried, boiled	632	150	4.14	1.84	20.64	2.3	6.87	0.722
T501262	Karpfen tiefgefroren, gebraten ohne Fett (Ofen)	Carp deep-frozen, fried without fat (oven)	629	150	6.24	1.631	0	0	23.425	0.088
W006000	Brätblock hell, zur Rouladenherstellung	Sausage meat light, for roulade sausage	695	167	12.84	4.65	0.08	0	12.83	1.8
T840000	Hering in Gelee (Kochfischware)	Herring boiled, in jelly	698	168	12.6	1.186	0	0	12.7	2.092
Y790160	Kräuterbutter	Herb butter	2541	618	67.3	43.075	0.9	0.9	1.3	0.23
X351140	Zitronenmarinade für Salat	Lemon marinade for salad	1666	405	44	3.2	0.75	0.72	0.18	0.735
W216100	Frankfurter Rindswurst/Rote Wurst	Frankfurt beef sausage/red sausage	925	223	19.738	8.527	0	0	11.439	2
X095540	Frischkornbrei gesüßt, mit Joghurt 3,5 % Fett und Fruchtmischung	Fresh-grain porridge sweetened, with yogurt 3.5 % fat and mixed fruit	417	99	1.8	0.87	15.6	5.52	3.33	0.038
X5A9010	Kohlrabi gekocht, vegetarisch gefüllt mit Frischkäse und Erbsen	Kohlrabi boiled, vegetarian filled with cream cheese and peas	304	73	4.5	2.3	4.9	2.8	2.3	0.618
X238060	Weißkrautsalat (roh) mit Speck-Essigmarinade	White cabbage salad (raw) with bacon-vinegar marinade	536	130	11.72	0.87	3.41	3.3	1.03	0.462
W275300	Zungenblutwurst fettreduziert	Pork tongue sausage reduced-fat	643	154	8.7	2.851	0.76	0.64	18.08	1.2
E901000	Teigwaren eifrei, Ravioli (Fleischfüllung) in Tomatensoße, Konserve	Pasta egg-free, Ravioli (meat filling) in tomato sauce, canned	425	101	2.2	0.5	15.9	4.7	3.3	0.855
G940100	Gemüseaufstrich, Brotaufstrich pflanzlich	Vegetable spread	823	199	16.8	1.8	10	6	0.8	1.48
Y231432	Kalbsschnitzel mit Kochschinken und Käse übergrillt	Veal schnitzel grilled with boiled ham and cheese	861	205	8.18	4.5	0.78	0.76	31.5	1.148
U461232	Kalb Bug/Schulter, tiefgefroren, gekocht	Veal shoulder, deep-frozen, boiled	503	119	1.082	0.453	0	0	27.257	0.202
B314172	Weizentoastbrot mit Roggen, getoastet	Wheat toast with rye, toasted	1347	319	4.09	1.39	58	1.9	10.22	1.51
D470100	Käsekuchen/Quarkkuchen (Quark-Öl-Teig)	Cheesecake (quark oil dough)	1060	253	11.9	4.7	26.3	14.7	9.2	0.24
Y9A2000	Aprikoseneis	Apricot ice cream	724	173	7.5	3.935	23.897	23.525	1.4	0.045
X651642	Speckkartoffeln gedünstet	Potatoes stewed with bacon	287	68	1.1	0.4	12.018	0.625	2.04	0.5
W882100	Hausmacher Sülze/Schweinskopfsülze, Konserve	Homemade jellied brawn canned	915	220	17.2	6.18	0.08	0	16.3	1.8
D751100	Hobelspäne/Räderkuchen (Rührmasse) frittiert	"Hobelspäne" pastry (cake batter) deep-fried	1488	355	16.1	8	44.2	10.51	7.09	0.51
X3A7000	Mandelpesto	Almond pesto	1720	416	38.56	4.67	4	1.5	11.33	0.555
Y631122	Schollenfilet mehliert, gebraten	Plaice fillet floured, fried	398	94	1.5	0.18	2.73	0.367	16.6	0.475
X357312	Cocktail-Dressing	Cocktail dressing	1744	423	42.95	5.58	6.58	6.49	1.7	1.11
Y7A1000	Souffle mit Räucherforelle	Souffle with smoked trout	1191	288	24.4	10.28	6.62	1.98	9.7	0.962
Y163213	Boeuf a la mode mit Sauce (marinierter Schmorbraten)	Boeuf a la mode with sauce	460	111	6.3	1.9	1.8	1.8	8.1	0.435
U211262	Rind Filet/Lende, tiefgefroren, gebraten ohne Fett (Ofen)	Beef fillet (tenderloin) deep-frozen, fried without fat (oven)	573	136	3.951	1.781	0	0	25.126	0.105
G210252	Spinat tiefgefroren, gedünstet	Spinach deep-frozen, stewed	100	24	0.376	0.039	1.16	0.93	2.754	0.158
X081743	Toast mit Ananas, Kochschinken und Käse ("Toast Hawaii") gebacken	Toast Hawaii (pineapple, boiled ham, cheese) baked	860	206	10.4	6.78	13.2	7	13.47	1.322
G470262	Porree/Lauch, tiefgefroren, gebacken	Leek deep-frozen, baked	159	38	0.327	0.057	6	5	1.1	0.002
Y036410	Frikadellen aus Putenfleisch gebraten	Meatballs of turkey fried	831	198	7.74	1.33	4.99	0.84	26.7	0.785
W384300	Weiße Graupenwurst	White sausage with pearl barley	586	140	6.53	2.5	12.8	0.42	7	1.66
Q902000	Schmalz/Schmelz, Basis Pflanzenfett, vegan	Plant-based lard substitute, vegetable fat based, vegan	3363	817	87.127	38.8	6.35	6.31	1.01	1.55
X2A2020	Feldsalat mit Joghurtmarinade	Lamb's lettuce with yogurt marinade	224	54	3.48	0.81	2	2	2.36	0.282
X543063	Fenchelgemüse gedünstet	Fennel stewed	150	36	1.5	0.1	2.93	2.6	1.19	0.295
D1A1100	Apfelkuchen mit Puddingcreme (Hefeteig)	Apple cake with pudding (yeast dough)	747	177	5.2	3	26.8	12.7	4.6	0.08
Y860463	Karamellcreme einfach, gestürzt	Caramel pudding simple	691	164	3.97	1.88	27.78	23.57	4.2	0.118
S623700	Trüffel-Pralinen (alkoholhaltig)	Truffle pralines (alcoholic)	2160	519	33.94	20.3	44.6	43.4	5.77	0.145
S622800	Pralinen gefüllt mit Gewürzcreme	Pralines filled with spice cream	2399	576	38.64	18.41	50.2	49.8	5.78	0.13
M8A1300	Frischkäsezubereitung mind. 20 % Fett i. Tr., mit Fruchtzubereitung, gesüßt, angereichert mit Calcium	Cream cheese preparation min. 20 % fat in dry matter, with fruit preparation, sweetened, fortified with Calcium	456	108	3.82	2.17	13.01	12	4.87	0.062
X1A5000	Eiersalat mit Tomaten und Essigmarinade	Egg salad with tomatoes and vinegar marinade	575	139	11.28	1.7	1.56	1.55	7.02	0.51
S622500	Nuss-Pralinen (alkoholhaltig)	Nut pralines (alcoholic)	1835	439	20.61	7.42	51.5	51.012	5.16	0.085
W256000	Leberkäse fettreduziert	Leberkaese sausage reduced-fat	749	180	11.83	4.46	0.21	0	18.07	2.2
D2A1000	Himbeertörtchen (Mürbeteig) mit Sahne und Mandelblättchen	Raspberry tartlet (shortcrust pastry) with whipped cream and almond flakes	1176	282	16	8.56	27.6	12.9	4.4	0.05
X8A1080	Spargelrisotto	Asparagus risotto	459	109	2.7	0.3	18	2.05	2.57	0.285
W256200	Fleischkäse grob	Fleischkaese sausage coarsely minced	926	223	16.27	5.9	0.1	0	18.96	2
W181000	Rohpolnische Würstchen/Polnische Bratwurst	Polish Bratwurst sausage raw, small, firm	1736	419	37.2	14.1	0.12	0	20.99	3.8
D9A5300	Vollkorn-Schoko-Mandelkuchen (Rührmasse)	Wholemeal chocolate almond cake (cake batter)	1791	429	24.8	9.12	40.8	24.397	8.2	0.405
W318300	Straßburger Gänseleberwurst mit Schweinefleisch	Strasbourg goose liver sausage with pork	702	169	11.58	4.7	1.1	0.3	14.9	1.8
D313400	Schokosahnetorte (Schoko-Wasserbiskuit)	Chocolate cream torte (chocolate water sponge cake)	1298	312	21.3	11.38	24.4	19.5	4.8	0.125
S210900	Speiseeis Schokolade, in Waffeltüte	Chocolate ice cream, in waffle cone	1044	249	11.17	4.9	31.6	23.3	4.12	0.085
S623000	Nuss-Pralinen	Nut pralines	2505	603	45.7	16.9	38	37.1	7.7	0.1
X1A8000	Fischmayonnaise mit Kabeljau	Fish-mayonnaise with cod	595	143	10.3	0.99	0.27	0.27	11.9	0.748
Y851363	Fruchtgrütze	Fruit jelly	465	110	0.2	0.025	23.5	18.6	0.9	0.005
X552043	Gurken gedünstet	Cucumbers stewed	277	67	5.3	0.7	2.6	2.6	1.39	0.3
W218000	Regensburger Knacker/Regensburger Würstchen	Regensburg sausage small	1049	253	21.5	4.6	0.09	0.01	14.8	2.2
S820000	Energieriegel gefüllt mit Nusscreme	Energy bar with hazelnut cream	1875	449	21.7	4.8	47	15.6	10.6	0.798
X981162	Serviettenknödel	White bread dumpling roll poached	717	170	5.05	1.42	22.26	2.47	8.23	1.112
X445813	Avocadocremesuppe	Cream of avocado soup	220	53	4.4	1.1	1.4	1.4	1.1	0.41
D705200	Aprikosen im Ausbackteig frittiert	Apricots in frying batter deep-fried	843	202	12.1	4.2	18	6.05	3.9	0.072
X640063	Kartoffelauflauf/Kartoffelring	Potato casserole	740	177	11.387	5.78	11.057	0.649	7.1	0.6
X454943	Gerstensuppe nach Bündner Art mit Speck, geräuchertem Rind- und Schweinefleisch	Barley soup "Bündner" style with bacon, smoked beef and pork	441	106	7.4	3	5	0.9	4.43	1.2
Y881812	Quarkkeulchen (mit Kartoffeln) gebraten	Small quark pancakes (with potatoes) fried	1083	259	12.2	1.1	29.4	15	6.6	0.3
D9A5000	Vollkornhaselnusskuchen (Rührmasse)	Wholemeal hazelnut cake (cake batter)	1809	434	27	7.76	37	20.463	8.53	0.4
X444563	Gurkencremesuppe	Cream of cucumber soup	189	46	3.3	1.5	2.8	1.4	0.88	0.412
D463700	Marzipanstollen (Hefeteig)	Marzipan stollen (yeast dough)	1728	413	18.4	8.2	51	27.7	7.1	0.058
G992182	Gemüsemischung Erbsen-Karotten, gebraten ohne Fett (Pfanne)	Mixed vegetables peas and carrots, fried without fat (pan)	404	96	0.657	0.143	14.012	5.727	5.1	0.045
W171100	Knoblauchwurst roh	Garlic sausage raw	1443	348	28.48	10.79	0	0	22.84	3.8
X921063	Blätterteigtaschen gefüllt mit Spinat, Schafskäse und Pinienkernen, gebacken	Puff pastry pockets filled with spinach, sheep's milk cheese and pine nuts, baked	1400	338	26.9	10.54	14.7	0.9	7.9	0.985
W384100	Schwarze Graupenwürstchen	Small blood sausage with pearl barley	729	174	8.79	2.9	14.7	0.5	8.51	1.5
Y837643	Frankfurter Pudding	Frankfurt pudding	551	131	4.595	1.77	17.9	12.1	3	0.19
W327000	Leberwurst einfach	Liver sausage simple	979	236	18.08	7.38	0.62	0.28	17.59	2
T720282	Languste tiefgefroren, gebraten ohne Fett (Pfanne)	Spiny lobster/rock lobster/crawfish, deep-frozen, fried without fat (pan)	408	96	1.41	0.167	0	0	20.949	0.495
X1A3010	Salat aus Eierteigwaren dänische Art, mit Mayonnaise, gestreckt mit Joghurt	Salad of egg pasta Danish style, with mayonnaise, diluted with yogurt	668	160	9.14	1.1	11.9	2.74	6.4	0.638
X940212	Mehlpüfferchen gebraten	"Mehlpüfferchen" fried (small flour pancakes)	1193	284	10.5	1.6	38.7	12	7.3	0.452
Y171323	Rinderherzragout	Beef heart ragout	497	119	6.1	1.6	3.5	0.8	12.2	0.555
D4A8000	Ananas-Kranz gefüllt (Rührmasse)	Filled pineapple ring cake (cake batter)	1282	308	20	13.48	25.8	19.2	4.9	0.252
D753600	Mandel-Zitronen-Herzen (ohne Fett und Mehl)	Heart-shaped almond lemon biscuits (without fat and flour)	1960	469	23.7	2.79	50.1	50	11.3	0.088
X446653	Tomatensuppe mit Fleischbrühe	Tomato soup with meat stock	262	63	5.5	1.9	2.16	2.16	0.81	0.33
T710232	Edelkrebs/Flusskrebs, tiefgefroren, gekocht	Crayfish deep-frozen, boiled	258	61	0.58	0.083	0	0	13.889	0.662
Y261123	Kalbsrahmbraten mit Sauce	Veal roast with cream sauce	533	128	6.7	2.4	3	1.4	13.5	0.52
X641000	Herzoginkartoffeln gebacken	Duchesse potatoes baked	535	128	5.11	1.64	15	0.8	4.7	0.79
X573412	Okra gedünstet (mit Fett und Salz)	Okra stewed (with fat and salt)	305	74	5	0.3	2.8	2.79	1.87	0.252
Y311132	Schweinefilet mariniert, gegrillt, mit Orange	Pork fillet marinated, grilled, with orange	659	156	4.2	1.16	0.4	0.4	29.1	0.245
D740100	Mandel-Marzipan-Donuts (Hefeteig) frittiert	Almond-marzipan doughnuts (yeast dough) deep-fried	1810	432	18.8	7	54	17.7	10	0.328
D188400	Apfelkuchen gedeckt mit Mandelbelag (Mürbeteig)	Apple cake with bee sting cake topping (shortcrust pastry)	1040	248	12.1	5.91	29.91	18.5	3.67	0.038
Y8A4110	Schokoladenpudding, Flammeri, zubereitet aus Pulver und Sojadrink	Chocolate pudding made from powder with soya drink	359	85	1.2	0.2	14.8	9.269	2.92	0.13
S536000	Vollmilchschokolade mit Haselnüssen	Whole milk chocolate with hazelnuts	2400	577	40.43	18.27	43.4	42.83	8.12	0.152
F820000	Fruchtschnitte/Fruchtriegel	Fruit bar	1426	339	9.4	2.8	53.8	48.1	4.9	0.05
U532262	Schwein Kammsteak, tiefgefroren, gebraten ohne Fett (Ofen)	Pork steak (neck) deep-frozen, fried without fat (oven)	855	205	11.78	4.37	0	0	24.66	0.15
X346250	Mayonnaise, gestreckt mit Quark	Mayonnaise, diluted with quark	1620	393	39.38	3.27	2.04	2.04	6.9	0.678
X1A6010	Käsesalat mit Essigmarinade	Cheese salad with vinegar marinade	1212	292	23.64	12.39	0.62	0.62	18.7	0.488
W231800	Kalbfleischkäse mit Schweinefleisch	Veal fleischkaese sausage with pork	1509	365	34.78	13.54	0.11	0	12.95	2.075
G622600	Gemüsesaft aus Karotte/Möhre, mit Honig	Carrot juice, sweetened with honey	139	33	0.3	0.072	6.403	6.292	0.621	0.088
Y301322	Kasseler Kotelett paniert, gebraten	Pork loin chop cured, breaded, fried	946	226	10.36	1.66	8.78	0.51	23.96	2.905
Y692423	Fisch-Curry mit Seelachs und Erdnüssen	Fish curry with saithe and peanuts	507	121	6.9	1.4	2.3	2.2	12	0.47
W349000	Roter Presskopf	Red brawn	933	224	16.38	5.83	0.32	0.2	18.86	2
Y872340	Zitronencreme (mit Gelatine) mit Weißwein	Lemon cream (with gelatine) with white wine	819	197	13.6	6.6	12.52	12.52	3.2	0.05
D731200	Apple-Pie (Mürbeteig)	Apple pie (shortcrust pastry)	847	203	11.14	6.87	22.3	10.7	2.1	0.07
X9A3010	Blätterteigtaschen gefüllt mit Käse und Kochschinken, gebacken	Puff pastry pockets filled with cheese and boiled ham, baked	1510	363	25.8	11.8	15.6	0.8	16	1.65
D7A4000	Käsewindbeutel (Brandmasse) gefüllt mit Frischkäsezubereitung	Salty cheese puff (choux pastry) filled with cream cheese	895	215	15.87	9.79	9.8	2.3	7.7	0.388
X551463	Auberginen gefüllt mit Lammfleisch, Reis und Tomaten, überbacken	Aubergines filled with lamb, rice and tomatoes, gratinated	451	108	6.5	3.1	4.1	2.4	7.39	0.76
W981200	Schinkentorte mit Mürbeteig, gebacken	Ham pie with shortcrust pastry, baked	938	224	12.24	5.5	7.8	0.6	19.87	1.8
Y311522	Schweinefilet gedünstet	Pork fillet stewed	781	186	9.5	1.5	1.76	0.006	23.43	0.655
Y650732	Karpfen mariniert, gegrillt	Carp marinated, grilled	616	147	5.6	1.4	4.75	4.66	18.73	0.94
F212700	Sauerkirschnektar	Sour cherry nectar	220	52	0.172	0.038	11.693	11.306	0.348	0.005
S541000	Vollmilchschokolade mit Haselnüssen und Cornflakes	Whole milk chocolate with hazelnuts and cornflakes	2397	576	39	19.9	48.6	47	6.5	0.182
D302100	Makronentorte (Mürbeteig)	Macaroon torte (shortcrust pastry)	1893	452	22	9.15	54.6	32.8	7.4	0.088
U952000	Schwein Schnitzel, paniert, gebraten ohne Fett (Pfanne)	Pork meat, breaded, fried without fat (pan)	752	178	3.66	1.19	9.24	0.62	26.66	1.372
Y395222	Schweinerippchen gekocht	Pork spare ribs boiled	1547	372	28.34	10.145	0.813	0.813	28.52	2
X438163	Markklößchen	Small marrow dumplings	1577	379	26.05	11.775	25.41	2.3	9.57	1.03
Y616233	Sardinen in Weißwein, gebacken	Sardines in white wine, baked	530	127	8	1.2	2.4	2.4	10.22	0.448
T209232	Seehecht tiefgefroren, pochiert	Hake deep-frozen, poached	389	92	2.17	0.382	0	0	18.169	0.312
Y862253	Schokoladen-Grießflammeri/Schokoladen-Grießpudding	Chocolate- semolina pudding	535	127	4.38	2.29	16.7	9.13	5	0.138
V250262	Wildschwein Fleisch, tiefgefroren, gebraten ohne Fett (Ofen)	Wild boar meat, deep-frozen, fried without fat (oven)	798	191	10.054	3.511	0	0	25.034	0.27
K850500	Pilzcremesuppe Instantpulver	Cream of mushroom soup instant powder	1429	338	4.5	1.4	60	12	11.9	11.935
W381200	Westfälischer Panhas (Mehlblutwurst)	Blood sausage with buckwheat flour	1132	271	15.86	5.02	18.02	0.4	13.2	1.8
Y623612	Seelachsfilet gedünstet (mit Fett und Salz)	Saithe fillet stewed (with fat and salt)	513	122	5.7	0.84	0.06	0.06	17.511	0.69
G450252	Spargel tiefgefroren, gedünstet	Asparagus deep-frozen, stewed	151	36	0.197	0.035	5.02	4.8	2.475	0.007
Y642332	Forellenfilet natur, gebraten	Trout fillet fried	766	183	9.4	1.53	0.156	0.156	23.572	0.44
W329000	Kräuterleberwurst	Liver sausage with herbs	874	210	14.97	5.6	0.73	0.22	18	1.8
X740963	Teigwaren eifrei, mit Auberginen gedünstet mit Tomaten und Ricotta	Pasta egg-free, with aubergines stewed with tomatoes and ricotta	394	94	2.83	0.6	13	2.3	3.1	0.278
W117000	Mettwurst einfach	Mettwurst sausage simple, spreadable	1354	327	27.7	10.7	0.18	0	19.1	2.8
X634012	Kartoffelpüree mit Milch 3,5 % Fett	Potato puree with milk 3.5 % fat	369	88	2.98	1.883	12.43	1.74	2.35	0.295
R923000	Zitronensahne für Gebäck/Torten	Lemon cream for pastry/tortes	1202	290	23.7	12.595	15.6	15.6	2.9	0.07
X171242	Grüne-Bohnen-Salat (gegart) mit Essigmarinade	Green bean salad (cooked) with vinegar marinade	409	99	8.51	0.66	2.8	1.83	1.76	0.382
Y462113	Lammrücken gebraten im Ofen, mit Rosmarin und Sauce	Lamb loin fried in oven, with rosemary and sauce	758	181	8.4	1.7	2	0.27	23.7	0.69
X366143	Mandelsauce	Almond sauce	639	153	8.01	2.53	14.25	10.72	5.5	0.08
T204582	Dorsch/Kabeljau, paniert, gebraten ohne Fett (Pfanne)	Cod breaded fried without fat (pan)	910	217	8.28	0.9	18.34	0.98	16.6	1.598
S451000	Nuss-Nougat Rohmasse	Nut nougat raw paste	2179	522	30.4	6.9	53	52	7.623	0.085
X346150	Meerrettichmayonnaise	Horseradish mayonnaise	2458	597	63.52	5.18	2.58	1.92	2.7	1.032
X4B3010	Maultaschen (mit Schweinebrät), Suppeneinlage	Pork mince-filled pasta squares as soup garnish	499	119	5.39	1.29	11.89	0.74	5.2	0.5
V913200	Pastete von Hasenfleisch, gebacken	Pate made from rabbit, baked	914	219	12.07	5.6	7.9	0.07	19.27	1.8
M831500	Speisequarkzubereitung mind. 40 % Fett i. Tr., mit Fruchtzubereitung, gesüßt	Quark preparation min. 40 % fat in dry matter, with fruit preparation, sweetened	587	140	6.37	3.55	13.77	13.25	6.29	0.07
Y611012	Matjesfilet nach Hausfrauenart	Matjes herring fillet homemade	666	160	12.7	4.7	2.8	2.8	7.82	4.28
X5A6040	Spargelschinkenröllchen mit Käse überbacken	Asparagus-ham rolls with cheese gratinated	568	136	7.861	3.4	0.91	0.83	14.534	1.33
Y871363	Mousse au chocolat (Schokoladenschaum) mit Rum	Mousse au chocolat (chocolate mousse) with rum	1334	322	24.84	13.05	16.7	16.1	5.8	0.135
W202000	Geflügeljagdwurst mit Schweinefleisch	Geflügeljagdwurst sausage made from poultry and pork	473	113	6	1.88	0.14	0.05	14.54	2.2
X9A3090	Pirogge mit Sauerkrautfüllung, gebacken	Pirogue filled with sauerkraut, baked	945	225	8.81	4.16	27	2.65	6.2	0.942
R9A3400	Quarkfüllung für Gebäck/Torten	Quark filling for pastry/tortes	624	147	0.93	0.294	25	15.9	9.16	0.21
Y841843	Pfirsichkompott	Peach compote	245	58	0.092	0.008	12.96	12.1	0.6	0.002
E605200	Schupfnudeln schwäbisch, roh	Finger-shaped pasta Swabian style, raw	795	188	2.52	0.4	33.26	0.421	6.81	1.19
W880300	Trüffelleberwurst Konserve	Truffle liver sausage canned	1109	268	23.25	10.04	0.6	0.2	13.73	1.8
G570262	Zuckermais tiefgefroren, gebacken	Sweetcorn deep-frozen, baked	360	86	1.608	0.215	12.3	4.45	3.9	0.005
U733262	Schaf Filetsteak, tiefgefroren, gebraten ohne Fett (Ofen)	Sheep fillet steak, deep-frozen, fried without fat (oven)	616	146	3.21	1.46	0	0	29.26	0.141
H810100	Erdnuss geröstet, im Teigmantel	Peanut roasted, crispy coated	2121	509	30.5	7.2	40.7	6.7	15.3	1.72
Y9A1000	Chickenburger	Chicken burger	815	194	6.6	0.8	17.56	1.83	15.3	0.81
U051100	Rind/Schwein, Frikadelle, roh	Beef/pork, patty, raw	790	190	13.17	4.963	4	0.6	13.57	1.305
B551700	Weizenmischbrötchen mit Schinkenspeck	Wheat-rye roll (> 50 % and < 90 % wheat) with bacon	1225	290	2.75	0.86	54	1.7	9	1.5
X252810	Paprika-Gurken-Tomatensalat mit Essigmarinade	Sweet pepper-cucumber-tomato salad with vinegar marinade	349	84	7.23	0.54	2.89	2.88	0.83	0.142
T930800	Fischfrikadelle (Alaska-Seelachs) paniert, tiefgefroren	Fishcake (Alaska pollock) breaded, deep-frozen	542	128	1.7	0.2	17.9	0.4	9.7	1.058
D7B1000	Buttergebäck (Mürbeteig) mit Cremefüllung	Butter biscuits (shortcrust pastry) with cream filling	1839	440	22.88	13.83	51	20.04	6.3	0.148
B275500	Roggenmischbrot mit Zwiebeln	Rye-wheat bread (> 50 % and < 90 % rye) with onions	915	216	1.55	0.13	41	1.31	6.21	1.135
V486232	Pute Brust, ohne Haut, tiefgefroren, gekocht	Turkey breast, without skin, deep-frozen, boiled	442	104	0.619	0.225	0	0	24.648	0.052
Y184612	Rindfleisch geschmort (mit Fett und Salz)	Beef braised (with fat and salt)	611	146	7.7	2.1	2.5	1.4	16	0.632
X651543	Bratkartoffeln gesüßt	Fried potatoes sweetened	821	197	11.927	0.82	18.84	1.263	2.366	0.445
W342000	Hessische Landrotwurst	Hessian blood sausage	892	214	14.61	5.62	0.45	0.25	20.16	2
Y8D6000	Tiramisu fettreduziert, mit Likör	Tiramisu reduced-fat, with liqueur	922	219	6.6	3.18	30	21	7.9	0.208
X437363	Leberklößchen	Small liver dumplings	680	162	5.26	2.159	15.29	2.1	12.79	0.815
X8A1010	Reisflockenbrei ungesüßt, mit Wasser, Apfelsaft und Rapsöl	Rice flakes porridge unsweetened, with water, apple juice and rapeseed oil	537	127	3.422	0.26	21.7	1.64	2.069	0.01
X422253	Hühnerbrühe mit Eierteigwaren	Chicken stock with egg pasta	78	19	0.4	0.1	2.64	0.07	1	0.885
X461423	Lauch-Eintopf mit Pökelnacken und Kartoffeln	Leek stew with cured pork neck and potatoes	362	87	4.2	1	6	1.9	5.53	1.2
X3A6010	Kokos-Currysauce vegan	Curry sauce with coconut cream, vegan	789	191	18.3	14.6	2.4	2.4	2.3	0.278
X541263	Artischockenviertel gebraten mit Steinpilzen und Speck	Artichoke quarters fried with porcini mushrooms and bacon	505	122	7.4	1.8	2.97	2.2	6.34	1.2
X2A1070	Kohlrabisalat (roh) mit Apfel, Haselnuss und Joghurtmarinade	Kohlrabi salad (raw) with apple, hazelnut and yogurt marinade	387	93	5.99	0.86	5.7	5.32	2.71	0.182
X200350	Tomaten-Gurkensalat mit Joghurtmarinade	Tomato-cucumber salad with yogurt marinade	118	28	0.95	0.24	2.82	2.82	1.21	0.075
X453123	Eingestreute Reissuppe mit Fleischbrühe und Gemüse	Rice soup with meat stock and vegetables	99	24	0.4	0.1	3.4	0.9	1.11	0.6
X441653	Königinsuppe	"Königin" soup	255	61	3.9	2.2	2.81	0.65	3.5	0.748
Y633212	Seezungenfilet gebraten	Sole fillet fried	441	105	2.8	0.61	0.128	0.125	19.392	0.63
W309000	Thüringer Fleischrotwurst fettreduziert	Thuringian blood sausage reduced-fat	537	128	4.68	1.54	0.77	0.29	20.57	2
X562153	Karotten mit Erbsen und Bohnen gekocht, in Grundsauce hell/weiß	Carrots, peas and beans boiled, in white basic sauce	219	52	1.6	0.9	6.2	3	2	0.515
X382160	Frankfurter grüne Kräutersauce mit gekochtem Ei	Frankfurt green herb sauce with boiled egg	1008	244	22.7	2.6	0.97	0.97	7.9	1.125
U672272	Schwein Vordereisbein/Vorderhaxe, tiefgefroren, gegrillt	Pork foreshank (hock) deep-frozen, grilled	1068	256	15.16	4.803	0	0	29.82	0.305
Y1A1000	Gulasch (mit Rindfleisch)	Beef goulash	520	124	5.9	1.7	4.2	3.6	12.95	0.22
Y855643	Rhabarbergrütze	Rhubarb jelly	396	93	0.102	0.021	20.809	15.484	0.474	0.008
M821300	Dessert aus Joghurt mild, Frischkäse und Fruchtzubereitung, gesüßt	Dessert with yogurt mild, cream cheese and fruit preparation, sweetened	456	108	3.82	2.17	13	12	4.87	0.062
Y396213	Schweinebauch gefüllt, gebraten im Ofen	Pork belly filled, fried in oven	1442	348	27	8.4	9.9	9.4	14.78	0.612
X326153	Currysauce von heller/weißer Grundsauce	Curry sauce from white basic sauce	242	58	4.5	2.8	3.57	0.59	0.79	0.785
W171700	Kümmelwurst (Rohwurst)	Sausage with caraway seeds, raw	1396	336	27.04	10.2	0	0	23.23	3.8
W275000	Mortadella süddeutsch	Mortadella South German	714	172	13.3	4.71	0.15	0.07	12.86	2
M259000	Buttermilchdrink mit Fruchtzubereitung, gesüßt, angereichert mit Vitaminen	Buttermilk drink with fruit preparation, sweetened, fortified with vitamins	263	62	0.42	0.29	11.7	10.8	2.42	0.09
H960000	Hummus/Kichererbsenmus	Hummus/chickpea puree	1339	324	28.5	3.5	8	0.7	5.9	0.98
Y441133	Hammelgulasch	Mutton goulash	1051	254	23.3	8.4	4	1.5	6.6	0.708
X1A1070	Weißkrautsalat (gegart) mit rohem Mix aus Apfel-Karotte-Sellerie und Essigmarinade	White cabbage salad (cooked) with raw apple-carrot-celeriac mix and vinegar marinade	404	98	7.67	0.59	4.6	4.22	0.96	0.32
Y563212	Cordon bleu von der Pute gebraten	Turkey cordon bleu fried	959	229	11.85	3.47	8.32	0.67	21.9	0.682
X1A3020	Salat aus Eierteigwaren, würzig, mit Mayonnaise, gestreckt mit Joghurt	Salad of egg pasta, savoury, with mayonnaise, diluted with yogurt	586	141	9.17	0.91	11	2.89	2.6	0.5
F034600	Smoothie grün (Früchte/Gemüse)	Smoothie of green fruits and vegetables	195	46	0.3	0.07	8	6.6	1.3	0.028
X572153	Linsengemüse gekocht	Lentils boiled with mirepoix	281	67	0.4	0.05	9	0.9	4.707	0.135
D4A8700	Zitronenkuchen (Rührmasse)	Lemon cake (cake batter)	1830	437	20.3	12.3	58.2	38.9	4.51	0.192
X9A3000	Blätterteigtaschen gefüllt mit Blattspinat und Schafskäse, gebacken	Puff pastry pockets filled with leaf spinach and sheep's milk cheese, baked	1493	360	27.43	17.57	18	0.6	8.9	0.998
D463500	Mohnstollen/Mohnstriezel (Hefeteig)	Poppy seed stollen (yeast dough)	1376	329	16.8	3.7	30	14.1	11.5	0.09
T720172	Languste gekocht, gegrillt	Spiny lobster/rock lobster/crawfish, boiled, grilled	471	111	2.027	0.238	0	0	23.295	0.712
T780272	Europäische Auster tiefgefroren, gegrillt	European oyster deep-frozen, grilled	414	99	4.39	1.178	1.627	0	13.164	0.598
D3A7000	Eierlikörtorte (Schoko-Mandelbiskuit)	Egg liqueur torte (chocolate-almond sponge cake)	1451	349	22.62	8.2	23.7	23	7.97	0.178
Y180512	Rindfleisch gekocht	Beef boiled	702	167	6.9	3	0.04	0.04	26.17	0.24
X6A3010	Kartoffelsouffle mit Broccoli	Potato souffle with broccoli	565	135	8.21	1.54	7.3	1.65	7.29	0.535
D7A3100	Muffins vegan (Rührmasse)	Muffins vegan (cake batter)	1623	387	15.8	1.19	55.3	26.415	4.64	0.682
S581000	Vollmilchschokoladen-Riegel gefüllt mit Nougatcreme und Waffel	Whole milk chocolate bar filled with nougat cream and waffle	2220	532	32.8	18.04	51.5	49.4	6.37	0.158
U891262	Schaf Hinterhaxe, mager, tiefgefroren, gebraten ohne Fett (Ofen)	Sheep hindshank, lean, deep-frozen, fried without fat (oven)	604	143	3.77	1.184	0	0	27.3	0.245
X214110	Endivien-Tomatensalat mit Essigmarinade	Endive-tomato salad with vinegar marinade	479	116	11.35	0.82	1.51	1.5	0.9	0.268
Y560123	Paprikahuhn gedünstet, mit Sauce	Paprika chicken stewed, with sauce	764	184	13	3.2	1.4	1.4	14.9	0.65
Y691913	Seehechtfrikassee	Hake fricassee	538	129	7.3	1.1	1.5	1.5	13.6	0.588
X639012	Kartoffelpüree mit Milch 1,5 % Fett	Potato puree with milk 1.5 % fat	358	85	2.49	1.583	12.76	1.75	2.4	0.305
W211300	Käsewiener	Vienna sausage with cheese	1024	247	21.69	9.15	0.06	0	12.9	2
Y814110	Apfel-Bananen-Birnensalat mit Honig gesüßt	Apple-banana-pear salad sweetened with honey	303	72	0.4	0.11	15.1	13.16	0.71	0.002
G992152	Gemüsemischung Erbsen-Karotten, gedünstet	Mixed vegetables peas and carrots, stewed	262	62	0.427	0.094	9.115	3.726	3.3	0.03
Y8A4150	Vanillepudding, Flammeri, zubereitet aus Pulver und Milch 1,5 % Fett	Vanilla pudding made from powder with milk 1.5 % fat	388	92	1.44	0.947	16.32	10.73	3.29	0.152
W882200	Kalbfleischsülze Konserve	Jellied veal canned	343	82	3.8	1.694	0.02	0	11.9	1.8
X327563	Grüne Eiersauce von heller/weißer Grundsauce	Green egg sauce from white basic sauce	318	77	5.6	2.7	2.8	0.6	3.61	0.75
W399400	Französische Schweinefleischterrine gebacken	French pork terrine baked	1351	326	27.78	10.37	0.21	0.09	18.67	1.758
Y733143	Schaumomelett gesüßt, gebraten, mit Zitronensaft beträufelt	Omelette souffle sweetened, fried, drizzled with lemon juice	990	238	17.9	3.32	8.537	8.537	10.6	0.445
X423553	Hühnerbrühe mit Reis	Chicken stock with rice	70	16	0.3	0.1	2.6	0.02	0.8	0.81
X446643	Tomatensuppe aus frischen Tomaten und Gemüsebrühe	Tomato soup of fresh tomatoes and vegetable stock	122	29	1.2	0.1	3.1	3.1	0.79	0.365
Y730343	Omelett gebraten mit Kräutern	Omelette fried with herbs	809	195	15.97	2.93	0.67	0.67	12.11	0.498
Y3A1000	Kasseler Pirogge (Kasseler im Hefeteig gebacken)	Pirogue with cured pork loin chop, baked	1012	241	8.24	4.07	25	2.13	15.6	1.828
X1A9030	Tintenfischsalat mit Essigmarinade	Cuttlefish salad with vinegar marinade	417	100	6.9	0.67	1.8	1.8	7	0.765
X459723	Fisch-Pichelsteiner mit Seelachs	Fish-vegetable stew "Pichelsteiner" with saithe	386	92	2.7	0.4	8	1.7	8.01	0.235
W396000	Hirschfleischpastete mit Alkohol, gebacken	Venison meat pate with alcohol, baked	961	231	15.68	6.1	0.9	0.6	21.13	1.8
X7A2000	Nudelpudding (Teigwaren eifrei) mit Kochschinken	Pudding of pasta egg-free, with boiled ham	626	149	5.2	2.4	15.2	0.8	9.8	0.6
B511200	Weizenbrötchen mit Schinkenspeck	Wheat roll with bacon	1254	296	2.75	0.87	56	1.9	9.6	1.5
D461300	Bienenstich (Hefeteig)	Bee sting cake (yeast dough)	1386	332	19.34	9.6	32	16.47	6.44	0.112
M276300	Joghurt mind. 3,5 % Fett, mit Frucht-Schokoladenzubereitung, gesüßt	Yogurt min. 3.5 % fat, with fruit-chocolate preparation, sweetened	439	104	3.5	2.24	13.93	13.21	3.46	0.088
Y663232	Zanderfilet Müllerinart (mehliert, gebraten)	Pike-perch fillet floured, fried	451	107	1.3	0.18	4.02	0.363	18.89	0.385
X092050	Haferflocken ungesüßt, mit Milch 3,5 % Fett und Fruchtmischung	Oat flakes unsweetened, with milk 3.5 % fat and mixed fruit	574	136	3.3	1.262	19.6	5.51	5.08	0.038
S538400	Vollmilchschokolade mit Rosinen und Haselnüssen (alkoholhaltig)	Whole milk chocolate with raisins and hazelnuts (alcoholic)	2168	520	31.6	17.1	49.6	49	6.3	0.15
Y8A4030	Grießbrei (als Dessert) mit Schokoladensauce	Semolina pudding (as dessert) with chocolate sauce	460	110	4.13	2.56	13.6	7.85	4.24	0.102
X4A4010	Paprikacremesuppe	Cream of sweet pepper soup	255	61	4.4	2.4	3.9	3.9	0.88	0.388
X8A1020	Leberrisotto/Leberreis	Liver risotto	644	153	4.7	0.7	19.5	0.8	7.8	0.502
W333000	Hannoversche Weißwurst	Hanoverian white sausage	1062	256	20.27	7.71	0.46	0.35	17.82	1.845
Y847140	Orangencreme abgeschlagen (mit Gelatine) mit Weißwein	Orange cream (with gelatine) with white wine	788	190	12.8	6.14	12.59	12.59	3.4	0.05
X5A1020	Kichererbsenbratlinge gebraten	Chickpea patties fried	797	190	5.1	0.7	22	1.6	9.4	0.395
U281232	Rind Keule, tiefgefroren, gekocht	Beef round, deep-frozen, boiled	786	187	8.1	2.526	0	0	28.6	0.125
X216510	Radieschensalat mit Essigmarinade	Salad of small red radishes with vinegar marinade	285	69	5.74	0.43	2.3	2.16	0.97	0.15
X070260	Clubsandwich mit Thunfisch, Gurke, Emmentaler und Mayonnaise	Club sandwich with tuna, cucumber, Emmental cheese and mayonnaise	1009	242	13.72	4.39	16.6	1.7	11.9	1.188
X459363	Krebssuppe	Crayfish soup	136	32	0.9	0.4	0.4	0.1	5	0.742
X203850	Griechischer Salat	Greek salad	442	107	8.73	2.6	2.3	2.2	3.77	0.508
Y877012	Sahneflammeri/Sahnepudding, mit Früchten	Cream pudding with fruit	773	185	10.7	5.52	18.9	13.61	2.7	0.092
D1A4000	Apfelkuchen vegan (Rührmasse)	Apple cake vegan (cake batter)	829	198	7.51	0.55	29.1	14.7	2.2	0.242
X510043	Pilze gedünstet, mit saurer Sahne	Mushrooms stewed, with sour cream	456	110	8.6	1.8	3.5	1.9	4.08	0.28
Y504322	Rehschnitzel paniert, gebraten	Roe deer schnitzel breaded, fried	956	228	10.95	1.41	8.03	0.47	24.08	0.652
D653100	Liegnitzer	"Liegnitzer" filled gingerbread with chocolate icing	1694	403	14.1	6.6	60.4	45	6.3	0.298
X744263	Eierteigwaren gebraten mit Steinpilzen und Tomaten	Egg pasta fried with porcini mushrooms and tomatoes	460	109	2.2	0.3	17	1	4.4	0.362
T932200	Seelachs im Backteig, tiefgefroren	Saithe/pollack, in frying batter, deep-frozen	950	227	11.1	1.13	18.11	0.58	13	0.83
X325143	Meerrettichsauce von Bechamelsauce mit Milch 3,5 % Fett	Horseradish sauce from Bechamel sauce with milk 3.5 % fat	479	115	7.08	4.47	7.86	4.8	4.45	0.188
X740763	Eierteigwaren gebraten mit Thunfisch	Egg pasta fried with tuna	496	117	2.25	0.32	17	1.2	6.6	0.402
D464200	Nusskranz (Hefeteig)	Nut ring cake (yeast dough)	1472	351	13.5	4.24	47	19.46	8.5	0.115
D200300	Erdbeerkuchen (Rührmasse) mit Klarguss	Strawberry cake (cake batter) with gelatin glaze	557	133	4.78	2.66	18.46	9.53	2.62	0.042
Y693723	Kabeljaufilet im Backteig (mit Bier) frittiert	Cod fillet in frying batter (with beer) deep-fried	923	221	11.8	1.24	12.84	0.211	14.8	0.502
X9A3060	Pastete (Mürbeteig) mit Champignon-Käsefüllung, gebacken	Pate (shortcrust pastry) with button mushroom-cheese filling, baked	1256	302	19.58	10.51	20	0.3	10.6	0.8
W155000	Aalrauchmettwurst	Aalrauchmettwurst sausage firm	1483	358	29.57	11.3	0.21	0	22.6	3.8
X469033	Borschtsch (Rote-Bete-Suppe)	"Borschtsch" (beetroot soup)	237	57	2.6	0.8	3.4	2.2	4.35	0.38
G650252	Schwarzwurzel tiefgefroren, gedünstet	Black salsify deep-frozen, stewed	254	61	0.444	0.048	8.6	3.9	1.434	0.012
X454443	Grünkernmehlsuppe	Green spelt flour soup	212	51	3.9	2.3	2.69	0.71	1.1	0.695
Y865312	Johannisbeerkompott mit Süßstoff	Red currant compote with artificial sweetener	126	30	0.155	0.03	3.34	3.34	1.118	0.025
T780252	Europäische Auster tiefgefroren, gedämpft	European oyster deep-frozen, steamed	288	69	3.5	0.94	1.298	0	8.036	0.405
X562063	Karotten/Möhren, gekocht, in Butter geschwenkt	Carrots boiled, tossed in butter	270	65	3.288	1.947	6.296	6.197	0.86	0.372
X498163	Biersuppe gesüßt, gebunden mit Stärke	Beer soup sweetened, thickened with starch	326	78	2.6	1.31	10.06	7.5	2.4	0.048
D380200	Käsetorte (Mürbeteig)	Cheese torte (shortcrust pastry)	1094	261	12.1	6.56	28.9	17.48	8.4	0.19
X162612	Karottensalat (gegart) mit warmer Essigmarinade	Carrot salad (cooked) with warm vinegar marinade	276	66	3.9	0.3	5.19	5.11	0.72	0.265
Y8D8012	Sahnepudding, Flammeri, zubereitet aus Pulver, Milch 3,5 % Fett und Sahne	Cream pudding made from powder with milk 3.5 % fat and cream	826	198	13.52	7.397	16.2	10.61	2.9	0.152
X446813	Rote-Bete-Suppe mit Apfel und Meerrettich	Beetroot soup with apple and horseradish	123	29	1.2	0.8	3.4	3.28	0.82	0.54
N390100	Cola-Misch-Getränk Orange	Cola Mix (cola beverage caffeinated with orange soft drink)	154	36	0	0	9	9	0.015	0.002
T730182	Hummer gekocht, gebraten ohne Fett (Pfanne)	Lobster boiled, fried without fat (pan)	401	95	2.896	0.365	0	0	17.267	0.742
R9A1100	Himbeersahnecreme für Gebäck/Torten	Raspberry cream for pastry/tortes	866	208	13.7	7.231	17.5	17.5	2.1	0.042
Y273632	Kalbsleberspießchen gegrillt	Veal liver skewer grilled	827	198	11.93	2.89	8.4	5.54	13.63	1.2
D660600	Schokoladen-Haselnussmakronen	Chocolate hazelnut macaroons	2107	505	29.5	5.04	48.2	47.628	9.4	0.108
D312900	Trüffeltorte (Schoko-Wasserbiskuit)	Truffle torte (chocolate water sponge cake)	1519	363	17.49	9.6	42.9	30.7	6.79	0.202
D330500	Schokoladen-Nusstorte (Rührmasse)	Chocolate nut torte (cake batter)	1799	431	25.16	12.27	42.2	27.7	7.12	0.192
Y851312	Fruchtgrütze zuckerreduziert	Fruit jelly, sugar-reduced	371	88	0.3	0.026	17.5	12.2	1	0.005
W364000	Fränkischer Fleischpresssack	Franconian pork brawn	984	237	18.17	6.48	0.18	0.06	18.09	1.8
E603000	Eier-Frischteigwaren Ravioli (Fleischfüllung) roh	Fresh egg pasta Ravioli (meat filling) raw	991	235	5.5	1.37	35	1.6	9.8	1.5
X850353	Gemüserisotto	Risotto with vegetables	510	121	2.9	0.3	19.8	2.9	2.8	0.305
Y880160	Quarkcreme	Quark cream	534	127	5.27	2.88	10.89	10.89	8.5	0.08
S680000	Eiskonfekt	Ice confectionery	2501	601	42.7	36.9	51.3	51.1	2.4	0.38
Y838312	Bananenkompott	Banana compote	429	101	0.3	0.061	22.21	20.65	1.053	0.005
X324263	Kräutersauce von heller/weißer Grundsauce	Herb sauce from white basic sauce	354	85	7.4	4.4	3.59	0.9	0.96	0.718
W308000	Feine Leberwurst fettreduziert	Liver sausage finely minced, reduced-fat	681	163	8.89	3.27	0.75	0.08	19.9	1.8
S211500	Speiseeis Vanille, in Waffeltüte	Vanilla ice cream, in waffle cone	927	221	10.94	7.05	26.8	18.2	3.21	0.095
K270000	Gnocchi roh	Gnocchi raw	646	152	0.61	0.04	31.9	0.408	3.88	1.3
X444453	Spargelcremesuppe	Cream of asparagus soup	242	58	4.7	2.77	2.87	1.46	0.87	0.125
S539300	Vollmilchschokolade gefüllt mit Nuss-Gewürzcreme	Whole milk chocolate with nut-spice cream	2399	576	38.64	18.41	50.2	49.8	5.78	0.13
W982300	Jagdwurstpastete mit Mürbeteig, gebacken	Pate made from Jagdwurst sausage, with shortcrust pastry, baked	1044	251	17.07	7.26	7.14	0.054	16.56	1.5
Y8A5020	Pannacotta	Pannacotta	1365	330	30.9	16.434	9.545	9.545	3.4	0.128
R9A1000	Erdbeersahnecreme für Gebäck/Torten	Strawberry cream for pastry/tortes	856	206	13.7	7.238	17.8	17.8	2	0.042
Y842153	Fruchtkompott	Fruit compote	303	71	0.3	0.08	15.6	14.58	0.56	0.005
X558063	Zucchinischeiben paniert, gebraten	Courgette slices breaded, fried	642	154	8.56	1.65	12	1.9	6.4	0.562
D312600	Buchweizentorte (Wasserbiskuit) mit Heidelbeersahnecreme	Buckwheat flour torte (water sponge cake) with blueberry-cream	1081	259	13.3	6.18	27.5	17.68	5.8	0.16
Y0A2010	Fleischküchlein fein (Schwein/Kalb, Hackfleisch) gebraten	Small meatballs (pork/veal mince) fried	882	212	13.91	4.3	7	1.8	14.33	0.618
T601252	Barsch/Flussbarsch, tiefgefroren, gedünstet	European perch deep-frozen, stewed	298	70	0.6	0.093	0	0	16.24	0.118
D464300	Mandelkranz (Hefeteig)	Almond ring cake (yeast dough)	1416	337	11.6	4.1	47	19.44	9.2	0.115
D6A9000	Englischer Teekuchen glutenfrei	English tea cake gluten-free	1502	359	18.1	10.7	42.3	23.7	4.4	0.235
X677042	Kartoffelklöße halb und halb	Potato dumplings (made from half raw and half boiled potatoes)	446	105	1.04	0.27	19.26	0.602	3.84	0.305
Y713152	Eier im Ausbackteig gebraten	Eggs in frying batter fried	866	208	13.54	2.6	9.6	0.89	11.56	0.48
Y689132	Riesengarnelen mariniert, gegrillt	King prawns marinated, grilled	759	181	9.2	0.94	0.12	0.12	24	0.48
X518053	Kaisergemüse gedünstet	Mixed vegetables stewed	267	64	3.9	0.3	4.2	3.01	2.02	0.3
Y175133	Gebratene Rinderkutteln mit Ei aus Bologna	Fried beef tripe with egg	1364	329	28.2	8.8	0.4	0.4	18.3	1.818
Y782012	Käsesoufflee	Cheese souffle	1401	338	28.3	16.2	5.6	1	14.9	0.78
Y829243	Schwarzbrotauflauf mit Schokolade	Brown bread casserole with chocolate	1344	321	16.3	6.5	35.9	24.2	6.1	0.43
Y780863	Camembert paniert, frittiert	Camembert cheese breaded, deep-fried	1220	294	22.07	11.13	5.09	0.48	18.41	1.262
W256100	Leberkäse	Leberkaese sausage	1218	295	27.4	9.2	0.17	0	11.8	1.498
X3A9040	Schmand-Dip mit Schnittlauch	Schmand dip with chives	760	184	17.6	9.1	2.8	2.8	2.632	0.612
Y0A2020	Hackfleisch-Kohlpudding	Minced meat-cabbage pudding	1026	247	17.8	6.55	2.74	2.66	18.15	1.005
D420000	Feines Früchtebrot (mit Roggenbrotteig zubereitet)	Fruitcake (prepared with rye bread dough)	1202	286	5.3	0.5	51	42.1	3.9	0.17
Y855153	Apfelgrütze	Apple jelly	392	92	0.2	0.096	21.2	19.294	0.301	0.008
V880300	Hähnchencreme (Brotaufstrich)	Chicken cream spread	1241	300	26.7	16.01	1.75	1.66	12.9	1.06
X327463	Mornaysauce von Bechamelsauce	Mornay sauce from Bechamel sauce	687	166	13.8	7.6	4.3	2.03	5.9	0.548
Y616433	Sardinen mit Fenchelsamen, gedünstet	Sardines with fennel seeds, baked	582	139	7.98	1.45	2.1	2.1	14.118	0.52
X013040	Pumpernickel mit Krabbencreme	Pumpernickel with shrimp cream spread	612	146	5.8	2.6	12.7	1.4	8.505	0.728
X643113	Eierkartoffeln mit Tomaten, überbacken	Potatoes with eggs and tomatoes, gratinated	403	96	5.6	2.1	7.5	2.4	3.2	0.2
Y7A3000	Basilikumbutter	Basil butter	2267	551	59.1	35.4	1.7	1.5	2.7	0.45
Y861753	Schokoladenpudding, Flammeri, zubereitet aus Pulver und Milch 3,5 % Fett	Chocolate pudding made from powder with milk 3.5 % fat	483	115	3.3	2.1	17.4	12.1	3.56	0.15
P288600	Rotweinpunsch	Red wine punch	353	85	0	0.002	5.13	5.11	0.2	0.005
X571163	Grüne Bohnen gekocht, in Butter geschwenkt	Green beans boiled, tossed in butter	263	63	4.311	2.686	3.2	2.1	2.121	0.33
S538700	Vollmilchschokolade mit Trüffelfüllung (alkoholhaltig)	Whole milk chocolate with truffle filling (alcoholic)	2160	519	33.94	20.3	44.6	43.4	5.77	0.145
B723000	Laugengebäck mit Hagelsalz	Pretzel salted	1191	282	4.113	0.97	50	1.4	9.132	2.81
W335000	Blutbregenwurst	Bregenwurst blood sausage	587	140	7.78	2.66	0.28	0.12	17.26	2
W982100	Bierschinkenpastete mit Mürbeteig, gebacken	Beer ham pate with shortcrust pastry, baked	1163	280	19.53	8.04	7.57	0.32	18.05	2.8
W252000	Göttinger Bierwurst/Göttinger Blasenwurst	Göttinger Bierwurst	977	236	21.68	8.4	0.08	0	10.17	2
D660800	Schokoladen-Makronen	Chocolate macaroons	1956	468	23.6	4.67	49.2	48.676	11.9	0.112
Y695322	Seelachsschnitten gegrillt	Fish slices of saithe grilled	522	124	4.3	0.8	0.077	0.076	21.072	0.184
W211100	Bockwurst	Bockwurst	1130	273	24.5	8.97	0	0	13.1	2.2
X348360	Apfelmeerrettich	Apple-horseradish cream	544	130	7.6	0.63	11.1	9.32	2.43	0.415
D741600	Donut (Hefeteig) frittiert	Doughnut (yeast dough) deep-fried	1407	336	14.8	7.6	41.9	6.34	7.3	0.08
X5A1010	Gemüsewaffeln pikant	Vegetable wafers savoury	765	182	6.9	1.62	18.56	2.66	9.44	0.475
D754100	Rheinische Mutzen (Nudelteig) frittiert	"Rheinische Mutzen" pastry (pasta dough) deep-fried	1360	323	9.1	3.5	50.3	12.5	8.58	0.14
Y670042	Aal in Rotwein mariniert, pochiert	Eel in red wine marinated, poached	908	219	19.5	5.5	0.52	0.51	9	0.238
Y872812	Zitronencreme (mit Gelatine)	Lemon cream (with gelatine)	659	158	9.8	5.08	10.61	10.6	5.6	0.082
R144100	Frucht-Chutney, Würzsoße	Fruit chutney	1199	282	0.33	0.07	68	66.4	0.6	2.962
X255010	Tomatensalat mit Essigmarinade	Tomato salad with vinegar marinade	358	86	7.47	0.53	2.89	2.88	0.83	0.15
W222700	Rindsbratwurst	Beef-Bratwurst	880	213	18.78	8.112	0	0	10.884	1.908
X871213	Reisauflauf mit Kochschinken und Käse	Rice casserole with boiled ham and cheese	742	177	8.35	3.69	15.4	1.02	9.51	0.86
Y134012	Rinderrumpsteak gebraten, mit gebratenen Zwiebeln	Beef rump steak fried, with fried onions	649	155	6.03	2	2.14	2.12	22.62	0.65
X5A4010	Chicoree mit Speck geschmort	Chicory braised with bacon	245	59	3.6	1.5	2.6	1.7	3.38	0.8
W275200	Helle Zungenwurst	Light pork tongue sausage	1187	286	24	4.26	0.22	0.15	17.3	2
D4A7100	Mandarinen-Schmand-Kuchen (Quark-Öl-Teig)	Mandarin heavy sour cream cake (quark oil dough)	828	198	9.38	3.1	23.6	13.2	3.97	0.192
D9A3300	Käsekuchen (Vollkornmürbeteig)	Wholemeal cheesecake (shortcrust pastry)	1144	274	14.2	6.225	26.57	15.36	8.57	0.192
X5A4020	Spinatauflauf/Spinatpudding	Spinach casserole/spinach pudding	516	123	5.51	2.57	12.16	1.33	5.3	0.708
X444112	Kräutercremesuppe	Cream of herb soup	383	93	9.2	5	1.5	1.5	0.91	0.612
X412513	Fleischbrühe mit Flädle	Meat stock with strips of crepe	230	55	2.8	0.5	5.17	0.51	2.07	0.572
Y221013	Kalbskotelett gebraten, mit gebratenen Champignons	Veal chop fried, with fried button mushrooms	438	104	3.4	0.89	1.2	0.2	16.91	0.36
D621000	Waffeln, einfache (Rührmasse)	Waffles (cake batter)	1918	459	24.83	14.69	49.8	24.14	8.19	0.37
Y781112	Mozzarella paniert, frittiert	Mozzarella cheese breaded, deep-fried	1224	295	22.93	11.52	5.05	0.48	16.62	0.58
X951133	Grießbrei gesüßt, mit Butter und Ei	Semolina porridge sweetened, with butter and egg	476	114	5.08	3.05	12.16	6.29	4.6	0.115
V513282	Schwein Herz, tiefgefroren, gebraten ohne Fett (Pfanne)	Pork heart, deep-frozen, fried without fat (pan)	672	160	6.81	2.55	0	0	24.7	0.359
X4A1030	Gemüsebrühe mit Hühnerfleisch und Reis	Vegetable soup with chicken and rice	273	65	3.6	1.1	2.5	0.39	5.66	0.535
X348140	Sahnemeerrettich	Horseradish cream	645	155	10.6	5.581	8.503	6.342	4.492	0.795
D3A3000	Erdbeer-Sahnecremetorte (Wasserbiskuit)	Strawberry-cream torte (water sponge cake)	1206	290	22	12.21	18.5	7.7	3.8	0.148
W317100	Leberpresssack einfach	Liver brawn simple	1205	291	25.3	11.27	0.47	0.11	15.3	1.8
Y593112	Entenfleisch im Backteig (mit Bier) frittiert	Duck meat in frying batter (with beer) deep-fried	1540	370	26.1	5.66	15.18	0.149	17.7	0.295
D750700	Marzipanstangen (Rührmasse)	Marzipan sticks (cake batter)	2080	498	28.6	15.23	51.7	30	6.39	0.078
X4A6000	Fenchelsuppe mit Orangenfilets	Fennel soup with orange fillets	166	40	2.9	1.7	2.2	2.1	0.74	0.53
Y634433	Seezunge Müllerinart (mehliert, gebraten)	Sole floured, fried	454	108	2.6	0.57	2.58	0.089	18.18	0.592
W203000	Jagdwurst fettreduziert	Jagdwurst sausage reduced-fat	469	112	4.9	1.72	0.09	0	16.81	2.2
W319200	Champignonleberwurst	Button mushroom liver sausage	1033	250	21.58	9.32	0.9	0.2	12.87	1.8
Y995040	Vanillesahneeis mit Schlagsahne, frischen Erdbeeren und Rum	Vanilla cream ice cream with whipped cream, fresh strawberries and rum	650	157	12.09	6.19	6.69	6.66	1.7	0.038
M831300	Speisequarkzubereitung mind. 20 % Fett i. Tr., mit Fruchtzubereitung, gesüßt	Quark preparation min. 20 % fat in dry matter, with fruit preparation, sweetened	516	122	3.51	2.01	14.97	13.15	7.03	0.075
D288100	Pfirsichtorte (Mürbeteig) mit Klarguss	Peach torte (shortcrust pastry) with gelatin glaze	792	189	9.15	5.63	23.15	10.32	2.7	0.035
X468713	Gaisburger Marsch	"Gaisburger Marsch" (stew with beef, vegetables, potatoes and fresh egg pasta spaetzle)	332	79	2.6	0.8	6.7	0.8	6.75	0.455
T815900	Krabben in Dillcreme, Präserve	Common shrimp in dill cream, semi-preserved	1278	309	27.243	2.54	5.483	4.441	10.2	1.528
D0A3200	Nussboden (mit Eiklar zubereitet)	Nut cake base (prepared with egg white)	1639	391	17.8	1.479	48.2	43.292	8.4	0.188
Y160122	Rinderfilet gebraten im Ofen, ohne Sauce	Beef fillet fried in oven, without sauce	799	191	10.35	3.08	0.01	0	24.49	0.645
X3A1000	Biersauce	Beer sauce	232	56	3.3	0.64	4.2	2.5	0.9	0.388
T940200	Kabeljau im Backteig, tiefgefroren	Cod in frying batter, deep-frozen	906	216	10.26	0.88	18.11	0.58	12.2	0.858
X462023	Gemüse-Eintopf/Gemüsepichelsteiner, mit Rind- und Schweinefleisch	Vegetable stew "Pichelsteiner" with beef and pork	392	94	5.1	1.4	6	2	5.17	0.368
X9A3070	Pie (Mürbeteig) gefüllt mit Gemüse und Schweinehackfleisch, gebacken	Pie (shortcrust pastry) filled with vegetables and pork mince, baked	1567	377	26.9	14.3	23.49	1.34	9.1	0.358
G322242	Grünkohl tiefgefroren, gedämpft	Curly kale deep-frozen, steamed	213	51	0.648	0.1	3.21	2.557	4.028	0.055
Y2A1000	Kalbfleischpastete (Mürbeteig) mit Speck und Kochschinken, gebacken	Veal pate (shortcrust pastry) with bacon and boiled ham, baked	1281	307	18.6	9.13	18.9	1	15	1.2
X364003	Kirschsauce gebunden	Cherry sauce thickened	449	106	0.3	0.073	23.938	22.574	0.585	0.005
W278200	Kalbsroulade mit Lachsschinken (mit Schweinefleisch)	Veal roulade sausage with dry-cured, smoked, rolled lean pork loin	612	147	9.01	3.67	0.42	0.41	15.87	2
M231500	Sahnekefir mind. 10 % Fett, mit Fruchtzubereitung, gesüßt	Kefir min. 10 % fat, with fruit preparation, sweetened	569	136	7.9	5.3	13.26	12.82	2.396	0.085
X566063	Selleriepüree	Celeriac puree	96	23	0.6	0.2	1.9	1.5	1.11	0.55
V475282	Gans Schenkel tiefgefroren, gebraten ohne Fett (Pfanne)	Goose leg (with skin) deep-frozen, fried without fat (pan)	859	206	11.96	3.364	0	0	24.49	0.237
X4A2000	Terlaner Weinsuppe	Wine soup "Terlan"	288	70	6.5	2.9	0.51	0.51	1.6	0.592
X252640	Gurkensalat mit Joghurtmarinade	Cucumber salad with yogurt marinade	147	35	1.83	0.45	2.33	2.33	1.47	0.168
Y839243	Buchweizengrütze (mit Milch 3,5 % Fett)	Buckwheat groats (with milk 3.5 % fat)	675	161	4.9	1.87	20.93	3.14	7.03	0.335
X655452	Kartoffel-Gemüse-Kuchen	Potato-vegetable cake	396	94	4.2	1.59	8.7	1.7	4.417	0.31
W134000	Zervelatwurst fettreduziert	Zervelatwurst sausage reduced-fat	1049	252	16.49	6.4	0.21	0	25.54	3.8
U711272	Schaf Filetmedaillon, tiefgefroren, gegrillt	Sheep fillet medaillon, deep-frozen, grilled	677	161	3.95	1.209	0	0	31.25	0.161
X937510	Erdbeermilch mit Milch 1,5 % Fett	Strawberry milk with milk 1.5 % fat	228	54	1.1	0.612	7.96	7.94	2.37	0.052
X740162	Eierteigwaren mit Butterflöckchen	Egg pasta with flakes of butter	688	164	5.312	3.227	23.309	0.61	5	0.34
Y875140	Ambrosiacreme (Saure-Sahne-Creme mit Rum)	Cream made from sour cream with rum	551	131	4	2.1	17.7	17.7	4.2	0.1
Y650313	Karpfen pochiert im Wurzelsud	Carp poached in root vegetable stock	317	76	2.87	0.739	1.8	1.8	9.825	0.145
Y8A2000	Mandelkrokant	Almond brittle	2275	549	42.635	10.22	22.97	22.806	14.868	0.01
X468263	Hamburger National (Steckrüben-Kartoffel-Eintopf mit Poularde)	Swede-potato stew with poulard "Hamburg National"	266	64	2.8	0.4	5	1.4	4	0.1
E632132	Dinkeleierteigwaren gekocht	Spelt egg pasta boiled	586	139	0.9	0.16	25.61	0.179	5.71	0.008
X556263	Tomaten gefüllt mit Kräuter-Brot-Parmesan-Mischung, gegrillt	Tomatoes filled with herb-bread-parmesan mix, grilled	684	165	12.42	2.06	8	3.32	3.95	0.83
W172100	Knoblauchwurst einfach	Garlic sausage simple	2365	573	55.65	21.9	0	0	17.92	3.8
D770100	Mohnschnecken (Blätterteig)	Danish swirl (puff pastry) with poppy seeds	1930	464	32.17	15.37	31.03	13.01	9.59	0.2
Y639212	Rotzunge mehliert, gebraten	Witch floured, fried	430	102	1.9	0.19	3.14	0.127	17.58	0.665
X850453	Schinkenrisotto	Risotto with ham	622	148	4	0.4	22.5	0.91	4.97	0.5
D7A6700	Langos (Hefeteig) frittiert, ungefüllt	Langos (yeast dough) deep-fried, unfilled	1432	340	10	4.3	52	2.16	8.63	1.218
Y444123	Lammragout mit Karotten	Lamb ragout with carrots	686	165	11.2	3.8	4.31	1.95	11.09	0.665
S570100	Bitterschokolade gefüllt mit Marzipan (alkoholhaltig)	Dark chocolate filled with marzipan (alcoholic)	2131	513	35.5	17.38	35	33	8.6	0.018
T020232	Tintenfisch tiefgefroren, gekocht	Common cuttlefish deep-frozen, boiled	302	71	1.22	0.36	0	0	15.094	1.028
N630700	Schwarztee (Getränk) mit Zitronensaft und Zucker	Black tea (infusion) with lemon juice and sugar	32	8	0	0.001	1.823	1.823	0.008	0.005
M857000	Grießpudding mit Sahne, gesüßt	Semolina pudding with cream, sweetened	538	129	6.77	3.77	14.03	13.55	2.84	0.122
P9B4000	Cocktail, Margarita	Cocktail, Margarita	294	70	0	0.008	2.4	2.4	0	0.338
E430082	Eierteigwaren gekocht, gebraten ohne Fett (Pfanne)	Egg pasta boiled, fried without fat (pan)	564	133	0.929	0.324	25.225	0.626	5.3	0.25
D433300	Schokoladenkuchen (Rührmasse)	Chocolate cake (cake batter)	1684	402	19.53	11.6	47.7	23.1	7.4	0.445
T822500	Heringsfilet in Senfcreme, Konserve	Herring fillet in mustard cream, canned	667	160	11.47	1.85	3.17	2.17	10.5	1.298
Y882150	Bananenquark	Banana quark	481	114	3.2	1.66	12.56	11.93	7.677	0.052
G993100	Gemüsemischung mexikanische Art, roh	Mixed vegetables Mexican style, raw	246	59	0.5	0.06	7.8	3.5	3.3	0.005
T307252	Schwarzer Heilbutt tiefgefroren, gedünstet	Greenland halibut deep-frozen, stewed	610	147	11.2	1.997	0	0	11.526	0.212
D650200	Weiße Lebkuchen	White gingerbread	1619	385	13.1	1.49	53	27.8	11.55	0.122
C341162	Mais gekocht, gebacken	Maize boiled, baked	417	99	1.067	0.178	18.632	0.412	2.566	0.002
X7A2010	Gratin aus Eierteigwaren und Spinat	Gratin of egg pasta and spinach	764	183	10.3	6.2	15	1.2	6.9	0.78
X456133	Gulaschsuppe ungarisch, mit Rindfleisch, Fleischbrühe, Tomaten und Kartoffeln	Goulash soup "Hungarian" with beef, meat stock, tomatoes and potatoes	244	59	3.8	2.2	3	1.3	2.8	0.57
Y814310	Apfel-Bananensalat mit Honig gesüßt	Apple-banana salad sweetened with honey	310	73	0.4	0.134	15	13.44	0.845	0.002
K724432	Shiitakepilz getrocknet, gekocht	Shiitake mushroom dried, boiled	586	140	0.9	0	11.18	11.18	11.7	0.011
W858000	Schweinezungensülze	Jellied pork tongue	654	157	9.6	3.1	0.53	0.53	17	1.5
Y231133	Kalbsschnitzel gebraten mit Parmaschinken (Saltimbocca) und Sauce	Veal schnitzel fried with Parma ham (Saltimbocca) and sauce	810	194	11.9	3.35	0.04	0.04	21.6	1.178
Y7A2012	Schafmilch-Camembert paniert, frittiert	Sheep's milk camembert cheese breaded, deep-fried	1285	310	24.16	12.98	5.48	0.91	17.15	1.322
X700212	Eier-Frischteigwaren, rot, selbstgemacht, roh	Fresh egg pasta, red, homemade, raw	1067	253	5.1	0.95	40.3	0.8	9.9	1.022
D750100	Amerikaner (Rührmasse)	"Amerikaner" moist shortbread biscuit (cake batter) with sugar icing	1598	380	13.7	7.49	57.1	38.6	5.62	0.348
X041910	Brötchen mit Fleischkäse	Roll and fleischkaese sausage	1177	282	16.61	5.932	18.44	1.47	13.76	2.115
X820453	Reis mit gedünsteten Champignons	Rice with stewed button mushrooms	478	113	1.4	0.12	21.9	0.2	2.68	0.08
Y693752	Rotbarschfilet im Backteig (mit Milch) frittiert	Redfish fillet in frying batter (with milk) deep-fried	889	213	12.1	1.71	11.2	0.88	14.2	0.572
U852262	Schaf Brust, mittelfett, tiefgefroren, gebraten ohne Fett (Ofen)	Sheep breast, medium fat, deep-frozen, fried without fat (oven)	899	215	12.4	5.78	0	0	25.9	0.255
G490252	Knoblauch tiefgefroren, gedünstet	Garlic deep-frozen, stewed	430	105	0.458	0.07	3	2.3	6.59	0.021
W162000	Plockwurst einfach	Plockwurst sausage simple	2147	520	49.23	19.9	0.15	0	18.93	3.5
U642272	Schwein Bauch (wie gewachsen) tiefgefroren, gegrillt	Pork belly (untrimmed) deep-frozen, grilled	1743	421	36.24	12.98	0	0	23.65	0.19
Y852112	Fruchtkompott gemischt, ungesüßt	Mixed fruit compote unsweetened	221	52	0.3	0.075	10.6	9.574	0.646	0.005
X644253	Kartoffel-Kohlrabi-Gratin mit Käse	Potato gratin with kohlrabi and cheese	431	103	4.43	2.21	12	2.5	3.03	0.28
D480300	Käsekuchen mit Streuseln (Mürbeteig)	Cheesecake with crumbles (shortcrust pastry)	1274	304	14.3	8.21	35.1	20.49	7.95	0.165
N262000	Birnensaftschorle	Pear juice spritzer	134	32	0.116	0.015	7.8	6.4	0.135	0.015
W221372	Currybratwurst gegrillt	Curry-Bratwurst grilled	993	240	21.17	7.42	0.05	0	12.28	1.841
Y624112	Seehechtfilet pochiert (ohne Sauce)	Hake fillet poached (without sauce)	273	65	1.5	0.266	0.112	0.112	12.402	0.3
X230610	Lollo-Rosso-Salat mit Essigmarinade	Lollo Rosso salad with vinegar marinade	651	158	16.04	1.16	1.2	1.2	0.83	0.345
N259000	Erfrischungsgetränk isotonisch, gesüßt, angereichert mit Vitaminen und Mineralstoffen	Isotonic beverage, sweetened, fortified with vitamins and minerals	78	18	0	0.006	4.2	4.2	0.071	0.012
G322232	Grünkohl tiefgefroren, gekocht	Curly kale deep-frozen, boiled	209	50	0.632	0.098	3.13	2.491	3.924	0.065
X347350	Quarkremoulade	Quark remoulade sauce	826	199	16.59	1.9	2.07	2.05	9.93	0.462
Y180133	Sächsisches Zwiebelfleisch vom Rind	Saxon "Zwiebelfleisch" (beef stew with onions)	370	88	2.7	0.9	4.6	2.4	10.62	0.432
X3A4000	Gorgonzolasauce	Gorgonzola sauce	996	241	22.1	12.4	1	1	9.23	1.428
T045900	Dorschleber Konserve	Cod liver canned	2855	694	75	13.89	0	0	4.7	1.098
Y444113	Lammragout orientalische Art	Lamb ragout oriental style	822	197	12.6	5	5.6	3.4	14.7	1
Y8A4160	Vanillepudding, Flammeri, zubereitet aus Pulver und Sojadrink	Vanilla pudding made from powder with soya drink	321	76	1.02	0.148	13.41	7.66	2.61	0.13
D7B5100	Kekse/Plätzchen, kakaohaltig (Rührmasse) schokoliert	Biscuits, containig cocoa (cake batter) with chocolate icing	2206	529	30.83	17.65	53.8	31.2	6.8	0.088
X495363	Melonenkaltschale	Cold melon soup	163	38	0.2	0.044	7.5	7.3	0.7	0.015
C111082	Weizen ganzes Korn, gekocht, gebraten ohne Fett (Pfanne)	Wheat whole grain, boiled, fried without fat (pan)	954	226	1.188	0.2	40.513	0.718	8.767	0.012
W361000	Sülzwurst	Jellied brawn	705	169	10.7	4.16	0.25	0.092	17.9	2
Y813942	Buchweizenplinsen gebraten	Small buckwheat pancakes fried	1333	319	16.8	4.5	33	10.5	7.8	0.095
Y693342	Seezunge gebraten in Butter	Sole fried in butter	438	104	2.7	0.873	0.132	0.129	19.399	0.63
F323700	Johannisbeernektar schwarz	Black currant nectar	235	55	tr	0.005	12.82	12.8	0.43	0.012
X5B1000	Gemüse-Kartoffel-Fisch-Brei, mit Karotte und Lachs (ohne Salz, geeignet für Beikost)	Vegetable-potato-fish purree, with carrots and salmon (without salt, suitable as baby food)	418	100	5.876	0.67	7.576	3.819	3.32	0.04
W850200	Schinken-Käse-Sülze	Ham and cheese aspic	506	121	5.6	3	0.84	0.84	16	1.745
D313300	Erdbeersahnetorte (Wasserbiskuit)	Strawberry cream torte (water sponge cake)	976	234	14.1	7.24	22.3	16.5	3.6	0.11
W222632	Rostbratwurst gargezogen	Rostbratwurst sausage poached	663	159	11.06	4.09	0.07	0	14.82	1.567
Y0A1000	Fleischsulze mit gekochtem Schweinefleisch	Pork boiled, in aspic	348	83	4.7	1.7	0.61	0.61	9.5	0.455
U711262	Schaf Filetmedaillon, tiefgefroren, gebraten ohne Fett (Ofen)	Sheep fillet medaillon, deep-frozen, fried without fat (oven)	616	146	3.21	0.984	0	0	29.26	0.141
X4A5000	Kartoffel-Gemüsesuppe mit Gemüsebrühe	Potato-vegetable soup with vegetable stock	200	48	2	0.3	6	1.6	0.94	0.5
C514500	Knuspermüslimischung mit Trockenfrüchten, gesüßt, angereichert mit Vitaminen und Mineralstoffen	Crunchy muesli mix with dried fruit, sweetened, fortified with vitamins and minerals	1721	410	14.1	7.1	59.2	27.4	7.9	0.42
X389000	Avocadocreme (Guacamole)	Avocado dip (Guacamole)	468	113	10.2	2.109	2	2	1.41	0.45
Y693522	Kabeljaufilet gedünstet (mit Fett und Salz)	Cod fillet stewed (with fat and salt)	429	102	4.2	0.41	0.06	0.06	15.8	0.718
X4A7010	Gemüsesuppe mit Kartoffeln	Vegetable soup with potatoes	115	27	1.2	0.1	2.7	1.7	1	0.572
X5B1120	Gemüse-Kartoffel-Brei, mit Karotte, Pastinake (ohne Salz, geeignet für Beikost)	Vegetable-potato purree, with carrot and parsnip (without salt, suitable as baby food)	383	92	5.031	0.39	9.3	3.521	1.325	0.022
Y780743	Käse im Blätterteig gebacken	Cheese in puff pastry baked	1771	426	32.68	14.7	15.47	0.102	16.6	1.108
X365062	Punschsauce	Punch sauce	367	87	0	0.003	15.9	14.77	0.077	0.005
D6A7000	Mandelbrot (mit Eiklar, ohne Fett zubereitet)	Almond bread (prepared with egg white, without fat)	1675	399	15.13	1.31	51.63	33.294	12.3	0.13
S201600	Speiseeis Karamell, in Waffeltüte	Caramel ice cream, in waffle cone	898	214	9.94	4.73	26.4	20.8	4.5	0.088
Y504422	Wildfrikadellen gebraten	Game meatballs fried	570	135	2.35	0.64	6	1	22.03	0.662
X448053	Champignonsuppe aus frischen Champignons	Button mushroom soup of fresh button mushrooms	168	40	2.3	1.2	2.7	1.4	2.26	0.5
X327613	Käsesauce von Bechamelsauce mit Kochschinken	Cheese sauce from Bechamel sauce with boiled ham	512	123	8.2	5.2	4.18	1.94	7.8	0.74
F033600	Smoothie gelb (Früchte)	Smoothie of yellow fruits	213	50	0.2	0.049	9.7	9.5	0.7	0.01
W368000	Anspacher Leberpresssack/Leberpresssack	Anspacher liver brawn	1242	300	26.8	11.63	0.55	0.12	14.12	2.055
Y891142	Pfannkuchen/Eierkuchen, mit Milch 3,5 % Fett und Heidelbeeren, gebraten	Pancakes with milk 3.5 % fat and blueberries, fried	1010	241	11.98	2.01	25.66	9.98	6	0.155
Y818162	Pfannkuchen/Eierkuchen mit Milch 3,5 % Fett, gebraten, gefüllt mit Konfitüre	Pancakes with milk 3.5 % fat, fried, filled with jam	1105	263	10.8	1.9	33.1	8.7	7.4	0.292
D310900	Biskuitrolle/Biskuitroulade, mit Mandarinensahnecreme	Sponge cake roll, filled with mandarin-cream	1022	244	10.7	5.05	30.6	22.5	5.7	0.125
Y880250	Früchtequark	Fruit quark	398	94	1	0.6	15.6	15.21	4.8	0.05
M2J2100	Joghurt aus entrahmter Milch, max. 0,5 % Fett, mit Fruchtzubereitung, Zucker und Süßungsmitteln	Yogurt from skimmed milk, max. 0.5 % fat, with fruit preparation, sugar and artificial sweeteners	185	44	0.113	0.052	6.3	5.7	3.681	0.128
X1A8010	Fischsalat mit Kabeljau und Essigmarinade	Fish salad with cod and vinegar marinade	435	104	6.46	0.53	1.11	1.1	9.8	0.495
C412182	Grünkern Vollkornschrot gekocht, gebraten ohne Fett (Pfanne)	Green spelt coarse meal, boiled, fried without fat (pan)	270	64	0.51	0.06	11.44	0.48	2.21	0
Y611410	Sahnehering	Pickled herring fillet, in cream sauce	647	156	11.3	3.3	2.1	2.1	10.44	5.82
X4A6010	Grüne Erbsensuppe St. Germain	Green pea soup "St. Germain"	216	52	1.5	0.3	5.6	0.8	2.7	0.08
Y536212	Kaninchenbraten ohne Sauce	Rabbit roast without sauce	717	171	7.8	2.9	0.08	0.06	25.1	1
X9A5000	Flammkuchen vegetarisch	Tarte flambee vegetarian	924	221	10.73	4.21	23	2.2	6.85	0.485
S570300	Bitterschokolade mit Haselnüssen	Dark chocolate with hazelnuts	2428	586	45.98	21.06	27.7	24.7	10.53	0.016
X4A6020	Tomatensuppe aus Tomatenmark mit Gemüsebrühe	Tomato soup of tomato paste and vegetable stock	170	41	2.8	1.7	3	1.3	0.7	0.76
X344060	Mayonnaise-Dressing	Mayonnaise dressing	1411	342	32.44	3.4	5.01	4.94	6.7	1.028
H170700	Cashewkern geröstet mit Fett, gesalzen	Cashew nut roasted with fat, salted	2460	594	49.495	10.5	15.8	4.95	19.6	0.985
K701432	Champignon getrocknet, gekocht	Buttom mushroom dried, boiled	561	134	1.279	0.225	13.8	1	17.08	0.434
C526082	Polenta (Maisgrieß mit Wasser, Fett und Salz) gekocht, gebraten ohne Fett (Pfanne)	Polenta (Maize semolina prepared with water, fat and salt) boiled, fried without fat (pan)	527	126	6.3	0.7	14.383	0.318	1.903	0.41
X2A2050	Gurken- und Kopfsalat mit Joghurtmarinade	Cucumber-lettuce-salad with yogurt marinade	138	33	1.56	0.39	2.4	2.4	1.48	0.135
X171460	Grüne-Bohnen-Salat (gegart) mit warmer Essigmarinade	Green bean salad (cooked) with warm vinegar marinade	236	57	3.8	0.3	2.8	1.94	1.62	0.422
X651063	Bratkartoffeln aus rohen Kartoffeln, mit Zwiebeln	Fried potatoes (of raw potatoes) with onions	923	221	12.697	0.88	22.502	1.131	2.867	0.427
Y025322	Studentenschnitzel (Fleischkäse gebraten mit Spiegelei)	Students' schnitzel (fleischkaese fried, with fried egg)	1190	287	25.26	7.05	0.55	0.55	14.12	1.702
S464000	Schokoladen-Dragees (Schokolinsen)	Chocolate sugar-coated	1956	466	15.03	8.934	74.5	66.4	2.91	0.015
W981500	Schweinerückenpastete mit Mürbeteig, mit Alkohol, gebacken	Pork loin pate with shortcrust pastry, with alcohol, baked	786	187	7.61	3.08	8.75	2.363	20.35	1.188
X214240	Feldsalat mit Essigmarinade	Lamb's lettuce with vinegar marinade	692	168	17.3	1.24	0.64	0.62	1.2	0.34
H910200	Tofu-Bratlinge gebraten ohne Fett (Pfanne)	Tofu burgers fried without fat (pan)	698	166	6.17	0.9	16.8	2.31	9.34	1.26
X1A8020	Heringssalat mit Apfel und Essigmarinade	Herring salad with apple and vinegar marinade	720	173	13.7	1.83	2.4	2.16	8.67	5.242
U522282	Schwein Stielkotelett, tiefgefroren, gebraten ohne Fett (Pfanne)	Pork chop (loin) deep-frozen, fried without fat (pan)	862	206	10.9	3.67	0	0	26.99	0.14
D770300	Schweineohren/Schweinsohren (Blätterteig)	Pig ear pastry (puff pastry)	2447	588	39.72	18.03	52.38	24.957	4.14	0.388
X425813	Chinesische Suppe scharf, mit Hähnchenbrustfilet	Chinese soup spicy, with chicken breast fillet	229	54	0.7	0.2	5.5	1.5	5.8	0.725
X092060	Müsli Bircher-Benner Art, gesüßt, mit Äpfeln, Rosinen, Sahne und Nüssen	Muesli Bircher-Benner style, sweetened, with apples, raisins, cream and nuts	541	129	4.3	1.3	19.3	16.1	1.7	0.01
W318100	Gänseleberwurst mit Trüffeln und Schweinefleisch	Goose liver sausage with truffles and pork	802	193	14.54	6.2	1.1	0.3	14.3	2
X1A1040	Grüner-Spargel-Salat (gegart) mit Essigmarinade	Green asparagus salad (cooked) with vinegar marinade	612	148	10.72	0.8	7.46	7.16	3.27	0.21
X425543	Französische Zwiebelsuppe, mit Weißbrotscheiben, überbacken	French onion soup with white bread slices, gratinated	270	64	3.3	2.1	5.48	2.26	2.7	0.66
Y8A5040	Sahneflammeri/Sahnepudding (als Dessert) mit Karamellsauce	Cream pudding (as dessert) with caramel sauce	863	207	12.45	6.45	19.79	14	3.8	0.122
D9A4100	Vollkornplunderteig gebacken	Wholemeal Danish pastry dough, baked	1825	438	26.96	14.118	37	6.492	8.6	0.935
X490263	Kürbissuppe scharf, mit Sahne	Pumpkin soup spicy, with cream	289	70	5.9	2.6	3	2.4	1	0.45
Y333831	Schweineschnitzel natur, gebraten, mit Grundsauce dunkel/braun	Pork schnitzel fried, with brown basic sauce	526	125	3.9	0.7	2.18	0.008	20.19	0.562
Y7A3010	Zitronenbutter	Lemon butter	2745	667	73.1	46.817	0.689	0.689	1.123	0.45
Y891062	Pfannkuchen/Eierkuchen, mit Milch 3,5 % Fett, gebraten in Butter	Pancakes with milk 3.5 % fat, fried in butter	1117	266	11.77	6.08	31.11	9.54	8.2	0.21
W259000	Schweinskopfwurst	Pork brawn sausage	896	216	16.85	6.07	0.08	0	15.9	2
Y734142	Omelett gebraten mit Kartoffeln und Kochschinken	Omelette fried with potatoes and boiled ham	706	170	11.91	1.82	7.17	0.99	7.96	0.62
S243300	Speiseeis (Kaffee, Karamell, Schoko, Vanille) gemischt	Ice cream mixed (chocolate, vanilla, coffee, caramel)	819	196	9.7	5.1	22.9	20.5	3.6	0.098
X145242	Spargelsalat (gegart) mit Essigmarinade	Asparagus salad (cooked) with vinegar marinade	352	85	7.95	0.6	1.13	0.98	1.42	0.155
S241800	Speiseeis überzogen mit Schokolade, Karamell und Mandeln	Ice cream covered with chocolate, caramel and almonds	1259	302	17.28	10.1	30.9	27.73	4.5	0.135
W221082	Rheinische Bratwurst gebraten ohne Fett (Pfanne)	Rhenish bratwurst fried without fat (pan)	1000	242	21.19	7.42	0.09	0	12.59	2.035
Y846553	Milchreis mit Milch 3,5 % Fett und Banane roh	Rice pudding with milk 3.5 % fat and raw banana	525	124	2.5	1.524	20.8	7.4	4.03	0.082
X423753	Fleischbrühe mit Eierteigwaren	Meat stock with egg pasta	73	17	0.3	0.1	2.64	0.07	0.9	0.578
D300500	Linzer Torte (Mürbeteig)	Linzer torte (shortcrust pastry)	2001	480	29.7	12.78	42.4	26.7	8.9	0.055
Y862612	Karamellflammeri/Karamellpudding	Caramel pudding	664	158	4.55	2.37	25.2	18.4	3.9	0.13
X531812	Blumenkohl im Backteig (mit Bier) frittiert	Cauliflower in frying batter (with beer) deep-fried	1024	246	14.3	1.45	21.36	1.76	6.5	0.275
R9A3000	Marzipanfüllung für Gebäck/Torten	Marzipan filling for pastry/tortes	1850	444	28.7	7.69	38.94	31.872	6.09	0.14
D471600	Gerollte Marzipan-Nuss-Schnitten (Quark-Öl-Teig)	Swiss roll, filled with marzipan and nuts (quark oil dough)	1714	410	22.1	5.4	42.8	26.7	7.7	0.598
P8A3000	Eierpunsch	Egg nog	708	170	7.77	4	10.6	10.6	3.19	0.092
Y336022	Schaschlik (mit Schweinefleisch) gegrillt	Shashlik with pork grilled	657	157	8.27	2.16	3.82	3.74	16.22	0.8
Y914062	Wiener Würstchen mit Brötchen und Senf	Vienna sausage with roll and mustard	1143	274	16.68	5.72	18.45	1.14	11.43	1.978
X449023	Kartoffelsuppe mit Gemüsebrühe	Potato soup with vegetable stock	242	57	1.8	0.1	9	1	1.01	0.46
X459263	Hummersuppe mit Schlagsahne, Weißwein und Bleichsellerie	Lobster soup with whipped cream, white wine and celery	265	64	4.5	2.2	1	0.4	4	0.62
X573812	Knollensellerie gedünstet (mit Fett und Salz)	Celeriac stewed (with fat and salt)	180	44	2.8	0.3	1.91	1.49	1.07	0.368
X421143	Fleischbrühe mit Eierstich	Meat stock with diced egg custard	76	18	1.2	0.5	0.32	0.32	1.5	0.668
C522300	Getreideflakes gesüßt, mit Trockenfrüchten, angereichert mit Vitaminen und Mineralstoffen	Cereal flakes sweetened, with dried fruit, fortified with vitamins and minerals	1464	346	1.6	0.27	70.3	13.1	8.9	0.592
W273600	Schweineroulade	Pork roulade sausage	806	194	14.71	5.38	0.17	0.15	15.21	1.8
X532812	Broccoli im Backteig (mit Bier) frittiert	Broccoli in frying batter (with beer) deep-fried	975	234	14.19	1.45	17.7	1.06	6.8	0.502
Y173623	Rinderlebergeschnetzeltes, mit Grundsauce dunkel/braun	Beef liver ragout, with brown basic sauce	582	139	7.5	1	6.01	0.41	11.77	0.578
X423053	Rinderkraftbrühe mit Grießklößchen	Beef consomme with small semolina dumplings	136	32	1.3	0.53	3.41	0.29	1.67	0.562
W845000	Wildbretgalantine gebacken	Game galantine baked	656	156	6.38	2.25	0.06	0.03	24.6	1.8
X445743	Sellerie-Lauchcremesuppe	Cream of celeriac-leek soup	160	38	2.18	1.36	3	1.4	1.1	0.118
D3A1000	Biskuitrolle/Biskuitroulade, mit Himbeersahnecreme	Sponge cake roll, filled with raspberry-cream	998	238	10.4	4.88	29.3	21.4	5.6	0.12
V416282	Hähnchen Brustfilet, tiefgefroren, gebraten ohne Fett (Pfanne)	Chicken breast fillet, deep-frozen, fried without fat (pan)	582	137	1.59	0.36	0	0	30.79	0.147
X364043	Johannisbeersauce einfach, aus Fruchtsaft	Red currant sauce (of fruit juice)	338	79	0.1	0.026	16.96	16.22	0.992	0.005
Y8A8010	Hefeteig gesüßt, mit Milch 3,5 % Fett, roh	Yeast dough sweetened, with milk 3.5 % fat, raw	1333	317	10.14	1.32	47	8.04	7.91	0.572
Y880853	Quarkauflauf	Quark casserole	972	232	11.1	3.8	21.5	14.2	10.5	0.372
D4A8200	Kürbis-Kuchen (Rührmasse)	Pumpkin cake (cake batter)	1420	339	16.1	9.7	41.7	22.6	5.2	0.2
X820852	Reis mit gedünstetem Gemüse und Kochschinken	Rice with stewed vegetables and boiled ham	453	108	2.24	0.25	17.5	0.9	3.83	0.2
S221200	Speiseeis (Karamell, Schokolade) gemischt	Ice cream mixed (caramel, chocolate)	873	208	9.63	4.31	25.7	23.4	3.9	0.092
Y634732	Seezungenfilet gegrillt	Sole fillet grilled	522	124	4.7	0.8	0.03	0.03	20.34	0.69
X331463	Teufelssauce von dunkler/brauner Grundsauce	Devil's sauce from brown basic sauce	273	66	4.2	0.3	4.79	0.47	0.97	0.68
X365743	Erdbeersauce roh	Strawberry sauce (of raw fruit)	447	106	2.3	1.102	19.493	18.938	0.667	0.01
X437143	Leberspätzle/Leberreis	Liver spaetzle	1010	240	5.43	2.12	31.26	0.42	15.18	0.528
Y843312	Nektarinenkompott ungesüßt	Nectarine compote unsweetened	135	32	0.1	0.002	6	5.3	0.7	0.004
X448343	Steinpilzsuppe	Porcini mushroom soup	147	35	1.5	0.9	2.26	1	2.48	0.532
T603252	Zander tiefgefroren, gedünstet	Pike-perch deep-frozen, stewed	323	76	0.62	0.138	0	0	17.647	0.06
Y497412	Lammkeule geschmort mit Zwiebeln und Senf, mit Grundsauce dunkel/braun	Leg of lamb braised with onions and mustard, with brown basic sauce	792	189	9.8	2.8	3	0.6	22.05	0.72
Y741952	Eierstich mit Kräutern	Egg custard with herbs, diced	418	100	6.78	2.825	2.09	2.08	7.71	0.592
W378100	Gänseleber in Aspik	Goose liver in aspic	566	135	5.3	1.9	1.53	0	20.2	1.692
T710172	Edelkrebs/Flusskrebs, gekocht, gegrillt	Crayfish boiled, grilled	351	83	0.806	0.116	0	0	18.904	0.92
X545053	Spargel gekocht, mit Grundsauce hell/weiß	Asparagus boiled, with white basic sauce	155	37	1.5	0.9	3.82	2.77	1.56	0.4
Y6A1010	Thunfischaufstrich mit Mayonnaise	Tuna dip with mayonnaise	549	131	6	0.66	0.63	0.62	18.2	1.072
D440800	Königskuchen (Rührmasse) mit Alkohol	Candied fruit cake (cake batter) with alcohol	1562	373	16.2	8.6	47.9	26.6	6.9	0.39
D733600	Nussecken (Mürbeteig)	Nut triangles (shortcrust pastry)	2269	545	36.6	14.18	44.6	30.7	7.4	0.102
W273100	Rinderbierschinken	Beef beer ham	524	125	6.91	2.62	0.08	0	15.71	2.2
D7A7600	Schoko-Plunder	Danish pastry with chocolate	2087	500	29.16	15.45	49	14.083	8.65	0.908
W278000	Kalbsroulade mit Schweinefleisch	Veal roulade sausage with pork	652	157	10.78	4.19	0.32	0.29	14.57	1.8
T730172	Hummer gekocht, gegrillt	Lobster boiled, grilled	496	118	3.501	0.442	0	0	21.534	1.055
M255000	Buttermilchdessert mit Sahne und Fruchtzubereitung, gesüßt	Buttermilk dessert with cream and fruit preparation, sweetened	462	110	3.944	2.19	14.696	13.96	3.446	0.13
Y856243	Weingelee	Wine jelly	369	87	0	0.009	16.58	16.57	1.6	0.015
X936410	Bananenmilch mit Milch 3,5 % Fett	Banana milk with milk 3.5 % fat	297	71	2.3	1.375	9.39	8.86	2.54	0.055
X1A3000	Glasnudelsalat mit Putenbrust, Gemüse und Essigmarinade	Glass noodle salad with turkey breast, vegetables and vinegar marinade	409	97	3.1	0.28	12.3	1.5	4.2	0.612
X810713	Apfelreis mit Milch 3,5 % Fett	Apple rice with milk 3.5 % fat	486	116	3.4	2.126	17.4	8.95	3.28	0.078
D466100	Apfelkuchen gedeckt (Hefeteig)	Apple pie (yeast dough)	785	187	5.6	3.3	29	11.9	3.5	0.032
S134000	Gelee extra	Jelly extra quality	976	230	0.1	0.014	55	55	0.6	0.01
Y036610	Frikadellen aus Rindfleisch gebraten	Beef meatballs fried	1246	299	21.05	7.45	5.98	0.74	21.24	0.73
X651912	Bratkartoffeln mit Ei	Fried potatoes with egg	823	198	13.398	1.25	13.84	0.98	4.509	0.3
Y8A6000	Quark-Grieß-Auflauf	Quark-semolina casserole	598	143	7.3	3.8	13.4	8.5	5.5	0.12
X212240	Endiviensalat mit Essigmarinde	Endive salad with vinegar marinade	633	154	15.93	1.16	0.64	0.63	0.83	0.368
X1A4000	Geflügelsalat (Huhn) mit Essigmarinade	Poultry salad (chicken) with vinegar marinade	515	123	5.95	0.53	3.3	2.6	13	0.152
K241200	Kartoffelkloß halb und halb, tiefgefroren	Potato dumpling half and half, deep-frozen	492	116	1.09	0.28	21.53	0.668	4.09	0.09
Y7A2000	Schafskäse-Dip	Dip made from sheep's milk cheese	981	236	18.58	10.8	6.4	6.4	8.64	0.93
Y780043	Brötchen mit Tilsiter und saurer Sahne überbacken	Rolls gratinated with Tilsit cheese and sour cream	1456	348	19.5	11.7	24.5	1.9	17.58	1.68
U010132	Rind Hackfleisch, gekocht	Beef mince, boiled	1245	299	20.488	9.244	0	0	28.653	0.132
Y814010	Apfel-Bananenmus (roh) mit Rosinen	Apple-banana sauce (raw) with raisins	296	70	0.4	0.1	14.1	12.7	0.9	0.002
D433400	Gewürzkuchen (Rührmasse)	Spice cake (cake batter)	1759	420	21.29	11.48	48.2	22.66	7.81	0.468
Y892142	Kartoffelbällchen (Hefeteig mit gekochten Kartoffeln) frittiert	Small potato-yeast dumplings fried	1477	353	18.8	7.1	38	12.22	6.81	0.112
Y686433	Tintenfischtuben gefüllt, gegrillt	Cuttlefish tubes filled, grilled	727	173	7.8	1.08	5	0.45	20.13	1.995
Y722353	Rührei gebraten mit Paprika	Scrambled eggs fried with sweet peppers	730	176	13.52	2.42	2.3	2.29	10.76	0.572
Y372012	Schweinehirn gebraten mit Ei	Pork brain fried with egg	619	149	10.85	2.22	0.4	0.38	12.15	0.95
W302000	Geflügelleberwurst	Poultry liver sausage	448	106	2	0.636	0.12	0.12	21.8	2
W863000	Kalbszunge in Weißweinaspik	Veal tongue white-wine aspic	477	114	6.2	2	0.44	0.44	12.7	1.5
X422163	Rinderkraftbrühe mit Flädle/Frittaten/Suppenpfannkuchen	Beef consomme with strips of crepe	225	54	2.7	0.46	5.14	0.51	2.07	0.502
K750152	Mischpilze gedünstet	Mixed mushrooms stewed	196	47	0.4	0.056	3.05	1.37	4.9	0.018
D310800	Biskuitrolle/Biskuitroulade, mit Erdbeersahnecreme	Sponge cake roll, filled with strawberry-cream	1004	240	10.5	4.94	29.9	21.9	5.6	0.122
G311282	Blumenkohl tiefgefroren, gebraten ohne Fett (Pfanne)	Cauliflower deep-frozen, fried without fat (pan)	273	66	0.622	0.094	11.23	4.56	2.6	0.06
D721100	Eberswalder Spritzkuchen (Brandmasse) frittiert	"Eberswalder" french crullers (choux pastry) deep-fried	1568	374	16.3	7.4	50.3	36	5.88	0.22
M2R7300	Joghurt mind. 3,5 % Fett, mit Knuspermüslizubereitung, gesüßt	Yogurt min. 3.5 % fat, with crunchy-muesli mix, sweetened	459	110	4.83	2.84	11.1	7.2	4.3	0.135
D461200	Käsekuchen/Quarkkuchen (Hefeteig)	Cheesecake (yeast dough)	1018	243	9.7	5.6	28	13.1	9.7	0.125
X455913	Gulaschsuppe mit Rindfleisch, Fleischbrühe und Rotwein	Goulash soup with beef, meat stock and red wine	291	70	4.7	1.3	2	1.1	4.3	0.672
Y868040	Buttermilchsulze (mit Arrak)	Buttermilk aspic (with arrack)	398	94	1.6	0.89	13.33	13.33	3.8	0.078
Y033112	Deutsches Beefsteak gebraten	German beefsteak fried	1172	282	19.52	7.37	4.93	0.96	21.2	0.738
X9A6070	Vegetarische Füllung für Gemüse	Vegetarian filling for vegetables	1035	249	16.85	4.83	15.23	3.01	8.3	1.198
X458143	Geflügelcremesuppe (Huhn)	Cream of chicken soup	454	109	7.8	3.1	1.53	0.108	8.2	0.62
X493343	Heidelbeersuppe gebunden mit Stärke	Blueberry soup thickened with starch	334	79	0.4	0.039	15.84	14.86	0.4	0.008
M2A3200	Joghurt fettarm, mind. 1,5 % bis max. 1,8 % Fett, mit Fruchtzubereitung, gesüßt, laktosefrei	Yogurt low-fat, min. 1.5 % to max. 1.8 % fat, with fruit preparation, sweetened, lactose-free	342	81	1.273	0.65	12.9	11.81	3.612	0.125
X744233	Eierteigwaren mit gebratenem Hähnchenbrustfilet und Grundsauce hell/weiß	Egg pasta with fried chicken breast fillet and white basic sauce	544	129	2.8	1.5	13.44	0.43	12.1	0.435
D6A2000	Baumkuchenspitzen	Spit cake tips	2036	488	29.7	16	45.7	35.3	7.1	0.292
R9A1200	Käsesahnecreme für Gebäck/Torten	Cheese cream (egg-free) for pastry/tortes	864	208	14.3	7.67	12.129	12.129	7.1	0.072
W410482	Schwein Schinkenspeck, Rohpökelware, geräuchert, gebraten ohne Fett (Pfanne)	Pork bacon (ham) raw cured, smoked, fried without fat (pan)	554	131	3.9	1.29	0.573	0.573	23.51	4.8
G480232	Speisezwiebel tiefgefroren, gekocht	Onion deep-frozen, boiled	157	37	0.167	0.028	6.68	6.68	1.284	0.015
X5A8050	Tofu vegan paniert, gebraten	Tofu vegan breaded, fried	972	233	11.93	1.39	14.24	0.98	15.74	0.482
G450242	Spargel tiefgefroren, gedämpft	Asparagus deep-frozen, steamed	143	34	0.187	0.034	4.78	4.56	2.351	0.006
T934200	Alaska-Seelachs paniert, tiefgefroren	Alaska pollock breaded, deep-frozen	616	147	4.99	0.6	14.59	0.83	10.3	0.995
X1A7040	Fleischsalat (Rind) mit Essigmarinade	Meat salad (beef) with vinegar marinade	791	189	10.1	2.34	0.72	0.71	23.43	0.255
Y8A4100	Schokoladenpudding, Flammeri, zubereitet aus Pulver und Milch 1,5 % Fett	Chocolate pudding made from powder with milk 1.5 % fat	424	100	1.6	1	17.6	12.21	3.58	0.152
Y852312	Quittenkompott mit Süßstoff	Quince compote with artificial sweetener	142	34	0.322	0.024	5.3	4.496	0.27	0.01
X928112	Zwiebelkuchen ohne Speck	Onion cake without bacon	707	169	8.6	2.9	17	4.8	4.9	0.35
X1A2040	Kartoffelsalat mit Salatgurke und Mayonnaise, gestreckt mit Joghurt	Potato salad with cucumber and mayonnaise, diluted with yogurt	513	123	7.52	0.69	11.04	1	1.9	0.152
X4A3010	Kürbissuppe mit Kokosmilch	Pumpkin soup with coconut milk	244	59	4.1	2.2	4	2.5	1.01	0.418
W881400	Gewürfelte Zungenwurst Konserve	Sausage with diced tongue canned	1081	261	21.69	8	0.41	0.34	15.9	1.5
S623200	Nuss-Trüffel-Pralinen (alkoholhaltig)	Nut truffle pralines (alcoholic)	2160	519	33.94	20.3	44.6	43.4	5.77	0.145
Y321012	Schweinekotelett paniert, gebraten	Pork chop breaded, fried	1232	296	19.22	4.43	6.29	0.37	24.11	0.495
T424282	Meerforelle tiefgefroren, gebraten ohne Fett (Pfanne)	Sea trout deep-frozen, fried without fat (pan)	529	126	4.06	0.99	0	0	21.8	0.155
V988100	Leberknödel Konserve	Liver dumplings canned	889	212	9.75	3.35	14.34	1.7	16.18	1
V474272	Gans Fleisch, mit Haut, tiefgefroren, gegrillt	Goose meat, with skin, deep-frozen, grilled	1568	379	32.699	9.198	0	0	21.077	0.27
X2A1010	Chinakohlsalat mit Joghurtmarinade	Chinese white cabbage with yogurt marinade	138	33	1.45	0.33	1.96	1.83	2	0.155
S693000	Nüsse mit Vollmilchschokoladenüberzug	Whole milk chocolate covered nuts	2349	564	37.7	15.99	46.5	45.9	8	0.132
W237032	Fleischkäse fettreduziert, gekocht	Fleischkaese sausage reduced-fat, boiled	493	118	5.74	2.18	0.14	0	16.3	1.2
X9A4030	Pfannkuchen-Auflauf mit Spinatgemüse	Pankcake casserole with spinach	973	234	14.76	5.85	14.9	2.1	9.3	0.655
X636043	Kartoffelpüree, zubereitet aus Instantpulver, Wasser, Milch 3,5 % Fett und Fett	Potato puree, made from instant powder, water, milk 3.5 % fat and fat	357	85	3.33	1.76	11.09	1.41	2.26	0.408
X530163	Bayerisches Kraut gedünstet, mit Speck	Bavarian white cabbage stewed, with bacon	169	40	1.12	0.376	4.48	4.38	1.67	0.2
X558312	Zucchinipuffer gebraten	Courgette pancakes fried	399	95	3.96	0.58	10	1.9	4.2	0.325
Y632132	Hamburger Speckscholle, gebraten	Plaice fried with bacon	654	156	7.8	2.11	2.12	0.36	18.9	1.5
F014600	Mehrfruchtsaft angereichert mit Vitaminen (Multivitaminsaft)	Multi-fruit juice fortified with vitamins (multivitamin juice)	203	48	0.1	0.014	10.61	10.03	0.4	0.005
W870500	Kalbfleischwurst mit Schweinefleisch Konserve	Veal bologna with pork, canned	1046	253	23.72	9.19	0.08	0	9.82	2.065
P9A5110	Cocktail, Sex on the Beach	Cocktail, Sex on the beach	306	73	0.093	0.018	6.6	6.6	0.3	0.012
D1A2000	Aprikosenkuchen (Mürbeteig) mit Rahmguss	Apricot cake (shortcrust pastry) with cream topping	998	238	11.99	6.79	28.21	17.18	3.9	0.108
Y584123	Putenragout mit Paprika und saurer Sahne	Turkey ragout with sweet pepper and sour cream	635	152	7.8	1.1	2.9	1.2	17.26	0.65
T797262	Venusmuschel tiefgefroren, gratiniert ohne Fett (Ofen)	Venus clam deep-frozen, gratinated without fat (oven)	339	80	1.07	0.21	1.6	0	16	0.915
G093200	Suppengrün/Suppenkraut, tiefgefroren	Mirepoix deep-frozen	135	32	0.335	0.061	3.3	3.2	2.154	0.125
W145000	Rindersalami	Beef salami	1635	395	34.14	16.061	0.18	0	21.63	3.8
Y311233	Schweinemedaillon gebraten, mit Apfel und Sauce	Pork medaillon fried, with apple and sauce	444	105	2.5	0.3	3.6	1.844	16.8	0.532
D9A5200	Vollkornsandkuchen (Rührmasse)	Wholemeal sand cake	1720	412	23.1	8.14	41.1	22.618	7.82	0.45
W371000	Kalbfleischsülze	Jellied veal	343	82	3.8	1.694	0.02	0	11.9	1.8
X7A3030	Eier-Frischteigwaren Ravioli, vegetarisch gefüllt mit Spargel und Ricotta	Fresh egg pasta Ravioli, vegetarian filled with asparagus and ricotta	474	113	4.17	1.75	12.24	0.91	6	0.398
X8A1070	Reis-Schinkenfüllung für Gemüse	Rice-ham filling for vegetables	1050	251	13.45	3.13	17.2	0.69	14.55	1.482
Y650812	Karpfen im Backteig (mit Bier) frittiert	Carp in frying batter (with beer) deep-fried	1020	244	13.62	1.97	13.5	0.125	16.1	0.42
X0A3020	Knuspermüsli (Granola) gesüßt, mit Milch 3,5 % Fett und Fruchtmischung	Crunchy muesli (granola) sweetened, with milk 3.5 % fat and mixed fruit	644	154	6.2	2.2	17.9	9.4	4.8	0.04
U067100	Kalbskäsebrät mit Schweinefleisch, roh	Leberkase sausage meat from veal with pork, raw	1122	271	24.9	9	0.09	0	11.7	2.155
X3A9000	Buttermilch-Dressing für Salat	Buttermilk dressing for salad	162	38	0.5	0.29	3.74	3.69	2.59	1.381
Y625112	Schellfischfilet pochiert (ohne Sauce)	Haddock fillet poached (without sauce)	301	71	0.6	0.107	0.145	0.145	15.9	0.298
Y813142	Savarin (getränkt mit Weißwein)	"Savarin" (yeast ring cake, drizzled with white wine)	1221	291	10.89	5.96	36	9.55	7.8	0.14
D4A6300	Thüringer Mohnkuchen (Hefeteig)	Thuringian poppy seed cake (yeast dough)	1233	294	12.73	3.93	34	16.66	9	0.085
X061610	Baguette mit Kochschinken, Frischkäsecreme, Tomaten und Champignons, überbacken	Baguette gratinated with boiled ham, cream cheese, tomatoes and button mushrooms	697	166	5.26	2.97	17	2	11.4	1.435
D771900	Brötchen (Blätterteig)	Puff pastry roll	1766	425	32.19	12.91	28.65	0.123	4.18	0.398
F4A1900	Preiselbeere gezuckert (mit Pektin) Konserve	Lingonberry sugared (with pectine) canned	749	176	0.2	0.048	42.2	42.2	0.3	0.008
X547053	Lauch/Porree, gedünstet, mit Bechamelsauce	Leek stewed, with Bechamel sauce	259	62	3.3	2	5	3.2	2.39	0.36
Y0A2000	Blätterteigtaschen gefüllt mit Rinderhackfleisch und Käse, gebacken	Puff pastry pockets filled with beef mince and cheese, baked	1754	423	33.68	14.06	14.78	0.48	14.25	1.132
X0A4030	Haferflocken ungesüßt, mit Sojadrink und Fruchtmischung	Oat flakes unsweetened, with soya drink and mixed fruit	520	124	2.4	0.472	18.2	4.08	4.95	0.028
K282200	Kartoffelkroketten tiefgefroren	Potato croquettes deep-frozen	753	180	9.27	2.5	19.05	0.95	4.04	0.945
X671042	Thüringer Klöße (Mischung aus rohen und gekochten Kartoffeln)	Thuringian dumplings (made from raw and boiled potatoes)	324	77	0.45	0.254	15.66	0.8	1.82	0.24
M260100	Molkenmischgetränk mit Fruchtsaft, Zucker und Süßungsmitteln, angereichert mit Vitaminen	Whey with fruit juice, sugar and artificial sweeteners fortified with vitamins	142	33	0.1	0.04	7	6.8	0.6	0.082
X820553	Reis mit gedünsteten Tomaten	Rice with stewed tomatoes	415	98	1.151	0.09	19.2	1.18	2.154	0.118
U013100	Rind Frikadelle, roh	Beef patty, raw	728	175	11.3	4.963	4	0.6	13.96	1.308
E632232	Dinkelvollkornteigwaren eifrei, gekocht	Wholemeal spelt pasta egg-free, boiled	535	127	0.9	0.092	22.38	0.389	5.26	0.001
X359712	French Dressing	French dressing	2062	501	52.9	4.82	1.3	1.3	2.8	1.15
W981600	Champignonpastete mit Mürbeteig, gebacken	Button mushroom pate with shortcrust pastry, baked	1028	247	17.25	7.36	7.62	0.055	15.01	1.5
Y245013	Kalbsfrikassee	Veal fricassee	396	94	3	1.7	1.83	0.31	14.9	0.552
W132000	Zervelatwurst	Zervelatwurst sausage	1637	395	34.8	14.7	0.21	0	20.3	3.8
U461242	Kalb Bug/Schulter, tiefgefroren, geschmort ohne Fett	Veal shoulder, deep-frozen, braised without fat	492	116	1.077	0.452	0	0	26.571	0.175
X421363	Rinderkraftbrühe mit Eierstich	Beef consomme with diced egg custard	75	18	1.2	0.427	0.31	0.31	1.5	0.568
X610253	Brühkartoffeln mit Gemüsebrühe und Gemüse	Boiled potatoes with vegetable stock and vegetables	308	73	1.7	0.1	12.3	1.1	1.51	0.27
Y302232	Kasseler im Brotteig gebacken	Pork loin chop cured, baked in bread dough	696	165	1.84	0.46	22	2.15	13.31	2.37
X642063	Bäckerin-Kartoffeln vegetarisch	"Bäckerin-Kartoffeln" (potato gratin) vegetarian	438	105	4.8	1.2	13	2.8	1.66	0.632
Y111032	Rinderfiletmedaillons gebraten, mit Röstgemüse	Beef fillet medaillons fried, with fried vegetables	530	126	4.82	1.44	2.1	2.1	17.42	0.585
Y131223	Roastbeef gebraten im Ofen, mit Sauce	Roast beef fried in oven, with sauce	697	166	7	1.9	0.76	0.003	24.98	0.57
X200840	Sommersalat mit Karotten, Kohlrabi, Gurke und Joghurtmarinade	Summer salad with carrots, kohlrabi, cucumber and yogurt marinade	190	46	2.03	0.5	4	3.94	1.63	0.178
N261700	Pfirsich-Maracuja Fruchtnektar	Peach-maracuja fruit nectar	182	43	0	0.005	10.2	9.8	0.3	0.005
F957900	Rhabarberkompott mit einer Zuckerart und Süßungsmitteln, Konserve	Rhubarb compote with sugar and artificial sweeteners, canned	204	48	0.121	0.025	9.3	9.1	0.522	0.01
D660300	Kokosmakronen	Coconut macaroons	2100	504	29.9	28.222	49.4	49.1	5.9	0.148
X443063	Blumenkohlcremesuppe/Dubarry-Suppe	Cream of cauliflower soup (Puree Dubarry)	220	53	3.1	1.7	4.05	1.69	2	0.38
W352000	Zungenblutwurst	Tongue blood sausage	1068	257	20.76	7.6	0.16	0.1	17.44	1.8
X657052	Kartoffelbratlinge mit Zwiebeln gebraten	Potato patties with onions fried	910	218	13.67	1.08	18.95	1.78	3.69	0.34
D740600	Wiener Hörnchen (Hefeteig)	Viennese crescent roll (yeast dough)	1337	318	10.5	5.9	47	19.4	7.6	0.422
U980400	Gulaschsuppe Konserve	Goulash soup canned	415	99	5.6	2.34	4	1.3	7.9	1.335
X324253	Kräutersauce von Bechamelsauce	Herb sauce from Bechamel sauce	366	88	6.2	4	5.42	2.44	2.5	0.498
S493000	Haselnuss-Krokant	Hazelnut brittle	1921	456	12.918	1.075	80.9	80.786	3.25	0.01
T753272	Garnele/Granat/Krabbe, tiefgefroren, gegrillt	Common shrimp deep-frozen, grilled	542	128	2.149	0.475	0	0	27.206	0.545
Y9A2010	Himbeereis	Raspberry ice cream	720	172	7.5	3.938	22.5	22.5	1.4	0.042
X436143	Brätklößchen	Small sausage meatballs	785	189	13.32	4.73	5.61	1.25	11.39	0.99
X357340	Joghurt-Dressing	Yogurt dressing	532	128	10.7	2.39	3.51	3.49	3.25	0.555
D650500	Feine Oblaten-Lebkuchen	Gingerbread on baking wafers	1622	386	11.9	1.41	56.2	30	11.24	0.142
X416813	Gemüsebrühe mit Gemüse	Vegetable stock with vegetables	98	23	1.5	1	1.4	1.3	0.8	0.615
X2A2010	Feldsalat mit Champignons und Essigmarinade	Lamb's lettuce with button mushrooms and vinegar marinade	425	103	9.69	0.69	1.3	0.8	1.76	0.212
U583232	Schwein Kochfleisch (Bauch) tiefgefroren, gekocht	Pork meat for boiling (belly) deep-frozen, boiled	1479	357	29.64	10.61	0	0	22.49	0.097
F4B1900	Preiselbeere mit einer Zuckerart und Süßungsmitteln (mit Pektin) Konserve	Lingonberry with sugar and artificial sweeteners (with pectine) canned	356	84	0.2	0.043	19.2	19.2	0.3	0.01
X820653	Reis mit Tomatenmark	Rice with tomato paste	476	112	1.3	0.1	22.3	1	2.4	0.175
X7A3020	Eier-Frischteigwaren Ravioli, gefüllt mit Rinderhackfleisch	Fresh egg pasta Ravioli, filled with beef mince	607	144	4.8	1.48	17	0.17	7.6	0.428
Y870643	Mokkacreme abgeschlagen (mit Gelatine)	Mocha cream (with gelatine)	797	191	12.6	6.59	13.8	13.73	5.5	0.125
T753282	Garnele/Granat/Krabbe, tiefgefroren, gebraten ohne Fett (Pfanne)	Common shrimp deep-frozen, fried without fat (pan)	459	109	1.87	0.413	0	0	22.948	0.402
X535053	Kohlrabi gedünstet, mit Grundsauce hell/weiß	Kohlrabi stewed, with white basic sauce	298	72	5.6	1.4	3.46	2.2	1.37	0.518
W841000	Kalbfleischgalantine gebacken	Veal meat galantine baked	501	119	4.13	1.76	0.03	0	20.45	1.8
R941000	Kirschfüllung für Gebäck/Torten	Cherry filling for pastry/tortes	345	81	0.24	0.029	18.32	13.61	0.73	0.002
X422363	Rinderkraftbrühe mit Eierteigwaren	Beef consomme with egg pasta	73	17	0.3	0.033	2.64	0.07	0.9	0.525
Y843143	Apfelmus	Apple sauce	249	59	0.399	0.16	12.5	11.558	0.338	0.002
D660200	Marzipanmakronen	Marzipan macaroons	1906	457	26.1	2.25	41.56	41.419	11.2	0.12
V413242	Hähnchen Fleisch, ohne Haut, tiefgefroren, geschmort ohne Fett	Chicken meat, without skin, deep-frozen, braised without fat	800	190	6.1	1.068	0	0	33.8	0.142
X341060	Mayonnaise mit Zitronensaft	Mayonnaise with lemon juice	2962	720	78.6	6.41	0.56	0.56	2.1	1.255
D7A6000	Berliner/Pfannkuchen/Krapfen (Hefeteig) frittiert, ungefüllt	"Berliner" doughnut (yeast dough) deep-fried, unfilled	1487	355	17.3	8.8	40.7	4.6	7.8	0.5
U811262	Schaf Filet/Lende, tiefgefroren, gebraten ohne Fett (Ofen)	Sheep tenderloin, deep-frozen, fried without fat (oven)	937	225	14.3	6.508	0	0	24	0.215
Y780543	Käsescheiben paniert, gebraten	Cheese slices breaded, fried	1719	414	31.65	18.05	5.81	0.5	25.8	0.662
S201000	Frucht-Sorbet	Fruit sherbet/sorbet	515	121	0.1	0.036	27.809	27.809	0.7	0.03
X673612	Kartoffelklöße von rohen Kartoffeln	Potato dumplings from raw potatoes	366	87	1.75	1.052	15.05	1.13	2.1	0.215
X3A7030	Sardellenpesto mit Kräutern	Anchovy pesto with herbs	993	240	22.8	4.1	0.3	0.3	7.53	2.678
X551142	Auberginenscheiben gebraten	Aubergine slices fried	656	159	14.2	1.08	4.6	4.4	1.05	0.68
G311232	Blumenkohl tiefgefroren, gekocht	Cauliflower deep-frozen, boiled	123	29	0.28	0.042	5.05	2.05	1.2	0.035
S538600	Milchschokolade mit Karamell-Füllung (alkoholhaltig)	Whole milk chocolate with caramel filling (alcoholic)	2186	524	31.33	19.37	52.2	47.1	4.78	0.135
X444613	Broccolicremesuppe	Cream of broccoli soup	218	52	3.1	1.6	3.1	1.43	2.4	0.405
Y174122	Rinderlungenhaschee mit Sauce	Beef lung ragout with sauce	396	95	4.8	1	3.22	0.4	9.39	0.588
Y812962	Arme Ritter gebraten, mit Zucker und Zimt	French toast fried, with sugar and cinnamon	1189	284	12.59	2.7	34.43	12.83	7.1	0.78
Y996240	Erdbeercremeeis	Strawberry ice cream (with egg)	594	142	6.43	3.21	16.96	16.94	3.5	0.072
U811272	Schaf Filet/Lende, tiefgefroren, gegrillt	Sheep tenderloin, deep-frozen, grilled	1083	260	17.5	8	0	0	25.6	0.248
Y856312	Rote Grütze zuckerreduziert	Red fruit jelly, sugar-reduced	312	74	0.3	0.035	14.3	10	1.1	0.005
N251000	Fruchtsaftgetränk mit Zucker und Süßungsmitteln	Fruit juice beverage with sugar and artificial sweeteners	45	10	0	0.002	2.2	2.2	0.148	0.008
Y141123	Rindergulasch ungarisch	Beef goulash "Hungarian"	670	160	8.8	1.98	4.5	4.5	14.9	0.562
Y886240	Joghurtcreme	Yogurt cream (with gelatine)	478	113	3.3	1.55	15.59	15.59	4.6	0.135
S582100	Waffelschnitte gefüllt mit Kakaocreme und gerösteten Haselnussstückchen	Wafer square filled with cocoa cream and roasted hazelnut bits	2186	524	30.6	11.5	52.6	42.2	7.6	0.25
X536463	Rosenkohl mit Käse überbacken	Brussels sprouts with cheese gratinated	364	88	5.2	2.6	3.24	1.36	5.1	0.55
S581700	Karamell-Toffee gefüllt mit Nougatcreme, Schokolade und Haselnuss	Caramel-toffee filled with nougat cream, chocolate and hazelnut	2218	532	27.7	9.8	58.3	47.6	5.7	0.35
X453253	Brühreis mit Rindfleisch	Boiled rice with beef	632	150	2.7	1.3	20.7	0.36	10.27	0.452
W397300	Gänseleberpastete mit Schweinefleisch, gebacken	Goose liver pate with pork, baked	1016	244	17.66	7.3	1.46	0.36	19.8	1.8
W274500	Presssäckel	Brawn Presssäckel	1165	281	24.7	6.05	0.07	0	14.7	1.8
V419072	Hähnchen Flügel, mit Haut, mariniert, gegrillt	Chicken wings, with skin, marinated, grilled	1260	303	20.83	3.95	2.56	2.49	26.02	1.358
V465282	Ente Schenkel, mit Haut, tiefgefroren, gebraten ohne Fett (Pfanne)	Duck leg, with skin, deep-frozen, fried without fat (pan)	831	199	10.88	3.61	0	0	25.23	0.332
D732100	Vanille-Mürbchen (Mürbeteig)	Vanilla shortcrust pastry biscuit	2246	537	28.73	18.19	63.5	27.3	4.94	0.082
X2A1050	Karottensalat (roh) mit Joghurtmarinade	Carrot salad (raw) with yogurt marinade	253	60	2.76	0.68	5.72	5.65	1.46	0.242
U080232	Rind Leberhack, tiefgefroren, gekocht	Beef liver mince, deep-frozen, boiled	732	174	4.436	1.391	7.227	0	26.195	0.262
S691000	Knäckebrotstückchen in Vollmilchschokolade	Crispbread pieces in whole milk chocolate	1987	475	22.52	13.32	57.4	39.49	6.87	0.522
Y914032	Wiener Würstchen mit Senf	Vienna sausage with mustard	1122	271	24.34	8.467	0.16	0.15	12.12	2.055
W277000	Paprikaspeckwurst	Paprika bacon sausage	764	184	14.97	5.43	0.08	0	12.23	2.2
Y332832	Cordon bleu vom Schwein gebraten	Pork cordon bleu fried	899	215	11.88	3.32	4.74	0.42	21.9	0.762
X070060	Clubsandwich mit Mozzarella, Tomaten und Kochschinken	Club sandwich with mozzarella, tomatoes and boiled ham	793	190	10.45	4.57	12	1.8	10.9	1.115
D705400	Bananen im Ausbackteig frittiert	Bananas in frying batter deep-fried	984	236	13.2	4.4	23.2	8.55	4.8	0.082
V132262	Kaninchen Fleisch, tiefgefroren, gebraten ohne Fett (Ofen)	Domestic rabbit meat, deep-frozen, fried without fat (oven)	648	154	5.7	2.2	0	0	25.7	0.148
S244800	Speiseeis (Kaffee, Schoko) gemischt	Ice cream mixed (chocolate, coffee)	842	201	9.8	4.43	23.4	21.1	4	0.095
V487242	Pute Flügel, mit Haut, tiefgefroren, geschmort ohne Fett	Turkey wings, with skin, deep-frozen, braised without fat	735	176	9.2	2	0	0	23.2	0.07
X0A4010	Haferflocken gesüßt, mit Sojadrink und Fruchtmischung	Oat flakes sweetened, with soya drink and mixed fruit	550	131	2.3	0.445	20.6	7.4	4.65	0.028
R9A6000	Apfel-Weincreme eihaltig, für Gebäck/Torten	Apple-wine cream (with egg) for pastry/tortes	770	183	6.4	0.75	26.44	22.76	2.4	0.058
D7A6600	Quarkbällchen (Hefeteig) frittiert	Quark balls (yeast dough) deep-fried	1710	408	17.5	8.8	49.7	24.4	10.8	0.082
V465262	Ente Schenkel, mit Haut, tiefgefroren, gebraten ohne Fett (Ofen)	Duck leg, with skin, deep-frozen, fried without fat (oven)	812	194	9.98	3.31	0	0	26.02	0.342
X469113	Serbische Bohnensuppe mit Speck	Serbian bean soup with bacon	406	97	4.2	1.06	8	1.9	4.84	0.5
X444253	Lauchcremesuppe	Cream of leek soup	267	64	4.5	2.4	4	2.4	1.4	0.365
E605300	Schupfnudeln eifrei, roh	Finger-shaped pasta egg-free, raw	740	175	0.56	0.1	36.18	0.54	4.93	2.058
D440300	Kuchen aus Sandmasse/Sandkuchen	Sand cake	1867	447	25.11	15.11	49.3	27.7	5.43	0.228
Y859343	Orangencreme abgeschlagen (mit Stärke)	Orange cream (with starch)	440	104	2.159	0.59	18.085	13.493	2.8	0.125
Y277033	Kalbsnierengeschnetzeltes mit Grundsauce dunkel/braun	Veal kidney ragout with brown basic sauce	686	165	10.9	2.8	2.42	0.54	14.03	0.798
S211100	Speiseeis (Nuss, Vanille) gemischt, in Waffeltüte	Ice cream mixed (nut, vanilla) in waffle cone	959	229	11.72	7.61	26.8	19.9	3.29	0.09
D660700	Haselnussmakronen	Hazelnut macaroons	2083	499	29	2.413	47.9	47.686	9.8	0.125
Y824463	Kirschplotzer (mit Weißwein) gebacken	Cherry souffle (with white wine)	1084	260	15.787	6.04	23.6	17.97	4.6	0.208
R930000	Vanillebuttercreme eihaltig, gestreckt, für Gebäck/Torten	Vanilla butter cream with egg, light, for pastry/tortes	1198	288	20.77	12.88	22.5	18.2	2.7	0.06
X671052	Thüringer grüne Kartoffelklöße (mit Grieß)	Thuringian green dumplings (made from raw and boiled potatoes with semolina)	475	113	3.81	2.31	16.3	1.59	2.77	0.3
X641812	Butterkartoffeln	Butter potatoes	443	106	3.705	2.344	15.134	0.646	1.961	0.182
X3A6030	Meerrettichsauce vegan, mit Sojadrink	Horseradish sauce vegan, with soya drink	330	79	4.9	0.94	4.2	1.187	3.56	0.182
X5A6010	Artischocken gekocht	Artichokes boiled (with lemon juice and salt)	220	53	0.2	0.004	3.21	3	2.833	0.93
U231232	Rind Hals/Kamm/Nacken, tiefgefroren, gekocht	Beef neck/chuck, deep-frozen, boiled	835	199	9.738	4.373	0	0	27.944	0.078
X810013	Milchreis gesüßt, mit Milch 3,5 % Fett, Rosinen und Pistazien	Rice pudding sweetened, with milk 3.5 % fat, raisins and pistachios	653	155	4.3	2.3	23.5	7.8	4.9	0.11
X320712	Kohlrübensuppe püriert	Swede puree soup	153	37	2.9	1.1	1.4	1.3	0.75	0.495
T753252	Garnele/Granat/Krabbe, tiefgefroren, gedünstet	Common shrimp deep-frozen, stewed	398	94	1.973	0.436	0	0	19.11	0.425
D730900	Fettgebäck (Mürbeteig) frittiert	Pastries (shortcrust pastry) deep-fried	1695	405	20	10.6	48	14.6	7.03	0.272
Y863112	Apfelmus mit Süßstoff	Apple sauce with artificial sweetener	212	50	0.435	0.175	10.1	9.118	0.369	0.01
K392200	Kartoffel-Speck-Rösti tiefgefroren	Potato rösti with bacon, deep-frozen	920	220	11.05	1.7	24.5	1.2	4.71	1.335
Y910060	Pommes frites mit Mayonnaise	Potato chips with mayonnaise	1315	316	21.6	1.71	26.14	1.38	3.1	1.008
X636012	Kartoffelpüree, zubereitet aus Instantpulver und Milch 1,5 % Fett	Potato puree, made from instant powder and milk 1.5 % fat	377	89	1.62	1.045	13.67	3.9	4.55	0.462
X558412	Zucchini mit Hirsefüllung und Käse überbacken	Courgette with millet-filling and cheese gratinated	419	100	5.16	1.46	9	2.2	3.7	0.445
X462413	Bayerischer Gemüsetopf mit Weißkraut	Bavarian vegetable stew with white cabbage	242	58	2	0.2	7.55	3.3	1.28	0.24
S581500	Milchschokoladen-Riegel gefüllt mit Knusperwaffel	Milk chocolate bar filled with crispy waffle	1907	457	25.51	14.76	48.9	41.9	6.39	0.15
W005000	Rinderbrät-Grundmasse (Halbfabrikat)	Sausage meat for beef cold cuts	785	188	12.515	5.415	0.038	0.016	18.915	2.5
X9A1040	Grünkernbratlinge mit Karotten und Nüssen, vegan, gebraten	Green spelt patties with carrots and nuts, vegan, fried	517	123	3.93	0.33	16.8	1.95	3.27	0.105
W373000	Gemüsesülze/Gemüse-Mix in Aspik	Vegetable aspic/vegetable mix in aspic	124	30	0.4	0.064	3.82	2.99	1.8	1.755
K311200	Kartoffeltaschen mit Frischkäsefüllung, tiefgefroren	Potato pockets with cream cheese filling, deep-frozen	899	215	11.46	3.75	24	2.1	3.1	1.332
D312800	Mokkasahnetorte (Wasserbiskuit) mit Alkohol	Mocha cream torte (water sponge cake) with alcohol	1182	284	19	9.9	22.8	17	4.5	0.13
X511463	Champignons gefüllt, überbacken	Button mushrooms filled, gratinated	912	220	16.8	4.35	3.3	1	13.14	1.648
U121272	Rind Kotelett (Rücken) tiefgefroren, gegrillt	Beef chop (loin) deep-frozen, grilled	636	151	5.101	2.228	0	0	26.283	0.142
V913300	Wildschweinpastete imitiert, mit Mürbeteig, gebacken	Mock wild boar pie, with shortcrust pastry, baked	874	209	11.2	5.08	7.3	0.08	19.44	1.5
Y725412	Rührei gebraten mit Kräutern	Scrambled eggs fried with herbs	838	202	16.54	2.97	0.39	0.38	12.85	0.705
S243200	Speiseeis (Nuss, Schoko, Vanille) gemischt, mit Eierlikör	Ice cream mixed (chocolate, vanilla, nut) with egg liqueur	967	231	10.65	6.2	26.4	22.5	3.24	0.098
X916063	Specktorte lothringisch	Quiche lorraine	1429	344	25.16	12.52	16.7	1.6	11.81	1
W383100	Grützblutwurst	Blood sausage with oat groats	779	187	12.87	4.71	4.3	0.19	13.1	1.8
N5A0000	Kaffeeersatz (Getränk) mit Haferdrink, ungesüßt	Coffee substitute (infusion) with oat drink, unsweetened	26	6	0.04	0.004	1.07	0.267	0.1	0.013
T831900	Makrele in Tomatensauce Konserve	Mackerel in tomato sauce, canned	830	200	15	1.68	5.6	4.5	10	0.912
V421072	Hähnchen Brustfilet, mariniert, gegrillt	Chicken breast fillet, marinated, grilled	685	163	4.91	0.63	2.13	2.07	27.34	1.03
W980100	Fleischwurst im Blätterteig gebacken	Bologna in puff pastry baked	1669	403	34.16	13.48	12.45	0.23	10.6	1.782
Y870653	Kaffeecreme einfach (mit Stärke)	Coffee cream simple (with starch)	611	146	6.7	3.4	16.1	11.76	5.2	0.14
X4A8080	Weiße-Bohnensuppe	Haricot bean soup	244	58	1.2	0.1	7.1	1	2.99	0.395
W342100	Leberrotwurst	Liver blood sausage	737	176	10.28	3.88	0.43	0.07	20.51	1.8
W985000	Fleischsalat mit Salatmayonnaise und Gurke	Bologna salad with salad mayonnaise and gherkin	1198	290	27.35	4.32	6.18	4.78	4.2	1.5
X446143	Karottencremesuppe	Cream of carrot soup	138	33	1.9	1.1	2.92	2.88	0.53	0.51
Y623012	Seelachsfilet gedünstet mit Weißwein	Saithe fillet stewed with white wine	535	128	5.7	0.84	0.13	0.13	17.534	0.689
Y374113	Schweinelunge sauer, gekocht, mit Grundsauce hell/weiß	Pork lung sour, boiled, with white basic sauce	341	82	5.5	2.7	2.3	0.5	5.61	0.62
U984100	Markklößchen Konserve	Marrow dumplings canned	1591	383	28.22	11.815	21.21	1.82	10.03	1.63
S623100	Pralinen mit Frucht-Nuss-Füllung (alkoholhaltig)	Pralines with fruit-nut filling (alcoholic)	2168	520	31.6	17.1	49.6	49	6.3	0.15
R9A6100	Mokkaflammeri mit Likör, für Gebäck/Torten	Mocha flummery with liqueur, for pastry/tortes	606	144	2.4	1.5	25	19	2.7	0.14
X635053	Kartoffelbrei mit Milch 3,5 % Fett	Potato mash with milk 3.5 % fat	327	78	2.7	1.706	11.04	1.32	1.9	0.515
M2J1100	Joghurt aus entrahmter Milch, max. 0,5 % Fett, mit Fruchtzubereitung, Zucker und Süßungsmitteln, angereichert mit Vitaminen	Yogurt from skimmed milk, max. 0.5 % fat, with fruit preparation, sugar and artificial sweeteners, fortified with vitamins	185	44	0.113	0.052	6.3	5.7	3.681	0.128
C359082	Reis parboiled, poliert, gekocht, gebraten ohne Fett (Pfanne)	Rice parboiled, boiled, fried without fat (pan)	495	117	0.34	0.098	25.3	0.12	2.851	0.002
Y311332	Schweinelende im Wirsingmantel, gebraten im Ofen	Pork tenderloin wrapped in savoy cabbage, fried in oven	390	93	3.2	0.6	2	1.5	13.33	0.528
U861232	Schaf Bug/Schulter, mager, tiefgefroren, gekocht	Sheep shoulder, lean, deep-frozen, boiled	864	206	9.01	3.1	0	0	31.2	0.175
D540200	Apfelstrudel (Strudelteig)	Apple strudel (strudel dough)	923	220	8.6	4.4	30.4	15.6	3.3	0.085
W350000	Filet-Blutwurst	Fillet blood sausage	941	226	16.35	6.1	0.16	0.1	19.57	1.8
Y627112	Sushi mit Lachs	Sushi with salmon	530	126	3.19	0.66	16.4	0.38	7.3	0.15
Y740342	Eier gekocht, gesalzen	Eggs boiled, salted	560	134	8.958	2.426	0.338	0.338	13.113	0.832
X354060	Roquefort-Dressing	Roquefort dressing	1047	253	24.2	14.499	2.2	2.17	5.58	1.488
X521413	Spinatgratin mit Käse überbacken	Spinach casserole with cheese gratinated	474	114	8.4	2.9	2.1	2.1	6.6	0.52
S530800	Milchschokolade mit Trüffelfüllung (alkoholhaltig)	Milk chocolate with truffle filling (alcoholic)	2367	569	40.1	21.8	44.5	43.7	5.03	0.148
D283000	Pfirsichtörtchen (Mürbeteig) mit Klarguss und Sahne	Peach tartlet (shortcrust pastry) with gelatin glaze and whipped cream	949	227	12.26	7.38	25.47	11.51	2.9	0.045
Y8A4120	Vanilleflammeri/Vanillepudding (als Dessert) mit Karamellsauce	Vanilla pudding (as dessert) with caramel sauce	593	141	4.88	2.52	19.98	14.16	4.2	0.122
V481282	Pute Fleisch, ohne Haut, tiefgefroren, gebraten ohne Fett (Pfanne)	Turkey meat, without skin, deep-frozen, fried without fat (pan)	589	140	3.1	0.865	0	0	27.903	0.275
N260000	Erfrischungsgetränk isotonisch, mit Zucker und Süßungsmitteln, angereichert mit Vitaminen und Mineralstoffen	Isotonic beverage with sugar and artificial sweeteners, fortified with vitamins and minerals	78	18	0	0.004	4.3	4.3	0.037	0.05
X574312	Bohnen weiß, gekocht (mit Fett und Salz)	Haricot beans boiled (with fat and salt)	623	149	2.7	0.24	17.252	0.776	8.527	0.145
Y8A3000	Apfel-Bananen-Birnenmus ungesüßt	Apple-banana-pear sauce unsweetened	276	65	0.4	0.113	13.4	11.43	0.719	0.002
Y840312	Birnenkompott ungesüßt	Pear compote unsweetened	142	34	0.2	0.024	7.45	5.72	0.185	0.004
Y546033	Wildschweinkeule geschmort, mit Wildsauce von dunkler/brauner Grundsauce	Leg of wild boar braised, with game sauce from brown basic sauce	692	166	10.5	2.68	2.55	0.009	15.21	0.75
T933100	Karpfen im Backteig, roh	Carp in frying batter, raw	652	155	5.55	1.22	11.44	0.105	13.7	0.358
Y8A4040	Grießbrei (als Dessert) mit Vanillesauce	Semolina pudding (as dessert) with vanilla sauce	448	107	3.81	2.2	13.72	8.31	4.2	0.1
T822400	Heringsfilet in Meerrettichcreme, Konserve	Herring fillet in horseradish cream, canned	699	168	12.62	2.22	3.58	1.99	9.9	0.838
X5A8030	Linsen gekocht, mit gedünstetem Suppengemüse	Lentils boiled, with stewed vegetables	508	121	2.9	0.3	13.6	0.9	7.2	0.24
Y722243	Rührei gebraten mit Tomaten	Scrambled eggs fried with tomatoes	705	170	13.35	2.39	1.4	1.39	10.65	0.568
X2A2060	Kopfsalat mit Tomate, Gurke und Joghurtmarinade	Lettuce with tomato, cucumber and yogurt marinade	195	47	2.76	0.67	2.6	2.6	1.83	0.25
V438242	Suppenhuhn Innereien, tiefgefroren, geschmort ohne Fett	Boiling fowl giblets, deep-frozen, braised without fat	1021	244	13.4	3.52	0	0	30.9	0.245
X496363	Orangenkaltschale	Cold orange soup	336	80	1.1	0.101	14.5	14.4	1.2	0.015
U980200	Ochsenschwanzsuppe gebunden, Konserve	Oxtail soup thickened, canned	369	88	4.4	1.97	2.27	1.44	9.6	0.948
M2R9300	Joghurt mind. 3,5 % Fett, mit Nusszubereitung, gesüßt	Yogurt min. 3.5 % fat, with nuts, sweetened	463	110	3.675	2.1	14.4	13.72	3.99	0.088
D734700	Husarenkrapfen (Mürbeteig)	"Husaren" biscuits (shortcrust pastry) filled with jam	2044	489	27.2	13.71	51	20.9	8.4	0.09
S243800	Speiseeis (Karamell, Nuss, Vanille) gemischt	Ice cream mixed (nut, vanilla, caramel)	862	206	10.58	6.65	23.85	20.68	3.3	0.095
T797282	Venusmuschel tiefgefroren, gebraten ohne Fett (Pfanne)	Venus clam deep-frozen, fried without fat (pan)	334	79	1.08	0.21	1.6	0	15.7	0.785
Y862363	Haselnussflammeri/Haselnusspudding	Hazelnut pudding	726	174	8.66	2.88	18.3	10.86	5.3	0.14
W271000	Bierschinken	Beer ham	671	161	10.45	3.5	0.08	0	16.625	2
T817900	Sardine in Tomatensauce, Konserve	Sardine in tomato sauce, canned	627	151	10.7	1.7	1.9	1.9	11.4	1.118
Y143132	Rindfleischspieße gegrillt	Beef skewer grilled	887	212	11.8	2.61	0.3	0.3	25.34	0.385
X0A2000	Frischkornbrei ungesüßt, mit Fruchtmischung	Fresh-grain porridge unsweetened, with mixed fruit	609	145	5	0.54	17.8	4.04	4.82	0.01
Y842412	Aprikosenkompott mit Süßstoff	Apricot compote with artificial sweetener	159	38	0.115	0.009	7.283	6.574	0.7	0.015
X570653	Erbsen-Mais-Gemüse gedünstet	Green peas and sweetcorn stewed	377	90	3.56	0.34	8.8	4.4	3.7	0.175
X6A2000	Süßkartoffelpüree (ohne Salz, geeignet für Beikost)	Sweet potato puree (without salt, suitable as baby food)	511	122	4.792	0.31	17.6	4.5	1.084	0.01
N001000	Nearwater/Aqua Plus Getränk, aromatisiert, ungesüßt	Nearwater/Aqua Plus beverage, flavoured, unsweetened	1	0	0	0.001	0	0	0.008	0.007
T410252	Lachs tiefgefroren, gedünstet	Salmon deep-frozen, stewed	681	163	10.419	2.232	0	0	17.355	0.079
E530032	Vollkorneierteigwaren gekocht	Wholemeal egg pasta boiled	527	125	0.99	0.171	21.56	0.271	5.17	0.008
W531000	Kasseler, Rohpökelware, geräuchert, paniert	Pork loin chop raw cured, smoked, breaded	521	124	2.69	0.91	6.28	0.42	18.29	2.425
X570763	Zuckererbsen gekocht, in Butter geschwenkt	Sugar peas boiled, tossed in butter	319	77	4.7	2.879	4.1	3.01	3.5	0.46
V351242	Wachtel Fleisch, ohne Haut, tiefgefroren, geschmort ohne Fett	Quail meat, without skin, deep-frozen, braised without fat	779	184	4.28	1.23	0	0	36.5	0.092
N500200	Kaffeeersatz (Getränk) mit Milch 3,5 % Fett	Coffee substitute (infusion) with milk 3.5 % fat	30	7	0.12	0.073	1.07	0.27	0.19	0.013
X980112	Semmelknödel	White bread dumplings	754	179	6.64	1.47	21.66	2.52	7.49	1.172
X2A1100	Rote-Bete-Karottensalat (roh) mit Essigmarinade	Beetroot-carrot salad (raw) with vinegar marinade	394	95	6.71	0.51	5.83	5.79	1.26	0.208
X1A7000	Wurst-Käsesalat mit Essigmarinade	Sausage-cheese salad with vinegar marinade	1054	255	22.54	8	1.63	1.61	10.4	1.148
X369243	Rotweinsauce süß	Red wine sauce sweet	319	76	0	0.001	12.9	12.12	0.008	0.005
U881242	Schaf Keule, mager, tiefgefroren, geschmort ohne Fett	Sheep leg, lean, deep-frozen, braised without fat	764	181	5.25	2.5	0	0	33.5	0.15
P9A7100	Cocktail, Cuba Libre	Cocktail, Cuba libre	216	52	0	0.002	5.435	5.435	0.012	0.002
W873500	Helle Zungenwurst Konserve	Light pork tongue sausage canned	689	166	12.2	4.26	0.22	0.15	13.71	2
Y652112	Schleie pochiert im Wurzelsud	Tench poached in root vegetable stock	227	54	0.531	0.136	1.8	1.8	9.671	0.15
X445713	Selleriecremesuppe	Cream of celeriac soup	244	59	4.7	2.5	2.62	1.36	0.96	0.485
Y371033	Schweineherzragout	Pork heart ragout	560	134	7	1.8	3.6	0.8	13.8	1.022
R963100	Brotaufstrich Tomate-Mozzarella	Tomato-mozzarella spread	1003	242	19.4	3.5	10.2	8.3	4.8	1.5
W254000	Jagdwurst/Schinkenwurst grob	Jagdwurst sausage/ham bologna coarsely minced	846	204	15.8	5.61	0.08	0	15.3	2
D3A6000	Frischkäse-Torte (ohne Backen)	Cheesecake (without baking)	1023	246	17.9	11.2	15.1	11	5.5	0.375
X448153	Champignoncremesuppe aus frischen Champignons und Fleischbrühe	Cream of button mushroom soup with meat stock	320	78	7	4	2	0.7	1.68	0.465
K260200	Kartoffelpuffer tiefgefroren	Potato pancakes deep-frozen	631	149	1.65	0.22	28.49	1.28	4	0.948
X328143	Schinkensauce von heller/weißer Grundsauce	Ham sauce from white basic sauce	290	70	4.4	2.6	3.13	0.62	4.11	1.008
X891133	Nasi Goreng (Reis gebraten mit Gemüse und Schweinefleisch)	Nasi Goreng (rice fried with vegetables and pork)	466	110	1	0.27	14	1.7	10.2	0.498
X930862	Pfannkuchen/Eierkuchen, gebraten, gefüllt mit gedünstetem Rahmspinat	Pancakes fried, filled with stewed cream-spinach	854	205	12.07	3.94	13.6	1.64	9.38	0.552
E607132	Grießklößchen getrocknet, gekocht	Semolina dumplings dried, boiled	491	117	4.78	2.47	12.12	2.48	6.02	0.182
T412252	Buckellachs tiefgefroren, gedünstet	Pink salmon deep-frozen, stewed	463	110	4.1	0.76	0	0	18.3	0.152
X416313	Gemüsebrühe mit Ei-Einlauf	Vegetable stock with egg	95	23	1	0.4	1.67	0.51	1.71	0.75
W131000	Zervelatwurst Ia	Zervelatwurst sausage high quality	1417	341	27.54	10.5	0.21	0	23.12	3.8
W854000	Sülzkotelett	Jellied pork chop	440	104	1.7	0.6	0.05	0.05	22.1	2.185
D7B8000	Spritzgebäck (Rührmasse)	Spritz biscuits (cake batter)	2060	493	28.8	17.18	50.5	17.2	6.7	0.158
V484282	Pute Fleisch, mit Haut, tiefgefroren, gebraten ohne Fett (Pfanne)	Turkey meat, with skin, deep-frozen, fried without fat (pan)	904	216	11.806	3.018	0	0	27.494	0.185
U342282	Kalb Schnitzel (Keule) tiefgefroren, gebraten ohne Fett (Pfanne)	Veal schnitzel (round) deep-frozen, fried without fat (pan)	533	126	0.974	0.407	0	0	29.224	0.19
G620262	Karotte/Möhre, tiefgefroren, gebacken	Carrot deep-frozen, baked	198	47	0.495	0.115	7.613	7.494	0.882	0.063
G720232	Wachsbohne tiefgefroren, gekocht	Wax bean deep-frozen, boiled	121	29	0.2	0	3.6	2.34	2.2	0.004
X548343	Zwiebeln gedünstet, mit Speck	Onions stewed, with bacon	233	56	2.5	0.3	4.93	4.68	2.63	0.8
Y660912	Rotbarschfilet gedünstet (mit Fett und Salz)	Redfish fillet stewed (with fat and salt)	472	113	6.5	0.8	0.3	0.3	13	0.655
V222262	Reh Rücken, tiefgefroren, gebraten ohne Fett (Ofen)	Roe deer saddle, deep-frozen, fried without fat (oven)	639	152	3.89	1.476	0	0	29.151	0.245
Y361123	Schweinerücken geschmort, mit Grundsauce dunkel/braun	Pork loin braised, with brown basic sauce	815	196	13.1	3.1	2.25	0.008	17.09	0.595
W161000	Plockwurst	Plockwurst sausage	1323	319	26.3	14.6	0	0	20.5	3.5
E605000	Kartoffel-Schupfnudeln roh	Potato noodles (Schupfnudeln) raw	641	151	1.27	0.22	28.72	0.569	5	1.172
X237460	Rotkohlsalat (roh) mit warmer Essigmarinade	Red cabbage salad (raw) with warm vinegar marinade	277	66	3.7	0.3	5.5	5.15	1.14	0.23
X424553	Fleischbrühe mit Brötchenscheiben	Meat stock with roll slices	217	52	1.1	0.3	8.2	0.76	1.88	0.822
X320363	Bechamelsauce mit Sahne	Bechamel sauce with cream	736	178	16.4	9.2	4.91	2.9	2.57	0.368
X638012	Kartoffelpüree, zubereitet aus Instantpulver und Wasser	Potato puree, made from instant powder and water	179	42	0.06	0.02	9.101	0	0.953	0.352
W288200	Gänsepresskopf mit Schweinefleisch	Ghoose brawn with pork	521	125	6.63	2.36	0.03	0	16.2	1.8
Y760142	Quarkklöße (mit Zucker und Zimt)	Quark dumplings (with sugar and cinnamon)	765	182	6.4	3.68	20.7	7.68	9.6	0.268
W410472	Schwein Schinkenspeck, Rohpökelware, geräuchert, gegrillt	Pork bacon (ham) raw cured, smoked, grilled	846	201	6.33	2.091	0.823	0.823	35.18	7
Y693842	Rotbarschfilet gegrillt	Redfish fillet grilled	552	132	6.6	1.01	0.03	0.03	18	0.638
Y842443	Kürbiskompott	Pumpkin compote	350	82	0.1	0.022	19.395	19.141	0.538	0.012
X880442	Curryreis mit Mandeln	Curried rice with almonds	617	147	5.64	0.44	20.9	0.17	2.684	0.09
W882300	Sächsischer Presskopf Konserve	Saxon brawn canned	992	239	18.3	6.533	0.1	0	18.4	2
W255300	Käsekrainer/Käsewürstchen	Small scalded sausage filled with cheese	797	192	14.17	6.59	0.06	0	15.9	2
X451463	Allgäuer Käsesuppe mit Croutons	Cheese soup "Allgäuer" with croutons	374	90	6.7	4.3	4	0.7	3.1	0.842
X538153	Weißkraut gekocht, mit Grundsauce hell/weiß	White cabbage boiled, with white basic sauce	168	40	1.8	1.1	3.97	2.79	1.1	0.455
T617282	Schafskopf (Meerbrasse) tiefgefroren, gebraten ohne Fett (Pfanne)	Sheepshead deep-frozen, fried without fat (pan)	508	120	2.71	0.671	0	0	24	0.188
W222100	Bratwurst mittelgrob	Bratwurst medium-coarsely minced	1207	292	25.6	6.5	0.08	0	15.2	1.935
F2A2700	Sauerkirschnektar mit Süßungsmitteln	Sour cherry nectar with artificial sweeteners	93	22	0.14	0.031	4.499	4.184	0.284	0.008
U050100	Rind/Schwein, Hackfleisch gemischt, roh	Beef/pork, mince mixed, raw	979	236	17.83	7.392	0	0	18.8	0.142
X336363	Paprikasauce von dunkler/brauner Grundsauce	Sweet pepper sauce from brown basic sauce	313	75	4.9	0.4	6	1.9	1.1	0.658
X465363	Tomaten-Eintopf mit Speck, dicken Bohnen und Suppengemüse	Tomato stew with bacon, broad beans and vegetables	308	74	3.5	1.2	5.4	2.1	4	1
Y238033	Kalbsrücken gebraten im Ofen, mit Sauce	Veal loin fried in oven, with sauce	512	122	5	0.9	2.1	0.008	17.07	0.608
U693262	Schwein Hintereisbein/Hinterhaxe, tiefgefroren, gebraten ohne Fett (Ofen)	Pork hindshank (hock) deep-frozen, fried without fat (oven)	1128	271	17.94	6.035	0	0	27.31	0.249
D430600	Rosinenkuchen (Rührmasse)	Raisin cake (cake batter)	1572	375	15.9	9.4	49.6	25.6	6.7	0.43
X216460	Radicchiosalat mit Essigmarinade	Radiccio salad with vinegar marinade	553	134	13.23	0.98	1.9	1.2	1	0.285
X610143	Rahmkartoffeln/Niedernauer Kartoffeln, gebraten	Cream potatoes "Niedernauer" fried	660	158	9.1	2.2	13.8	1.8	4.37	0.35
K750182	Mischpilze gebraten ohne Fett (Pfanne)	Mixed mushrooms fried without fat (pan)	230	55	0.5	0.068	3.55	1.59	5.7	0.02
Y560723	Pilaw mit gedünstetem Hähnchenbrustfilet und Sauce	Pilaf with stewed chicken breast fillet and sauce	639	152	5.2	1.8	17.4	3.2	8.1	0.58
M252000	Buttermilchdrink mit Fruchtzubereitung, gesüßt	Buttermilk drink with fruit preparation, sweetened	263	62	0.42	0.29	11.7	10.8	2.42	0.09
X416513	Gemüsebrühe mit Teigwaren eifrei	Vegetable stock with pasta egg-free	91	21	0.2	0.1	3.91	0.58	0.9	0.645
Y725212	Rührei gebraten mit Kochschinken	Scrambled eggs fried with boiled ham	843	203	15.64	2.91	0.45	0.44	14.9	0.965
T313252	Rotzunge tiefgefroren, gedünstet	Witch deep-frozen, stewed	270	64	0.95	0.136	0	0	13.839	0.305
X5B1130	Gemüse-Kartoffel-Brei, mit Spinat (ohne Salz, geeignet für Beikost)	Vegetable-potato purree, with spinach (without salt, suitable as baby food)	320	77	4.976	0.37	5.9	1.62	1.47	0.065
W383700	Bremer Pinkel (Grützwurst)	Bremer Pinkel pork sausage with oat groats	513	123	7.77	3	7.4	0.38	5.1	1.66
W278600	Kalbsbrust gefüllt, gebraten ohne Fett (Ofen)	Veal brisket filled, fried (in oven)	829	199	12.89	5.2	0.9	0.6	19.55	1.59
U022232	Schwein Hackfleisch, tiefgefroren, gekocht	Pork mince, deep-frozen, boiled	1432	345	26.78	8.941	0	0	25.95	0.149
X5B1030	Gemüse-Kartoffel-Fleisch-Brei, mit Karotte und Schweinefleisch (ohne Salz, geeignet für Beikost)	Vegetable-potato-meat purree, with carrots and pork (without salt, suitable as baby food)	384	92	4.82	0.46	7.576	3.819	3.63	0.045
Y504023	Wildragout mit Grundsauce dunkel/braun	Game ragout with brown basic sauce	614	147	8.2	0.9	3	0.4	15.14	0.62
R931000	Schokoladenbuttercreme eihaltig, gestreckt, für Gebäck/Torten	Chocolate butter cream with egg, light, for pastry/tortes	1299	312	21.89	13.52	25.2	21	3.1	0.055
W141200	Salami Ia, fettreduziert	Salami high quality, reduced-fat	1049	252	16.49	6.4	0.23	0	25.53	3.8
X571253	Dicke Bohnen mit Speck gedünstet, in Grundsauce hell/weiß	Broad beans with bacon stewed, in white basic sauce	487	118	8.8	3.5	4.6	1.5	3.4	0.712
D490500	Französische Apfeltarte (Blätterteig)	French apple tart (puff pastry)	1429	343	23.6	14.78	27.1	6.7	4.2	0.062
T122252	Weißer Thun tiefgefroren, gedünstet	Albacore deep-frozen, stewed	461	109	1.3	0.22	0	0	24.3	0.197
X810223	Milchreis gesüßt, mit Milch 3,5 % Fett und Fruchtmischung	Rice pudding sweetened, with milk 3.5 % fat and fruit mix	533	126	2.5	1.539	21.5	8.34	3.89	0.082
W008000	Brätblock dunkel, zur Rouladenherstellung	Sausage meat dark, for roulade sausage	632	152	10.91	3.95	0.08	0	13.35	1.8
D7A1200	Biskuitplätzchen schokoliert	Sponge cake biscuits with chocolate icing	1907	453	13.89	7.07	69.6	44.1	10.65	0.218
U121282	Rind Kotelett (Rücken) tiefgefroren, gebraten ohne Fett (Pfanne)	Beef chop (loin) deep-frozen, fried without fat (pan)	700	166	5.532	2.415	0	0	29.124	0.158
U711282	Schaf Filetmedaillon, tiefgefroren, gebraten ohne Fett (Pfanne)	Sheep fillet medaillon, deep-frozen, fried without fat (pan)	661	156	3.44	1.055	0	0	31.38	0.151
X262612	Karottensalat (roh) mit Essigmarinade	Carrot salad (raw) with vinegar marinade	517	125	10.6	0.8	4.97	4.89	0.69	0.24
X439163	Wildklößchen	Small game meatballs	777	187	12.51	4.47	1.72	0.37	16.68	0.775
X535163	Kohlrabi gefüllt mit Hähnchenbrustfilet, Reis und Gemüse, überbacken	Kohlrabi filled with chicken breast fillet, rice and vegetables, gratinated	401	96	4.2	2.2	7	2.8	6.6	0.4
Y855043	Rote Grütze aus Fruchtsaft	Red fruit jelly of fruit juice	296	70	0.1	0.027	14.49	8.55	1.021	0.005
X216210	Kopfsalat mit Radieschen und Essigmarinade	Lettuce with small red radishes and vinegar marinade	520	126	12.34	0.9	1.6	1.5	1.02	0.282
X5A7000	Antipasti von gegrillter Paprika	Antipasti of grilled sweet pepper	433	104	7.9	1	5.7	5.7	1.036	0.24
G480252	Speisezwiebel tiefgefroren, gedünstet	Onion deep-frozen, stewed	155	37	0.164	0.027	6.55	6.55	1.259	0.025
X553712	Paprikaschoten gebacken, mit Bulgur-Gemüsefüllung	Sweet peppers baked, with bulgur-vegetable-filling	380	90	2	0.17	14	4.3	2.7	0.192
X446153	Karottensuppe	Carrot soup	138	33	1.9	0.3	3.03	1.63	0.67	0.612
W380200	Reiswurst	Rice sausage	846	203	12.9	5.26	12	0.05	9.54	1.785
Y813552	Hefeplinsen gebraten	Small yeast pancakes fried	1372	328	16.16	2.01	37	8.83	7.47	0.12
X465713	Grüne-Bohnen-Eintopf mit Gemüsebrühe und Kartoffeln	Green bean stew with vegetable stock and potatoes	194	46	0.6	0.4	8	1.5	1.5	0.43
D770800	Kaffeegebäck (Quarkblätterteig)	Coffee pastry (puff pastry with quark)	1804	432	24.3	15.16	44.3	23.9	7.6	0.31
U861242	Schaf Bug/Schulter, mager, tiefgefroren, geschmort ohne Fett	Sheep shoulder, lean, deep-frozen, braised without fat	809	193	8.45	2.9	0	0	29.2	0.165
X422643	Fleischbrühe mit Teigwaren eifrei	Meat stock with pasta egg-free	88	21	0.3	0.1	3.44	0.11	1	0.552
Y894243	Schaumeierkuchen (Omelette souffle) gebraten	Omelette souffle fried	1055	253	14.9	6.52	19.99	17.536	9.3	0.262
W007000	Brätblock mittel, zur Rouladenherstellung	Sausage meat medium, for roulade sausage	674	162	12.2	4.41	0.08	0	13.01	1.8
X357613	Saure-Sahne-Dressing für Salat	Sour cream dressing for salad	470	113	8.4	4.3	5.7	5.7	2.81	1.18
Y516112	Hirschbraten ohne Sauce	Venison roast without sauce	675	161	6.05	1.8	0.05	0.032	26.48	0.8
V420072	Hähnchen Unterschenkel, mit Haut, mariniert, gegrillt	Chicken drumstick, with skin, marinated, grilled	919	220	12.81	2.27	2.31	2.25	23.7	1.228
X493153	Holundersuppe mit Apfel und Grießklößen, gebunden	Elderberry soup with apple and small semolina dumplings, thickened	316	75	1.38	0.34	11.8	9.86	1.87	0.055
T502282	Blei/Brachsen/Brasse, tiefgefroren, gebraten ohne Fett (Pfanne)	Common bream deep-frozen, fried without fat (pan)	473	112	3.72	0.965	0	0	19.712	0.088
S581800	Milchschokoladen-Riegel gefüllt mit Karamell-Waffel und Cerealien	Milk chocolate bar with caramel-waffle and puffed cereals	1940	464	20.4	11.9	59.7	43.1	5.1	0.425
V511282	Rind Herz, tiefgefroren, gebraten ohne Fett (Pfanne)	Beef heart, deep-frozen, fried without fat (pan)	736	176	8.492	3.243	0	0	24.812	0.352
Y991060	Vanillecremeeis mit Schlagsahne	Vanilla ice cream (with egg) with whipped cream	988	238	19.9	10.38	11.32	11.05	3.4	0.095
Y568223	Eingemachtes Huhn mit Grundsauce hell/weiß und saurer Sahne	Chicken boiled, with white basic sauce and sour cream	866	209	16.3	5.9	2	0.6	13.4	0.48
X567243	Rote-Bete-Gemüse gedünstet, mit saurer Sahne	Beetroot stewed, with sour cream	274	66	4.2	0.8	4.7	4.7	1.55	0.3
X462133	Gemüse-Eintopf mit Hammelfleisch	Vegetable stew with mutton	440	106	6.7	2.4	6	2	4.53	0.39
G994200	Gemüsemischung asiatische Art, tiefgefroren	Mixed vegetables Asian style, deep-frozen	121	29	0.3	0.039	3.4	3.4	2	0.015
Y9A2040	Tartufo, Vanilleeis im Schokoladenmantel (mit Alkohol)	Tartufo, vanilla ice cream in chocolate coating (with alcohol)	1563	375	24.1	15.36	30	29	5	0.068
Y857540	Erdbeerschnee	Strawberry froth	444	105	0.2	0.023	22.091	22.057	2.4	0.095
X270112	Fruchtsalat ungesüßt	Fruit salad unsweetened	237	56	0.4	0.075	10.9	9.67	0.77	0.002
X983062	Grießklöße	Semolina dumplings	664	159	7.95	2.91	14.74	2.38	6.57	1.155
X1A1030	Grüne-Bohnen-Salat (gegart) mit Steinpilzen, Parmaschinken und warmer Essigmarinade	Green bean salad (cooked) with porcini mushrooms, Parma ham and war vinegar marinade	314	75	4.2	0.6	3.7	2.32	4.1	0.585
V224142	Reh Rücken, mariniert, geschmort ohne Fett	Roe deer saddle, marinated, braised without fat	602	143	3.61	1.37	0.42	0.42	26.94	0.878
X742233	Eierteigwaren mit vier Käsesorten	Egg pasta with four cheeses	823	196	9.5	5.7	18.97	0.942	8.2	0.5
X5B1100	Gemüse-Kartoffel-Brei, mit Fenchel (ohne Salz, geeignet für Beikost)	Vegetable-potato purree, with fennel (without salt, suitable as baby food)	338	81	4.928	0.38	7.11	2.69	1.15	0.038
X443812	Karotten im Backteig (mit Bier) frittiert	Carrots in frying batter (with beer) deep-fried	965	231	13.31	1.4	20.79	4.364	5	0.452
X663213	Kartoffelpudding	Potato pudding	654	157	9.39	4.69	10.77	0.65	6.7	0.58
Y870253	Vanillecreme einfach	Vanilla cream simple	612	146	6.74	3.42	16.04	11.82	5.2	0.142
X5A1000	Gemüsebratlinge vegan, gebraten	Vegetable patties vegan, fried	634	152	9.9	0.7	12	3.1	2.2	0.238
X492143	Kirschkaltschale/Kirschsuppe, gebunden mit Stärke	Cold cherry soup thickened with starch	282	66	0.222	0.05	15.1	13.14	0.671	0.002
X556142	Tomatengemüse gedünstet, mit Rosmarin und Salbei	Tomatoes stewed, with rosemary and sage	195	47	2.26	0.17	4.37	3.59	1.17	0.268
T412282	Buckellachs tiefgefroren, gebraten ohne Fett (Pfanne)	Pink salmon deep-frozen, fried without fat (pan)	608	145	5	0.91	0	0	24.9	0.165
X060030	Baguette-Brötchen mit Salami, Tomaten und Salatcreme	Baguette roll with salami, tomatoes and salad cream	832	198	5.8	1.4	28	2.5	7	1.2
H900900	Bohnen weiß, in Tomatensoße, Konserve	Haricot beans in tomato sauce, canned	396	94	1.33	0.1	12.88	3.48	5.08	0.815
N500500	Kaffeeersatz (Getränk) mit Kondensmilch 7,5 % Fett und Zucker	Coffee substitute (infusion) with evaporated milk 7.5 % fat and sugar	70	17	0.25	0.136	3.026	2.242	0.279	0.018
X423153	Fleischbrühe mit Gemüse und Reis	Meat stock with vegetables and rice	101	24	0.3	0.1	4	0.6	1	0.525
U891232	Schaf Hinterhaxe, mager, tiefgefroren, gekocht	Sheep hindshank, lean, deep-frozen, boiled	714	169	4.47	1.4	0	0	32.3	0.205
Y813162	Savarin (getränkt mit Fruchtsaft)	"Savarin" (yeast ring cake, drizzled with fruit juice)	1186	283	10.89	5.96	37	11.37	7.9	0.14
X813113	Kaiserreis (Milchreis gesüßt, mit Sahne und Sauerkirschen)	"Kaiserreis" (rice pudding sweetenend, with cream and sour cherries)	578	138	7.27	3.955	14.8	6.69	2.96	0.065
W981700	Haselnusspastete mit Mürbeteig, gebacken	Hazelnut pate with shortcrust pastry, baked	1297	312	23.39	7.54	7.9	0.503	16.79	1.5
W850400	Burgunder Schinken in Aspik	Burgundy ham in aspic	524	124	2.3	0.7	0.013	0.008	25.8	1.5
S561500	Zartbitter-/Halbbitterschokolade, gefüllt mit Marzipan	Bittersweet/semisweet chocolate, filled with marzipan	1977	474	28.6	10.79	43.38	41.956	7.31	0.018
X491163	Apfelkaltschale/Apfelsuppe	Cold apple soup	214	51	0.3	0.105	11	10.372	0.232	0.005
G710282	Bohne grün, tiefgefroren, gebraten ohne Fett (Pfanne)	Bean green, deep-frozen, fried without fat (pan)	137	33	0.307	0.09	4.2	2.75	2.2	0.006
N500400	Kaffeeersatz (Getränk) mit Kondensmilch 7,5 % Fett	Coffee substitute (infusion) with evaporated milk 7.5 % fat	40	10	0.254	0.138	1.249	0.451	0.284	0.018
B521200	Roggenbrötchen mit Schinkenspeck	Rye roll with bacon	1138	270	2.9	0.86	48	0.822	8.49	1.5
W984100	Kalbfleischpastete mit Schweinefleisch und Mürbeteig, gebacken	Veal pate with pork and shortcrust pastry, baked	905	217	12.58	5.77	7.32	0.08	18.23	1.8
X321163	Tomatensauce aus Tomatenmark	Tomato sauce of tomato paste	441	107	10.4	0.75	2.3	2.3	0.5	0.518
U541272	Schwein Schnitzel (Oberschale) tiefgefroren, gegrillt	Pork schnitzel (topside) deep-frozen, grilled	578	137	2.388	0.898	0	0	28.8	0.22
X7A1020	Spaghetti Aglio e olio (Teigwaren eifrei, mit Knoblauch und Öl)	Pasta aglio e olio (pasta egg-free, with garlic and vegetable oil)	793	189	6.6	0.8	26.41	0.86	5.1	0.24
W332000	Gekochte Zwiebelwurst	Cooked sausage with onions	1301	314	27	11.73	0.17	0	17.55	1.8
D9A2100	Vollkornhefeteig süß gebacken	Wholemeal yeast dough, sweetened, baked	1330	317	9.6	3.686	44	7.6	9.77	0.192
G994162	Gemüsemischung asiatische Art, gebacken	Mixed vegetables Asian style, baked	146	35	0.4	0.046	4.2	4.2	2.4	0.02
S466000	Haselnusskerne gebrannt, dragiert	Hazelnut roasted, sugar-coated	2222	533	30.358	2.526	51.6	43.6	7.638	0.005
G322282	Grünkohl tiefgefroren, gebraten ohne Fett (Pfanne)	Curly kale deep-frozen, fried without fat (pan)	366	88	1.11	0.171	5.5	4.379	6.899	0.105
X238310	Weißkrautsalat (roh) mit Essigmarinade	White cabbage salad (raw) with vinegar marinade	405	98	7.98	0.59	3.75	3.63	1.14	0.678
N253000	Fruchtsaftgetränk mit Süßungsmitteln, angereichert mit Vitaminen	Fruit juice beverage with artificial sweeteners, fortified with vitamins	10	2	0	0.002	0.4	0.4	0.042	0.008
X6A1020	Süßkartoffeln und Broccoli gedünstet, mit gekochtem Rindfleisch und Grundsauce hell/weiß	Sweet potatoes and broccoli stewed, with boiled beef and white basic sauce	482	115	4.7	1.1	8.4	2.2	8.77	0.4
T410282	Lachs tiefgefroren, gebraten ohne Fett (Pfanne)	Salmon deep-frozen, fried without fat (pan)	868	208	12.6	2.698	0	0	23.631	0.085
U011172	Rind Hackfleisch, gegrillt	Beef mince, grilled	1260	303	22.009	9.931	0	0	26.197	0.175
X536063	Rosenkohl gedünstet, mit zerlassener Butter	Brussels sprouts stewed, with melted butter	368	89	6.8	2.1	1.84	1.35	3.27	0.272
X720912	Teigwaren eifrei, gebraten mit Ei	Pasta egg-free, fried with egg	667	159	5.1	0.91	19.85	0.69	7.8	0.29
X356250	Quark-Meerrettich-Dressing	Quark-horseradish dressing	272	64	1.1	0.72	4.06	3.85	8.21	0.435
X201600	Gemischter Salat mit Joghurtmarinade	Mixed salad with yogurt marinade	196	47	2.6	0.64	2.8	2.6	2	0.392
W881500	Thüringer Rotwurst Konserve	Thuringian blood sausage canned	797	191	11.9	4.57	0.37	0.13	20.58	1.8
Y845453	Apfel im Schlafrock (Mürbeteig) gebacken	Apple baked in shortcrust pastry	1040	248	11.1	5.8	30.7	16	4.5	0.068
U065200	Schwein Brät, tiefgefroren	Pork sausage meat, deep-frozen	1107	268	24.13	8.53	0.09	0	12.49	1.788
N250000	Fruchtsaftgetränk Zitrusfrüchte	Fruit juice beverage citrus fruit	175	41	0	0	9.975	9.975	0.119	0.008
V475262	Gans Schenkel tiefgefroren, gebraten ohne Fett (Ofen)	Goose leg (with skin) deep-frozen, fried without fat (oven)	847	203	11.122	3.128	0	0	25.62	0.248
X548443	Zwiebeln überbacken	Onions gratinated	513	123	8.6	2.14	5.98	5.98	4.348	0.395
W193000	Kabanossi/Peperoni	Kabanossi/Peperoni, sausage, raw, small, firm	1365	329	27.13	10.32	0	0	21.27	3.5
X462743	Schusterpfanne auf Köthener-Art (mit Kartoffeln, Schweinenacken und Birnen) gebacken	Stew "Köthen" style with potatoes, pork neck and pears, baked in oven	414	99	4.3	1.6	8.48	1.73	6.22	0.468
Y710362	Spiegelei gebraten mit Schinkenspeck	Fried egg with bacon	835	201	14.91	2.58	0.46	0.44	16.19	2.2
Y562133	Hähnchenbrustfilet gebraten, mit Schmorgurken	Chicken breast fillet fried, with braised cucumbers	588	141	8.21	2.13	1.69	1.68	14.61	0.362
T417282	Wildlachs tiefgefroren, gebraten ohne Fett (Pfanne)	Pacific salmon deep-frozen, fried without fat (pan)	868	208	12.6	2.698	0	0	23.631	0.128
N500300	Kaffeeersatz (Getränk) mit Milch 3,5 % Fett und Zucker	Coffee substitute (infusion) with milk 3.5 % fat and sugar	60	14	0.12	0.072	2.84	2.06	0.19	0.012
V250282	Wildschwein Fleisch, tiefgefroren, gebraten ohne Fett (Pfanne)	Wild boar meat, deep-frozen, fried without fat (pan)	894	214	11.273	3.937	0	0	28.068	0.302
D4A3000	Käsekuchen ohne Boden	Cheesecake (without cake base)	769	183	7.3	3.9	18.6	16.4	10	0.15
T900382	Meeresfrüchtemischung gebraten ohne Fett (Pfanne)	Shellfish (frutti di mare) fried without fat (pan)	344	82	1.71	0.47	0	0	16.528	0.702
T306252	Heilbutt/Weißer Heilbutt, tiefgefroren, gedünstet	Halibut/white halibut, deep-frozen, stewed	499	119	5.42	1.154	0	0	17.529	0.165
T411222	Lachs tiefgefroren, pochiert	Salmon deep-frozen, poached	780	187	11.947	2.558	0	0	19.9	0.093
Y421012	Hammelkotelett natur, gebraten	Mutton chop fried	1909	462	42.8	15.61	0.06	0.05	18.94	0.705
T730272	Hummer tiefgefroren, gegrillt	Lobster deep-frozen, grilled	500	119	2.836	0.358	0	0	23.257	1.008
D430500	Nusskuchen (Rührmasse)	Nut cake (cake batter)	2161	520	39	15.14	31.8	18.002	9.02	0.338
U882262	Schaf Keule, mittelfett, tiefgefroren, gebraten ohne Fett (Ofen)	Sheep leg, medium fat, deep-frozen, fried without fat (oven)	913	219	13.1	5.55	0	0	25.2	0.18
X213510	Eisbergsalat mit Essigmarinade	Iceberg lettuce with vinegar marinade	294	71	6.4	0.48	1.66	1.65	0.7	0.14
X426153	Ochsenschwanzsuppe klar	Oxtail soup clear	428	103	6.6	2.21	1.3	1.3	8.9	0.342
W395000	Leberpastete	Liver pate	1309	316	28.6	3.83	0.5	0.13	14.2	1.8
U852242	Schaf Brust, mittelfett, tiefgefroren, geschmort ohne Fett	Sheep breast, medium fat, deep-frozen, braised without fat	1013	242	14	6.5	0	0	29.1	0.202
X167512	Rote-Bete-Salat (gegart) mit Essigmarinade	Beetroot salad (cooked) with vinegar marinade	529	128	10.65	0.77	5.16	5.15	1.47	0.295
Y644112	Renke pochiert (ohne Sauce)	Whitefish poached (without sauce)	361	86	2.5	0.539	0.142	0.142	14.918	0.39
X215240	Kopfsalat mit Essigmarinade	Lettuce with vinegar marinade	702	170	17.45	1.27	1.2	1.2	0.94	0.375
X434543	Semmelklößchen	Small white bread dumplings	1318	317	22.33	12.501	19.06	1.76	9.02	0.978
W395100	Leberpastete mit Champignons	Liver pate with button mushrooms	1314	318	28.6	3.19	0.8	0.1	14.2	1.8
X4A9010	Weißkohl-Eintopf	White cabbage stew	284	68	3.7	0.3	5.9	5.8	1.4	0.53
V311262	Fasan Fleisch, mit Haut, tiefgefroren, gebraten ohne Fett (Ofen)	Pheasant meat, with skin, deep-frozen, fried without fat (oven)	793	188	5.904	1.92	0	0	33.785	0.092
Y662032	Schwertfisch pochiert (ohne Sauce)	Swordfish poached (without sauce)	380	90	2.7	0.518	0.161	0.161	15.874	0.332
B551800	Weizenmischbrötchen mit Zwiebeln	Wheat-rye roll (> 50 % and < 90 % wheat) with onions	1251	296	3.1	0.86	55	2.1	8.8	1.432
E811032	Frischteigwaren eifrei, gekocht	Fresh pasta egg-free, boiled	344	82	1.55	0.2	12.87	0.33	3.6	0.308
U231242	Rind Hals/Kamm/Nacken, tiefgefroren, geschmort ohne Fett	Beef neck/chuck, deep-frozen, braised without fat	780	186	9.2	4.131	0	0	25.85	0.092
M2L2200	Trinkjoghurt fettarm, mind. 1,5 % bis max. 1,8 % Fett, mit Fruchtzubereitung, gesüßt	Yogurt drink low-fat, min. 1.5 % to max. 1.8 % fat, with fruit preparation, sweetened	341	80	1.273	0.65	12.8	11.7	3.612	0.125
T931200	Seelachs paniert, tiefgefroren	Saithe/pollack, breaded, deep-frozen	735	175	6.04	0.9	14.59	0.83	15	0.9
W237062	Fleischkäse fettreduziert, gebraten ohne Fett (Ofen)	Fleischkaese sausage reduced-fat, fried without fat, (oven)	651	156	7.81	2.97	0.19	0	21.07	2.2
X359540	Rotweinmarinade, Salatsauce	Red wine marinade for salad	414	99	5.48	0.39	8.2	8.11	0.41	0.4
X536143	Rosenkohl gedünstet, mit Kochschinken	Brussels sprouts stewed, with boiled ham	242	58	2.04	0.3	1.77	1.26	6.23	0.64
G650242	Schwarzwurzel tiefgefroren, geschmort ohne Fett	Black salsify deep-frozen, braised without fat	309	74	0.54	0.059	10.5	4.8	1.745	0.015
X464643	Grüne Erbsensuppe mit Grießklößchen	Green pea soup with small semolina dumplings	328	78	1.4	0.7	9.95	1.27	4.6	0.328
U065132	Schwein Brät, gekocht	Pork sausage meat, boiled	976	236	20.25	7.16	0.09	0	13.21	1.213
U025182	Schwein Frikadelle, gebraten ohne Fett (Pfanne)	Pork patty, fried without fat (pan)	1053	253	18.25	6.02	5	0.8	16.86	1.578
Y8D5010	Tiramisu (ohne Ei) mit Likör	Tiramisu (without egg) with liqueur	1305	313	18.2	11.49	30	21	5.4	0.215
X9A3020	Blätterteigtaschen mit Lachs-Schmandfüllung, gebacken	Puff pastry pockets with salmon-schmand filling, baked	1460	352	26.7	10.5	15.9	1	11.02	0.628
Y883140	Quark-Mokka-Creme	Quark-mocha cream	1201	289	20.5	11.4	18.7	18.3	6.3	0.075
G470282	Porree/Lauch, tiefgefroren, gebraten ohne Fett (Pfanne)	Leek deep-frozen, fried without fat (pan)	229	54	0.441	0.078	9	6.8	1.4	0.003
X365563	Aprikosensauce von frischen Früchten	Apricot sauce from fresh fruit	229	54	0.1	0.01	11.759	10.441	0.5	0.005
S539700	Vollmilchschokolade mit Rosinen und Haselnüssen	Whole milk chocolate with raisins and hazelnuts	2171	521	31.7	16.7	50.2	49.6	6.5	0.148
Y725153	Rührei gebraten, mit Räucherlachs	Scrambled eggs fried, with smoked salmon	803	193	14.4	2.61	0.32	0.31	15.35	1.36
X497143	Weinsuppe gesüßt, gebunden mit Stärke	Wine soup sweetened, thickened with starch	149	35	0	0.002	5.97	3.3	0.066	0.03
Y261422	Kalbsbrust gedünstet, mit Grundsauce dunkel/braun	Veal brisket stewed, with brown basic sauce	822	198	14.4	4.7	2.78	0.66	13.95	0.562
W224000	Münchner Weißwurst	Bavarian white sausage	1208	292	27.225	6.29	0.08	0	11.7	2.085
X2A1130	Rotkohlsalat (roh) mit Essigmarinade	Red cabbage salad (raw) with vinegar marinade	386	93	7.62	0.55	3.47	3.38	1.25	0.658
X0A3010	Knuspermüsli (Granola) gesüßt, mit Joghurt 3,5 % Fett und Fruchtmischung	Crunchy muesli (granola) sweetened, with yogurt 3.5 % fat and mixed fruit	515	123	5.2	2.2	12.8	7.5	4.6	0.065
Y841443	Aprikosenkompott	Apricot compote	258	61	0.109	0.009	13.145	12.478	0.7	0.005
N0A1000	Nearwater/Aqua Plus Getränk, mit Fruchtsaft, aromatisiert, gesüßt	Nearwater/Aqua Plus beverage, with fruit juice, flavoured, sweetened	75	18	0.007	0.001	4.4	4.3	0.008	0.007
X358240	Sahne-Dressing für Salat	Cream dressing for salad	526	127	10.9	5.7	3.4	3.4	2.01	1.02
B723600	Laugengebäck mit Käse und Schinkenspeck	Lye pastry (pretzels) with cheese and bacon	1166	276	3.41	1.28	50	1.4	9.3	1.2
P9A7110	Cocktail, Mojito	Cocktail, Mojito	215	52	0	0	3.498	3.498	0.031	0.005
Y841953	Erdbeerkompott	Strawberry compote	258	61	0.345	0.027	12.287	12.012	0.708	0.005
U622262	Schwein Kotelett (Rücken/cranial) tiefgefroren, gebraten ohne Fett (Ofen)	Pork loin (cranial part) deep-frozen, fried without fat (oven)	850	203	10.75	3.624	0	0	26.63	0.133
W205000	Knackwürstchen fettreduziert	Small scalded sausage reduced-fat	484	116	5.9	2.24	0.13	0	15.44	2.2
X3A3020	Zucchini-Auberginensauce von heller/weißer Grundsauce	Courgette-aubergine sauce from white basic sauce	348	84	7.5	1.6	3	1.4	0.8	0.662
D9A1100	Vollkornblätterteig eifrei, gebacken	Wholemeal puff pastry egg-free, baked	2213	533	41.16	16.381	31.21	0.376	6.45	0.502
X6A5000	Kartoffelteig (aus gekochten Kartoffeln) roh	Potato dough (from boiled potatoes) raw	474	112	0.87	0.23	21.09	0.586	3.83	0.145
E612032	Teigwaren eifrei, glutenfrei, gekocht	Pasta egg-free, gluten-free, boiled	606	143	0.965	0.13	28.4	0.45	3.659	0
N272000	Karottensaftschorle	Carrot juice spritzer	47	11	0.16	0.037	1.858	1.818	0.315	0.049
Y870363	Schokoladencreme abgeschlagen (mit Gelatine) mit Rum	Chocolate cream (with gelatine) with rum	1029	247	16.4	8.55	17.7	17.4	5.5	0.092
V481232	Pute Fleisch, ohne Haut, tiefgefroren, gekocht	Turkey meat, without skin, deep-frozen, boiled	511	121	1.7	0.489	0	0	26.357	0.132
Y893062	Honigpfannkuchen gebraten	Honey pancakes fried	1347	321	12.87	3.01	43	9.55	6.81	0.065
T604252	Katfisch/Steinbeißer, tiefgefroren, gedünstet	Catfish/wolffish, deep-frozen, stewed	315	75	2.03	0.484	0	0	14.107	0.265
T307282	Schwarzer Heilbutt tiefgefroren, gebraten ohne Fett (Pfanne)	Greenland halibut deep-frozen, fried without fat (pan)	721	173	12.7	2.273	0	0	14.772	0.215
V417262	Hähnchen Flügel, mit Haut, tiefgefroren, gebraten ohne Fett (Ofen)	Chicken wings, with skin, deep-frozen, fried without fat (oven)	944	226	14.13	3.052	0	0	24.77	0.257
W273500	Schinkenroulade	Ham roulade sausage	722	173	12.21	4.48	0.08	0.03	15.75	1.8
W415072	Schwein Frühstücksspeck, Rohpökelware, geräuchert, gegrillt	Pork breakfast bacon, raw cured, smoked, grilled	1396	337	28.69	10.275	0.561	0.561	19.12	4.8
X986143	Polenta (Maisbrei zubereitet mit Wasser, Rapsöl und Salz) gebacken	Polenta (maize porridge prepared with water, rapeseed oil and salt) baked	536	128	6.781	0.51	13.877	0.307	1.913	0.485
U331282	Kalb Steak (Rücken) tiefgefroren, gebraten ohne Fett (Pfanne)	Veal steak (loin) deep-frozen, fried without fat (pan)	598	142	3.348	1.401	0	0	27.867	0.195
Y0A2060	Hackfleischteig roh (für Frikadellen, Buletten, Fleischklopse/-küchle/-pflanzerl)	Minced meat dough (for meatballs) raw	898	216	15.36	5.762	3.59	0.7	15.58	0.595
N312000	Limonade mit höherem Fruchtsaftgehalt	Carbonated soft drink with higher fruit juice content	158	37	0	0.003	8.9	8.9	0.121	0.008
V489082	Pute Brust, ohne Haut, mariniert, gebraten ohne Fett (Pfanne)	Turkey breast, without skin, marinated, fried without fat (pan)	750	178	5.14	0.74	2.35	2.29	30.46	1.172
U291242	Rind Hinterhesse, tiefgefroren, geschmort ohne Fett	Beef leg/hindshank, deep-frozen, braised without fat	743	177	6.9	2.2	0	0	28.7	0.147
V050282	Schnecken tiefgefroren, gebraten ohne Fett (Pfanne)	Snails edible/escargots, deep-frozen, fried without fat (pan)	309	73	1.227	0.219	0	0	15.5	0.198
B254072	Weizenmischtoastbrot getoastet	Mixed wheat toast toasted	1255	297	3.37	1.11	54	1.7	9.3	1.462
C556000	Weizenglutenfertigmischung, Trockenprodukt	Wheat gluten mix, dried product	1707	404	5.6	0.46	14.3	14.3	72.7	0.66
B255500	Weizenmischbrot mit Zwiebeln	Wheat-rye bread (> 50 % and < 90 % wheat) with onions	902	214	1.61	0.14	40	1.17	6.69	1.108
F921900	Apfelkompott/Apfelmus, gezuckert, Konserve	Apple sauce/apple compote, sugared, canned	366	86	0.1	0.02	20.32	19.2	0.22	0.008
T792182	Miesmuschel gekocht, gebraten ohne Fett (Pfanne)	Common mussel boiled, fried without fat (pan)	280	67	2.746	0.827	0	0	10.517	0.75
X444913	Spargelsuppe	Asparagus soup	180	43	2.7	1.6	3.31	1.21	1.2	0.602
Y273012	Kalbsleber gebraten, mit gebratenen Zwiebeln	Veal liver fried, with fried onions	497	118	2.59	0.44	9.25	2.9	13.83	0.518
W881300	Hausmacher Blutwurst Konserve	Homemade blood sausage canned	1334	322	28.81	10.8	0.36	0.23	15.37	2
X201840	Gurkensalat mit Essigmarinade	Cucumber salad with vinegar marinade	406	98	9.43	0.71	1.61	1.6	0.87	0.182
T020272	Tintenfisch tiefgefroren, gegrillt	Common cuttlefish deep-frozen, grilled	454	107	1.46	0.44	0	0	23.549	1.445
S210700	Speiseeis (Schokolade, Vanille) gemischt, in Waffeltüte	Ice cream mixed (chocolate, vanilla) in waffle cone	946	226	10.75	5.93	27.8	21.1	3.39	0.092
X992163	Couscous (mit Fett und Salz)	Couscous (with fat and salt)	753	179	3.645	0.31	30.02	0.463	5.093	0.169
X539043	Wirsing gedünstet, mit Sahne	Savoy cabbage stewed, with cream	331	80	5.7	1	3.6	3.1	2.28	0.355
T793272	Pilgermuschel/Jakobsmuschel, tiefgefroren, gegrillt	Scallop deep-frozen, grilled	393	93	0.149	0.044	0	0	22.818	1.105
X8A1090	Sushi vegan, gefüllt mit Gemüse	Sushi vegan, filled with vegetables	409	97	1.88	0.4	16.8	0.83	2.3	0.132
X4A1010	Bouillon (Fleischbrühe) mit Ei	Meat bouillon with egg	118	29	2.5	0.8	0.02	0.02	1.5	0.528
W142000	Salami Ia	Salami high quality	1696	410	36	13.9	0.18	0	21.17	3.8
V464232	Ente Fleisch, mit Haut, tiefgefroren, gekocht	Duck meat, with skin, deep-frozen, boiled	853	204	11.727	3.895	0	0	24.682	0.058
D660100	Makronen/Mandelmakronen	Macaroons	1812	433	20.9	1.78	46.59	46.481	12.3	0.122
S201300	Speiseeis (Nuss, Schokolade) gemischt, in Waffeltüte	Ice cream mixed (chocolate, nut) in waffle cone	1026	245	11.86	6.36	29.5	22.8	3.81	0.085
U863262	Schaf Bug/Schulter, fett, tiefgefroren, gebraten ohne Fett (Ofen)	Sheep shoulder, fat, deep-frozen, fried without fat (oven)	1454	351	28.6	13.03	0	0	23.3	0.295
T501232	Karpfen tiefgefroren, pochiert	Carp deep-frozen, poached	451	107	4.88	1.274	0	0	15.882	0.078
Y872160	Erdbeercreme (mit Gelatine)	Strawberry cream (with gelatine)	640	154	11.451	6.003	9.605	9.574	2.2	0.038
V487262	Pute Flügel, mit Haut, tiefgefroren, gebraten ohne Fett (Ofen)	Turkey wings, with skin, deep-frozen, fried without fat (oven)	1158	278	17.1	3.6	0	0	30.9	0.152
X530343	Sauerkraut mit Apfel gedünstet	Sauerkraut with apple stewed	137	33	0.99	0.12	3	2.63	0.72	0.635
X870443	Reisauflauf gesüßt	Rice casserole sweetened	705	168	5.27	3.353	24.3	5.84	5.34	0.14
W223172	Geflügelbratwurst gegrillt	Poultry bratwurst grilled	891	215	18.11	5.1	0.1	0	12.85	1.915
U872262	Schaf Vorderhaxe, mittelfett, tiefgefroren, gebraten ohne Fett (Ofen)	Sheep foreshank, medium fat, deep-frozen fried without fat (oven)	913	219	13.1	4	0	0	25.2	0.18
U511282	Schwein Filetmedaillon, tiefgefroren, gebraten ohne Fett (Pfanne)	Pork fillet medaillon, deep-frozen, fried without fat (pan)	608	144	3.17	0.97	0	0	28.87	0.139
D6A5000	Honigkuchen schokoliert	Gingerbread cake with chocolate icing	1652	392	10.6	3.41	65.4	39	6.7	0.375
Y184212	Rindfleisch gedünstet (mit Fett und Salz)	Beef stewed (with fat and salt)	646	155	8.6	2.26	1.2	1.2	17.6	0.47
Y860840	Vanillebuttercreme	Vanilla butter cream	2398	578	46.913	30.31	36.916	36.916	2	0.035
X518133	Leipziger Allerlei gedünstet	Mixed vegetables "Leipziger Allerlei" stewed	312	75	3.7	0.3	6.36	3.01	2.5	0.298
X455243	Brotsuppe (Schwarzbrot) aufgebrüht mit Gemüsebrühe	Bread soup (brown bread) with vegetable stock	181	43	2	0.3	5.06	1.18	0.9	0.752
V990162	Geflügel Frikadelle, gebraten ohne Fett (Ofen)	Poultry patty, fried without fat (oven)	475	113	3.2	0.678	4	0.6	16.7	1.245
Y849912	Pflaumenkompott/Zwetschgenkompott, mit Süßstoff	Plum compote with artificial sweetener	166	39	0.138	0.018	8.68	6.57	0.24	0.018
Y882410	Quark (Magerstufe) mit Konfitüre	Quark (< 10 % fat in dry matter) with jam	382	90	0.2	0.101	11	11	10.3	0.072
X5B1140	Gemüse-Kartoffel-Brei, mit Zucchini (ohne Salz, geeignet für Beikost)	Vegetable-potato purree, with courgette (without salt, suitable as baby food)	312	75	4.97	0.39	6	2.2	1.1	0.008
W171300	Touristenwurst (Rohwurst)	Touristenwurst sausage raw	1882	455	41.61	16.3	0.18	0	19.93	3.8
X562053	Karotten/Möhren, gekocht, mit Grundsauce hell/weiß	Carrots boiled, with white basis sauce	189	45	1.6	0.9	5.63	4.67	0.83	0.455
G620282	Karotte/Möhre, tiefgefroren, gebraten ohne Fett (Pfanne)	Carrot deep-frozen, fried without fat (pan)	313	74	0.78	0.181	11.983	11.796	1.389	0.1
X810613	Reisbrei gesüßt, mit Milch 3,5 % Fett	Rice porridge sweetened, with milk 3.5 % fat	542	129	5.66	3.23	14.4	5.55	5	0.128
G090182	Gemüsemischung Kaisergemüse, gebraten ohne Fett (Pfanne)	Mixed vegetables (carrots, cauliflower and broccoli florets) fried without fat (pan)	229	55	0.637	0.127	6.9	4.89	3.446	0.075
V512242	Kalb Herz, tiefgefroren, geschmort ohne Fett	Veal heart, deep-frozen, braised without fat	734	175	7.36	2.812	0	0	27.175	0.282
X4A9020	Wirsing-Eintopf mit Gemüsebrühe, Kartoffeln und Karotten	Savoy cabbage stew with vegetable stock, potatoes and carrots	170	40	0.7	0.1	6	2.9	1.66	0.325
G880402	Bohne grün, milchsauer fermentiert, abgetropft	Bean green, lactic acid fermented, drained	96	23	0.205	0.06	2.6	1.72	1.905	1.22
Y715142	Eier mit Käse überbacken	Eggs with cheese gratinated	644	155	11.6	6.4	4.35	2.04	8.17	0.922
X5B1160	Gemüse-Süßkartoffel-Brei, mit Karotte, Pastinake (ohne Salz, geeignet für Beikost)	Vegetable-sweet potato purree, with carrot and parsnip (without salt, suitable as baby food)	421	101	5.151	0.39	11.2	4.7	1.25	0.022
X573212	Bleichsellerie gekocht (mit Fett und Salz)	Celery boiled (with fat and salt)	323	78	6.8	0.48	1.6	1.5	1.232	0.558
V634282	Hähnchen Leber, tiefgefroren, gebraten ohne Fett (Pfanne)	Chicken liver, deep-frozen, fried without fat (pan)	670	159	6.1	1.738	1.765	0	24.36	0.35
S570700	Bitterschokolade gefüllt mit Fruchtcreme	Dark chocolate filled with fruit cream	2172	522	34.15	20.92	43.1	40	6.49	0.02
W866000	Ochsenschwanz in Gelee	Oxtail in jelly	804	192	10.8	4.93	0	0	23.8	1.608
T020282	Tintenfisch tiefgefroren, gebraten ohne Fett (Pfanne)	Common cuttlefish deep-frozen, fried without fat (pan)	370	87	1.22	0.36	0	0	19.119	1.028
X561053	Kohlrüben/Steckrüben, gedünstet, in Grundsauce hell/weiß	Swede stewed, in white basic sauce	217	52	3.7	1	2.55	1.1	1.07	0.478
R9A2100	Nusssahne für Gebäck/Torten	Nut cream for pastry/tortes	1438	348	31.6	12.736	10	9.9	5.2	0.068
Y662233	Schwertfisch gedünstet (mit Fett und Salz)	Swordfish stewed (with fat and salt)	499	119	5.9	0.8	0.28	0.28	16	0.668
X378243	Malteser Sauce	Maltese sauce	1515	368	38.1	22.6	2.67	2.67	3.3	0.37
S220400	Speiseeis (Kaffee, Schokolade, Vanille) gemischt	Ice cream mixed (chocolate, coffee, vanilla)	831	199	9.9	5.4	23.1	20.13	3.5	0.098
U693272	Schwein Hintereisbein/Hinterhaxe, tiefgefroren, gegrillt	Pork hindshank (hock) deep-frozen, grilled	1174	282	19.73	6.638	0	0	26.1	0.258
S420000	Marzipan	Marzipan	1713	407	12.4	1.08	68.6	68.539	4	0.012
U852232	Schaf Brust, mittelfett, tiefgefroren, gekocht	Sheep breast, medium fat, deep-frozen, boiled	997	239	13.8	6.4	0	0	28.6	0.198
X1A9020	Meeresfrüchte-Cocktail mit Essigmarinade	Shellfish cocktail with vinegar marinade	585	140	8.64	0.92	0.05	0.04	15.29	0.948
F516700	Mangonektar	Mango nectar	218	51	0.126	0.028	12.2	12.2	0.2	0.012
X431340	Schneeklößchen gesüßt, Suppeneinlage	Meringue dumplings as sweet soup garnish	743	175	0	0.002	36.445	36.445	7.2	0.34
X820753	Reis mit gebratenen Zwiebeln	Rice with fried onions	429	101	0.587	0.06	21	2.4	2.344	0.238
X411713	Fleischbrühe mit Grießklößchen	Meat stock with small semolina dumplings	136	32	1.3	0.7	3.41	0.29	1.67	0.61
X526162	Chicoree gedünstet (mit Fett und Salz)	Chicory stewed (with fat and salt)	228	55	4.6	0.34	1	0.76	1.63	0.258
T617252	Schafskopf (Meerbrasse) tiefgefroren, gedünstet	Sheepshead deep-frozen, stewed	391	93	2.3	0.568	0	0	18	0.18
Y021312	Bratwurst gebraten	Bratwurst fried	1041	252	22.31	7.42	0.09	0	12.59	2.035
U010162	Rind Hackfleisch, gebraten ohne Fett (Ofen)	Beef mince, fried without fat (oven)	1172	281	19.282	8.699	0	0	26.968	0.15
U861262	Schaf Bug/Schulter, mager, tiefgefroren, gebraten ohne Fett (Ofen)	Sheep shoulder, lean, deep-frozen, fried without fat (oven)	740	176	7.73	2.6	0	0	26.7	0.212
U271232	Rind Vorderhesse, tiefgefroren, gekocht	Beef shin/foreshank, deep-frozen, boiled	625	149	5.445	1.705	0	0	24.904	0.095
W214000	Delikatesswürstchen	Gourmet sausage small	678	163	12.53	4.55	0.08	0	12.52	2.2
X820353	Reis mit gedünsteter Paprika	Rice with stewed sweet peppers	463	110	1.303	0.11	21.6	1.15	2.293	0.063
U541282	Schwein Schnitzel (Oberschale) tiefgefroren, gebraten ohne Fett (Pfanne)	Pork schnitzel (topside) deep-frozen, fried without fat (pan)	610	144	2.235	0.841	0	0	31.015	0.225
W415082	Schwein Frühstücksspeck, Rohpökelware, geräuchert, gebraten ohne Fett (Pfanne)	Pork breakfast bacon, raw cured, smoked, fried without fat (pan)	1287	310	25.91	9.281	0.573	0.573	18.73	4.8
V474232	Gans Fleisch, mit Haut, tiefgefroren, gekocht	Goose meat, with skin, deep-frozen, boiled	1081	260	19.929	5.606	0	0	20.186	0.122
X372012	Pesto verde	Pesto verde	2234	542	56.5	7.5	0.7	0.7	6.7	1.805
X548812	Zwiebelringe im Backteig (mit Bier) frittiert	Onion rings in frying batter (with beer) deep-fried	942	226	13.12	1.33	20.18	4.48	5.1	0.248
W151000	Mettwurst	Mettwurst sausage firm	1447	349	28.51	10.8	0.18	0	22.85	3.8
X810333	Milchreis gesüßt, mit Milch 3,5 % Fett und Beerenmischung	Rice pudding sweetened, with milk 3.5 % fat and berry mix	478	113	2.4	1.432	18.1	5.6	3.8	0.078
S143000	Maronenkrem	Sweet chestnut cream (spread)	1047	247	0.737	0.111	57.327	47.171	1.112	0.008
W238032	Geflügelfleischkäse mit Schweinefleisch, gekocht	Poultry fleischkaese sausage with pork, boiled	624	150	9.9	3.16	0.1	0	15.06	1.2
X5B1020	Gemüse-Kartoffel-Fleisch-Brei, mit Karotte und Rindfleisch (ohne Salz, geeignet für Beikost)	Vegetable-potato-meat purree, with carrots and beef (without salt, suitable as baby food)	383	92	4.822	0.48	7.576	3.819	3.532	0.05
U133182	Rind Steak (Rücken) mariniert, gebraten ohne Fett (Pfanne)	Beef steak (loin) marinated, fried without fat (pan)	722	172	7.11	2.13	0.19	0.19	26.48	1.142
X323253	Zwiebelsauce von heller/weißer Grundsauce	Onion sauce made from white basic sauce	261	63	4.5	2.7	4.17	1.92	0.92	0.72
Y8A4140	Vanilleflammeri/Vanillepudding, mit Ei	Vanilla pudding with egg	534	127	4.54	2.5	16.64	9.92	4.8	0.172
X0A2010	Frischkornbrei ungesüßt, mit Joghurt 3,5 % Fett und Fruchtmischung	Fresh-grain porridge unsweetened, with yogurt 3.5 % fat and mixed fruit	367	87	2.2	1.23	11.8	4.1	3.54	0.055
Y790340	Senfbutter	Mustard butter	2429	590	63.18	38.22	0.9	0.87	3.9	0.555
W982600	Getrüffelte Zungenpastete mit Champignons und Mürbeteig, gebacken	Truffled tongue pate with button mushrooms and shortcrust pastry, baked	981	236	16.03	6.77	7.84	0.211	14.59	1.2
Y840853	Birnen im Sud gekocht	Pears boiled	284	67	0.3	0.044	15.28	12.02	0.332	0.002
G090142	Gemüsemischung Kaisergemüse, geschmort ohne Fett	Mixed vegetables (carrots, cauliflower and broccoli florets) braised without fat	169	40	0.465	0.093	5.1	3.61	2.512	0.055
X437343	Leberklößchen mit Semmelbröseln	Small liver dumplings with bread crumbs	1017	244	15	8.162	13.19	1.55	13.47	0.835
C353182	Wildreis gekocht, gebraten ohne Fett (Pfanne)	Wild rice boiled, fried without fat (pan)	631	149	0.371	0.062	30.17	0.3	5.398	0.005
V464242	Ente Fleisch, mit Haut, tiefgefroren, geschmort ohne Fett	Duck meat, with skin, deep-frozen, braised without fat	890	213	12.094	4.015	0	0	26.019	0.06
C352082	Reis poliert, gekocht, gebraten ohne Fett (Pfanne)	White rice boiled, fried without fat (pan)	527	124	0.37	0.042	26.4	0.1	3.51	0.026
W171200	Krakauer roh	Krakow sausage raw	1379	332	26.56	10.15	0	0	23.27	3.8
Y810242	Apfelklöße	Apple dumplings	823	196	5.8	3.19	29	6.28	5.72	0.225
U025172	Schwein Frikadelle, gegrillt	Pork patty, grilled	1199	288	21.23	7.005	5	0.8	18.98	1.76
D790300	Kekse/Plätzchen (Vollkornmürbeteig) schokoliert	Wholemeal biscuits with chocolate icing	2203	528	30.85	19.05	52.5	28.7	6.95	0.172
X565043	Schwarzwurzeln gekocht	Black salsify boiled (with lemon juice and salt)	234	56	0.4	0.049	7.7	3.6	1.26	0.34
X365443	Hagebuttensauce aus Konfitüre	Rose hip sauce of jam	777	183	0.1	0.011	44.5	43.4	0.3	0.008
S243400	Speiseeis (Karamell, Schoko, Vanille) gemischt	Ice cream mixed (chocolate, vanilla, caramel)	853	204	9.81	5.33	24.69	21.65	3.4	0.095
X521053	Spinat gedünstet, in Grundsauce hell/weiß	Spinach stewed, in white basic sauce	135	32	1.5	0.8	1.78	0.83	2.04	0.318
X494143	Hagebuttensuppe mit Apfel, gebunden mit Stärke	Rose hip soup with apple, thickened with starch	203	48	0.2	0.021	9.6	8.713	0.657	0.015
D705300	Apfelküchlein/Apfelringe im Ausbackteig, frittiert	Apple slices in frying batter, deep-fried	821	197	11.9	4.2	17.9	6.1	3.5	0.068
V435232	Suppenhuhn Schenkel, mit Haut, tiefgefroren, gekocht	Boiling fowl leg, with skin, deep-frozen, boiled	941	226	15.088	3.339	0	0	22.5	0.087
U432232	Kalb Hals/Nacken/Kamm, tiefgefroren, gekocht	Veal scrag deep-frozen, boiled	569	135	2.85	1.191	0	0	27.257	0.168
X571153	Grüne Bohnen gekocht, in Grundsauce hell/weiß	Green beans boiled, in white basic sauce	144	34	1.1	0.6	3.6	2.06	1.85	0.328
X0A3030	Knuspermüsli (Granola) gesüßt, mit Sojadrink und Fruchtmischung	Crunchy muesli (granola) sweetened, with soya drink and mixed fruit	594	142	5.4	1.3	16.5	8	4.7	0.03
Y993540	Vanillesahneeis mit heißer Schokoladensauce	Vanilla cream ice cream with hot chocolate sauce	756	182	12.03	6.52	14.1	11.04	4	0.095
U892232	Schaf Hinterhaxe, mittelfett, tiefgefroren, gekocht	Sheep hindshank, medium fat, deep-frozen, boiled	1080	259	15.5	4.9	0	0	29.8	0.15
Y845312	Pfirsichkompott zuckerreduziert	Peach compote sugar-reduced	199	47	0.095	0.009	10.16	9.27	0.6	0.002
G311262	Blumenkohl tiefgefroren, gebacken	Cauliflower deep-frozen, baked	192	46	0.438	0.066	7.92	3.22	1.8	0.042
X9A2030	Getreide-Obst-Brei, mit Apfelmus ungesüßt und Haferflocken (geeignet für Beikost)	Cereal-fruit puree, with unsweetened apple sauce and oat flakes (suitable as baby food)	296	71	2.283	0.3	10	4.451	1.443	0.002
V614282	Hähnchen Herz, tiefgefroren, gebraten ohne Fett (Pfanne)	Chicken heart, deep-frozen, fried without fat (pan)	1128	270	17.66	4.402	0	0	27.89	0.485
W520032	Corned Beef gekocht	Corned beef boiled	579	138	5.172	2.171	0.29	0	22.448	1.2
V417242	Hähnchen Flügel, mit Haut, tiefgefroren, geschmort ohne Fett	Chicken wings, with skin, deep-frozen, braised without fat	774	185	10.86	2.346	0	0	21.9	0.12
E612132	Eierteigwaren glutenfrei, gekocht	Egg pasta gluten-free, boiled	592	140	1.417	0.344	28	0.18	3.173	0.025
G720252	Wachsbohne tiefgefroren, gedünstet	Wax bean deep-frozen, stewed	132	31	0.2	0	4	2.54	2.4	0.005
U382232	Kalb Kochfleisch (Brust) tiefgefroren, gekocht	Veal meat for boiling (breast) deep-frozen, boiled	961	231	14.992	6.275	0	0	23.895	0.145
G710042	Bohne grün, tiefgefroren, geschmort ohne Fett	Bean green, deep-frozen, braised without fat	135	32	0.3	0.089	4.2	2.71	2.1	0.006
Y861653	Vanillepudding, Flammeri, zubereitet aus Pulver und Milch 3,5 % Fett	Vanilla pudding made from powder with milk 3.5 % fat	449	107	3.2	2.023	16.14	10.66	3.27	0.15
V484262	Pute Fleisch, mit Haut, tiefgefroren, gebraten ohne Fett (Ofen)	Turkey meat, with skin, deep-frozen, fried without fat (oven)	923	221	11.333	2.898	0	0	29.627	0.168
Y8A4130	Vanilleflammeri/Vanillepudding (als Dessert) mit Schokoladensauce	Vanilla pudding (as dessert) with chocolate sauce	574	137	5.35	2.97	17.6	10.87	4.4	0.13
T415282	Königslachs tiefgefroren, gebraten ohne Fett (Pfanne)	Chinook salmon deep-frozen, fried without fat (pan)	868	208	12.6	2.8	0	0	23.631	0.128
Y841543	Mirabellenkompott	Mirabelle plum compote	364	86	0.1	0.018	20.393	18.838	0.449	0.005
X2A1110	Rote-Bete-Salat (roh) mit Joghurtmarinade	Beetroot salad (raw) with yogurt marinade	252	60	1.73	0.44	7.7	7.35	1.98	0.212
C351082	Reis unpoliert, gekocht, gebraten ohne Fett (Pfanne)	Brown rice boiled, fried without fat (pan)	579	137	0.976	0.172	28.01	0.28	3.198	0.003
X330563	Sahnesauce von dunkler/brauner Grundsauce	Cream sauce from brown basic sauce	401	97	7.7	1.9	5.34	0.302	1.24	0.692
B314272	Mehrkorntoastbrot mit Ölsamen, getoastet	Multigrain toast toasted	1448	343	6.83	1.6	56	2	11.68	1.348
X445863	Kürbiscremesuppe	Cream of pumpkin soup	288	69	5.2	2.9	4	3.1	0.95	0.422
X567053	Rote-Bete-Gemüse süß/sauer, gedünstet	Beetroot sweet-and-sour stewed	250	60	3.3	0.3	5.26	5.26	1.28	0.31
S156000	Birnendicksaft	Pear syrup	1154	272	1.001	0.134	67.8	55.8	1.165	0.105
U881262	Schaf Keule, mager, tiefgefroren, gebraten ohne Fett (Ofen)	Sheep leg, lean, deep-frozen, fried without fat (oven)	688	163	4.73	2.2	0	0	30.2	0.192
D314600	Pfirsichtorte (Biskuit) mit Klarguss (ohne Sahne/Creme)	Peach torte (sponge cake) with gelatin glaze (without cream)	370	87	1.08	0.29	16.56	11.3	2.3	0.045
U471200	Kalb Haxe, tiefgefroren	Veal shank, deep-frozen	495	118	4.51	1.913	0	0	19.3	0.288
W872500	Jagdwurst/Schinkenwurst grob, Konserve	Jagdwurst sausage/ham bologna coarsely minced, canned	635	152	10.46	3.78	0.08	0	14.46	2
V487232	Pute Flügel, mit Haut, tiefgefroren, gekocht	Turkey wings, with skin, deep-frozen, boiled	637	152	7.7	1.6	0	0	20.7	0.062
T122282	Weißer Thun tiefgefroren, gebraten ohne Fett (Pfanne)	Albacore deep-frozen, fried without fat (pan)	606	143	1.54	0.26	0	0	32.3	0.206
X4A8030	Kichererbsen-Eintopf	Chickpea stew	257	62	2.5	0.3	6	1.7	2.6	0.638
X453023	Brühreis mit Hühnerfleisch	Boiled rice with chicken	720	171	5.6	2	20.7	0.36	9.16	0.45
X640053	Kartoffelgratin	Potato gratin	536	128	5.77	3.01	15	1.75	3.42	0.365
G311242	Blumenkohl tiefgefroren, gedämpft	Cauliflower deep-frozen, steamed	136	33	0.311	0.047	5.62	2.28	1.3	0.028
X455013	Brotsuppe (Weißbrot) mit Gemüsebrühe, Tomaten, Champignons und Käse	Bread soup (white bread) with vegetable stock, tomatoes, button mushruooms and cheese	309	74	4.2	1.5	5.9	1.4	2.8	0.692
Y867112	Erdbeer-Carpaccio (mit Weißwein)	Strawberry carpaccio (with white wine)	227	54	0.31	0.024	9.38	9.29	0.737	0.002
Y063023	Leberpastete/Leberpudding	Liver pate/liver pudding	819	196	12	3.6	6	0.5	15.91	1.212
X461913	Linsen-Eintopf mit Suppengemüse und Kartoffeln	Lentil stew with vegetables and potatoes	514	122	2	0.3	16.2	1.7	6.84	0.54
S622000	Pralinen gefüllt mit Marzipan	Pralines filled with marzipan	1977	474	28.6	10.79	43.38	41.956	7.31	0.018
X531413	Blumenkohl gratiniert	Cauliflower gratinated	376	90	4.9	3.1	5.4	2.8	5.6	0.12
Y231233	Kalbskotelett gebraten, mit Sahnesauce	Veal chop fried, with cream sauce	586	140	6.6	2.66	0.313	0.313	19.75	0.482
U421262	Kalb Rücken, tiefgefroren, gebraten ohne Fett (Ofen)	Veal loin, deep-frozen, fried without fat (oven)	566	134	2.832	1.186	0	0	27.114	0.252
G346152	Weinsauerkraut gedünstet	Wine sauerkraut stewed	92	22	0.301	0.07	0.99	0.77	1.093	1.155
X4A3000	Gemüsesamtsuppe	Velvety vegetable soup	184	44	2.5	1	4	2	0.94	0.468
Y179222	Ochsenzunge paniert, gebraten	Ox tongue breaded, fried	1138	274	19.74	4.65	7.29	0.43	16.38	0.658
X572812	Fenchel gekocht (mit Fett und Salz)	Fennel boiled (with fat and salt)	304	74	5.5	0.42	3.13	2.73	1.295	0.325
V413232	Hähnchen Fleisch, ohne Haut, tiefgefroren, gekocht	Chicken meat, without skin, deep-frozen, boiled	540	128	3.9	0.691	0	0	23.3	0.102
Y731163	Omelett gebraten, gefüllt mit gedünsteten Champignons	Omelette fried, filled with stewed button mushrooms	676	163	13.15	2.85	2.1	0.7	9.09	0.525
U724072	Schaf Kotelett, mariniert, gegrillt	Sheep chop (loin) marinated, grilled	1742	421	37.96	17.32	0.47	0.47	19.22	1.295
X2A1000	Chinakohlsalat mit Essigmarinade	Chinese white cabbage with vinegar marinade	441	107	10.17	0.72	1.34	1.23	1.39	0.218
G992162	Gemüsemischung Erbsen-Karotten, gebacken	Mixed vegetables peas and carrots, baked	318	76	0.518	0.113	11.045	4.514	4	0.035
S465000	Mandeln gebrannt, dragiert	Almond roasted, sugar-coated	1973	472	21.902	1.883	51.4	43.5	10.3	0.158
Y637332	Heilbuttfilet gegrillt	Halibut fillet grilled	1000	240	15.8	2.08	0.187	0.187	23.74	0.222
U642262	Schwein Bauch (wie gewachsen) tiefgefroren, gebraten ohne Fett (Ofen)	Pork belly (untrimmed) deep-frozen, fried without fat (oven)	1510	364	30.34	10.864	0	0	22.77	0.169
V438282	Suppenhuhn Innereien, tiefgefroren, gebraten ohne Fett (Pfanne)	Boiling fowl giblets, deep-frozen, fried without fat (pan)	1000	240	14.62	3.84	0	0	27	0.26
G450152	Spargel gedünstet	Asparagus stewed	139	33	0.18	0.032	4.6	4.4	2.269	0.006
U642372	Schwein Bauch (wie gewachsen) mariniert, gegrillt	Pork belly (untrimmed) marinated, grilled	1797	434	38.32	11.95	0.14	0.13	21.95	1.2
X143242	Fenchelsalat (gegart) mit Essigmarinade	Fennel salad (cooked) with vinegar marinade	449	109	9.61	0.71	2.95	2.61	1.11	0.245
Y996510	Erdbeereis	Strawberry ice cream	712	170	7.6	3.945	22.822	22.794	1.4	0.042
X558112	Zucchini-Sahnesauce	Courgette-cream sauce	618	150	13.6	5.36	4	3.5	2	0.27
T209282	Seehecht tiefgefroren, gebraten ohne Fett (Pfanne)	Hake deep-frozen, fried without fat (pan)	428	101	2.17	0.38	0	0	20.425	0.268
M241200	Joghurt fettarm, mind. 1,5 % bis max. 1,8 % Fett, mit Fruchtzubereitung, gesüßt	Yogurt low-fat, min. 1.5 % to max. 1.8 % fat, with fruit preparation, sweetened	373	88	1.366	0.65	14.72	13.87	3.368	0.12
G570272	Zuckermais tiefgefroren, gegrillt	Sweetcorn deep-frozen, grilled	329	78	1.47	0.197	11.3	4.07	3.5	0.005
U371262	Kalb Bratenfleisch (Bug) tiefgefroren, gebraten ohne Fett (Ofen)	Veal meat for roasting (shoulder) deep-frozen, fried without fat (oven)	508	120	1.092	0.457	0	0	27.503	0.235
N500800	Kaffeeersatz (Getränk) mit Alkohol	Coffee substitute (infusion) with alcohol	82	20	0.002	0	0.904	0.133	0.07	0.01
Y910130	Backkartoffeln mit Kräuterquark	Baked potatoes with herb quark	488	116	3.4	0.7	15.4	2.6	5.19	0.38
D079062	Pizzateig (mit Hefe) gebacken	Pizza dough with yeast, baked	1264	300	6.26	0.48	51	1.141	7.89	0.448
S210400	Speiseeis (Nuss, Schokolade, Vanille) gemischt, in Waffeltüte	Ice cream mixed (chocolate, nut, vanilla) in waffle cone	964	230	11.35	6.66	27.6	21.5	3.39	0.09
V050232	Schnecken tiefgefroren, gekocht	Snails edible/escargots, deep-frozen, boiled	330	78	1.29	0.231	0	0	16.6	0.198
X656362	Berner Rösti gebraten	Bernese rösti fried grated potatoes	864	207	12.755	0.88	19.4	1.12	2.468	0.31
Y8A3020	Apfelkompott	Apple compote	192	46	0.3	0.127	9.4	8.586	0.292	0.005
T603282	Zander tiefgefroren, gebraten ohne Fett (Pfanne)	Pike-perch deep-frozen, fried without fat (pan)	431	102	0.74	0.164	0	0	23.75	0.065
T780262	Europäische Auster tiefgefroren, gratiniert ohne Fett (Ofen)	European oyster deep-frozen, gratinated without fat (oven)	308	73	3.27	0.877	1.211	0	9.8	0.445
Y569533	Hähnchenschenkel mariniert, gebraten, mit Curryjoghurtsauce	Chicken thigh marinated, fried, with curry-yogurt sauce	1087	262	19.88	4.24	3.3	1.48	16.97	0.485
Y855253	Stachelbeergrütze mit Schlagsahne	Gooseberry jelly with whipped cream	533	126	2.916	1.512	23.336	17.048	0.765	0.015
E608032	Böhmische Knödel gekocht	Bohemian dumplings boiled	836	199	7.27	3.87	25.33	1.83	7.21	0.765
T506282	Wels tiefgefroren, gebraten ohne Fett (Pfanne)	European catfish deep-frozen, fried without fat (pan)	579	139	7.8	1.922	0	0	17.1	0.048
X613143	Bechamelkartoffeln	Bechamel potatoes	333	79	2.5	1.6	11.37	1.54	2.16	0.2
G322252	Grünkohl tiefgefroren, gedünstet	Curly kale deep-frozen, stewed	223	54	0.676	0.105	3.35	2.667	4.202	0.062
Y856163	Ananasgelee	Pineapple jelly	257	60	0.1	0.021	12.931	11.996	1.6	0.015
T020252	Tintenfisch tiefgefroren, gedünstet	Common cuttlefish deep-frozen, stewed	288	68	1.17	0.35	0	0	14.375	0.98
F3A3700	Johannisbeernektar schwarz, mit Süßungsmitteln	Black currant nectar with artificial sweeteners	60	14	0.044	0.005	2.5	2.5	0.31	0.008
X0A4000	Haferflocken gesüßt, mit Joghurt 3,5 % Fett und Fruchtmischung	Oat flakes sweetened, with yogurt 3.5 % fat and mixed fruit	505	120	3.2	1.58	16.5	7.89	4.6	0.06
X810123	Milchreis gesüßt, mit Milch 3,5 % Fett, Zucker und Zimt	Rice pudding sweetened, with milk 3.5 % fat, sugar and cinnamon	600	142	3.18	1.961	23.2	6.45	4.83	0.108
Y373032	Schweineleber gebraten, mit Grundsauce dunkel/braun	Pork liver fried, with brown basic sauce	515	123	6	1.1	4.88	0.017	12.22	0.555
C492032	Mehrkornschrot gekocht	Grain mix coarse meal, boiled	212	50	0.47	0.09	8.8	0.198	1.71	0.002
X570153	Grüne Erbsen gekocht, in Grundsauce hell/weiß	Green peas boiled, in white basic sauce	337	80	1.2	0.6	10.38	1.14	4.8	0.32
X952133	Haferflockenbrei gesüßt, mit Butter und Ei	Porridge sweetened, with butter and egg	575	137	6.83	3.63	12.3	6.07	6	0.135
X532263	Broccoli gedünstet, mit Bechamelsauce	Broccoli stewed, with Bechamel sauce	286	69	4	2.4	4.3	2.05	3.08	0.325
G093132	Suppengrün/Suppenkraut, gekocht	Mirepoix boiled	130	31	0.314	0.058	3.3	3.2	2.019	0.118
D621300	Waffelkekse schokoliert	Waffle biscuits with chocolate icing	1516	362	18.77	10.08	41.6	27.1	5.67	0.1
T406252	Felchen/Maräne/Renke/Schnäpel, tiefgefroren, gedünstet	Whitefishes deep-frozen, stewed	429	102	3.021	0.649	0	0	18.199	0.37
X321263	Tomatensauce aus frischen Tomaten	Tomato sauce of fresh tomatoes	458	111	9.46	0.69	4.39	4.39	1.004	0.275
Y576133	Ente gebraten im Ofen, mit Grundsauce dunkel/braun	Duck fried in oven, with brown basic sauce	698	167	9.1	2.6	1.59	0.006	19.58	0.55
V217242	Hirsch Rücken, tiefgefroren, geschmort ohne Fett	Venison saddle, deep-frozen, braised without fat	591	140	3.66	1.389	0	0	26.808	0.13
U741272	Schaf Schnitzel (Keule, mager) tiefgefroren, gegrillt	Sheep schnitzel (leg, lean) deep-frozen, grilled	734	174	5.58	2.66	0	0	31	0.21
E632332	Dinkelvollkorneierteigwaren gekocht	Wholemeal spelt egg pasta boiled	527	125	0.99	0.171	21.56	0.271	5.17	0.008
V468242	Ente Innereien, tiefgefroren, geschmort ohne Fett	Duck giblets, deep-frozen, braised without fat	878	210	11.51	3.02	0	0	26.6	0.21
U693232	Schwein Hintereisbein/Hinterhaxe, tiefgefroren, gekocht	Pork hindshank (hock) deep-frozen, boiled	1078	259	17.07	5.741	0	0	26.24	0.139
S580700	Schokolade weiß, mit Haselnüssen	Chocolate white, with hazelnuts	2438	586	41.54	15.78	43.1	43.043	8.8	0.187
G490262	Knoblauch tiefgefroren, gebacken	Garlic deep-frozen, baked	522	127	0.549	0.084	4	2.6	7.908	0.026
T792282	Miesmuschel tiefgefroren, gebraten ohne Fett (Pfanne)	Common mussel deep-frozen, fried without fat (pan)	272	65	2.197	0.662	0	0	11.219	0.708
T615252	Rotbarsch/Goldbarsch, tiefgefroren, gedünstet	Ocean perch/redfish deep-frozen, stewed	355	84	3.3	0.679	0	0	13.7	0.202
Y853512	Rhabarberkompott mit Süßstoff	Rhubarb compote with artificial sweetener	75	18	0.126	0.026	1.229	1.021	0.542	0.032
Y995240	Pfirsich Melba	Peach Melba	710	170	10.4	5.39	16.5	16.2	2.2	0.055
T797162	Venusmuschel gekocht, gratiniert ohne Fett (Ofen)	Venus clam boiled, gratinated without fat (oven)	338	80	1.33	0.27	2	0	15	0.972
Y586113	Gans gebraten im Ofen, mit Grundsauce dunkel/braun	Goose fried in oven, with brown basic sauce	1735	419	37.6	10.4	1.05	0.004	19.13	0.61
Y614533	Thunfischsteak mariniert, gegrillt	Tuna steak marinated, grilled	772	184	9.16	1.94	0.02	0.013	25.3	0.742
G490282	Knoblauch tiefgefroren, gebraten ohne Fett (Pfanne)	Garlic deep-frozen, fried without fat (pan)	715	174	0.741	0.113	6	3.6	10.67	0.035
S221800	Frucht-Joghurteis	Yogurt-fruit ice cream	450	107	2.1	1.32	17.94	17.93	3.3	0.082
T502252	Blei/Brachsen/Brasse, tiefgefroren, gedünstet	Common bream deep-frozen, stewed	364	87	3.12	0.807	0	0	14.647	0.082
T612282	Schwertfisch tiefgefroren, gebraten ohne Fett (Pfanne)	Swordfish deep-frozen, fried without fat (pan)	521	124	3.5	0.657	0	0	23.038	0.27
G480262	Speisezwiebel tiefgefroren, gebacken	Onion deep-frozen, baked	186	44	0.196	0.033	7.85	7.85	1.511	0.03
Y991240	Vanilleparfait (Halbgefrorenes)	Vanilla parfait (semi-frozen)	1366	328	22.04	10.52	28.7	28.7	3.6	0.072
U221262	Rind Roastbeef (Rücken) tiefgefroren, gebraten ohne Fett (Ofen)	Beef roastbeef (loin) deep-frozen, fried without fat (oven)	673	160	4.811	2.099	0	0	29.124	0.158
V485242	Pute Keule, ohne Haut, tiefgefroren, geschmort ohne Fett	Turkey leg, without skin, deep-frozen, braised without fat	573	136	3.094	1.191	0	0	26.943	0.122
S467000	Erdnusskerne gebrannt, dragiert	Peanut roasted, sugar-coated	2114	506	23.4	3.7	54.3	44.1	13.6	0.008
S241900	Speiseeis Vanille, überzogen mit Schokolade und Karamell	Vanilla ice cream, covered with chocolate and caramel	1106	265	14.11	9.09	29.96	26.73	3.7	0.12
T615262	Rotbarsch/Goldbarsch, tiefgefroren, gebraten ohne Fett (Ofen)	Ocean perch/redfish, deep-frozen, fried without fat (oven)	456	108	3.87	0.794	0	0	18.4	0.215
G710262	Bohne grün, tiefgefroren, gebacken	Bean green, deep-frozen, baked	141	34	0.314	0.092	4.4	2.81	2.2	0.006
N252000	Fruchtsaftgetränk angereichert mit Vitaminen	Fruit juice beverage fortified with vitamins	158	37	0	0	9	9	0.121	0.008
U883242	Schaf Keule, fett, tiefgefroren, geschmort ohne Fett	Sheep leg, fat, deep-frozen, baked	1286	309	22.5	10.263	0	0	26.7	0.158
V419062	Hähnchen Flügel, mit Haut, mariniert, gebraten ohne Fett (Ofen)	Chicken wings, with skin, marinated, fried without fat (oven)	993	238	15.47	2.94	2.23	2.17	22.38	1.185
T720182	Languste gekocht, gebraten ohne Fett (Pfanne)	Spiny lobster/rock lobster/crawfish, boiled, fried without fat (pan)	380	90	1.677	0.197	0	0	18.679	0.5
U131282	Rind Steak (Rücken) tiefgefroren, gebraten ohne Fett (Pfanne)	Beef steak (loin) deep-frozen, fried without fat (pan)	700	166	5.532	2.49	0	0	29.124	0.158
X330653	Robertsauce von dunkler/brauner Grundsauce	Sauce "Robert" from brown basic sauce	300	72	4.8	0.7	5.37	0.46	1.03	0.6
Y841312	Sauerkirschkompott mit Süßstoff	Sour cherry compote with artificial sweetener	242	57	0.414	0.092	11.381	10.553	0.746	0.025
X890632	Käsepilaw (Reis mit Zwiebeln und Käse)	Cheese pilaf (rice with onions and cheese)	785	187	6.7	4.3	25.1	1.27	5.93	0.645
X328763	Hummersamtsauce von heller/weißer Grundsauce	Velvety lobster sauce from white basic sauce	361	87	6.4	3.2	2.61	0.61	4.6	0.825
X462623	Gemüsesuppe mit Graupen	Vegetable soup with pearl barley	156	37	1.2	0.1	4.8	1.6	1.3	0.525
V532282	Kalb Leber, tiefgefroren, gebraten ohne Fett (Pfanne)	Veal liver, deep-frozen, fried without fat (pan)	464	110	1.513	0.475	5.395	0	18.625	0.242
W222682	Rostbratwurst gebraten ohne Fett (Pfanne)	Rostbratwurst sausage fried without fat (pan)	900	216	15.22	5.63	0.1	0	19.72	2.163
V465242	Ente Schenkel, mit Haut, tiefgefroren, geschmort ohne Fett	Duck leg, with skin, deep-frozen, braised without fat	835	200	11.22	3.73	0	0	24.68	0.16
X201400	Gemischter Salat mit Essigmarinade	Mixed salad with vinegar marinade	476	115	10.9	0.78	2	1.7	1.2	0.402
G992200	Gemüsemischung Erbsen-Karotten, tiefgefroren	Mixed vegetables peas and carrots, deep-frozen	262	62	0.44	0.096	8.919	3.646	3.4	0.028
E632032	Dinkelteigwaren eifrei, gekocht	Spelt pasta egg-free, boiled	633	149	0.61	0.06	28.72	0.186	5.83	0.001
U522272	Schwein Stielkotelett, tiefgefroren, gegrillt	Pork chop (loin) deep-frozen, grilled	932	223	12.67	4.28	0	0	27.27	0.148
U063100	Rind/Schwein, Hacksteak, roh	Beef/pork, minced steak, raw	853	205	15.54	5.919	0.96	0.96	15.25	1.8
U432262	Kalb Hals/Nacken/Kamm, tiefgefroren, gebraten ohne Fett (Ofen)	Veal scrag deep-frozen, fried without fat (oven)	574	136	2.876	1.203	0	0	27.503	0.298
S201500	Speiseeis Kaffee, in Waffeltüte	Coffee ice cream, in waffle cone	855	204	10.2	4.91	23.1	17.4	4.7	0.09
U342262	Kalb Schnitzel (Keule) tiefgefroren, gebraten ohne Fett (Ofen)	Veal schnitzel (round) deep-frozen, fried without fat (oven)	513	121	0.823	0.344	0	0	28.389	0.245
V635282	Ente Leber, tiefgefroren, gebraten ohne Fett (Pfanne)	Duck liver, deep-frozen, fried without fat (pan)	726	173	6.82	2.1	1.765	0	26.1	0.338
C526062	Polenta (Maisgrieß mit Wasser, Fett und Salz) gekocht, gebacken	Polenta (Maize semolina prepared with water, fat and salt) boiled, baked	533	128	6.7	0.8	13.898	0.307	1.916	0.428
X411613	Fleischbrühe mit Ei-Einlauf	Meat stock with egg	88	21	1	0.4	1.2	0.04	1.78	0.608
G761252	Zuckererbse tiefgefroren, gedünstet	Sugar pea deep-frozen, stewed	182	43	0.2	0	5	3.62	4.3	0.042
Y848312	Rhabarbercreme einfach	Rhubarb cream simple	385	91	1.234	0.33	16.812	12.776	1.7	0.05
T710800	Edelkrebs/Flusskrebs, Präserve	Crayfish semi-preserved	255	60	0.575	0.082	0	0	13.764	1.515
U511082	Schwein Filetmedaillon, paniert, gebraten ohne Fett (Pfanne)	Pork fillet medaillon, breaded, fried without fat (pan)	724	171	2.9	0.7	9.12	0.61	26.8	1.292
U151282	Rind Gulasch (Bug) tiefgefroren, gebraten ohne Fett (Pfanne)	Beef goulash (shoulder) deep-frozen, fried without fat (pan)	750	179	7.171	3.147	0	0	28.518	0.155
X417013	Gemüse-Rindfleisch-Eintopf	Vegetable-beef stew	355	85	3.2	0.8	6	1.9	7.23	0.35
W415062	Schwein Frühstücksspeck, Rohpökelware, geräuchert, gebraten ohne Fett (Ofen)	Pork breakfast bacon, raw cured, smoked, fried without fat (oven)	1271	306	25.28	9.055	0.58	0.58	19.15	4.2
Y870440	Haselnusscreme, eingerührte Art (mit Stärke)	Hazelnut cream (with starch)	808	193	10.76	2.79	17.2	12.98	6.5	0.132
U632272	Schwein Kamm, tiefgefroren, gegrillt	Pork neck, deep-frozen, grilled	906	217	13.34	4.97	0	0	24.27	0.161
S242800	Speiseeis Vanille, mit Eierlikör	Vanilla ice cream with egg liqueur	862	206	9.78	6.7	23.2	19.2	2.58	0.108
W271200	Gefüllter Schinken	Filled ham	433	103	3.54	1.23	0.08	0	17.66	2
Y8A4010	Grießbrei (als Dessert) mit Karamellsauce	Semolina pudding (as dessert) with caramel sauce	477	113	3.66	2.11	15.94	11.16	4	0.095
Y870263	Vanillecreme abgeschlagen (mit Gelatine)	Vanilla cream (with gelatine)	886	213	15.1	7.55	13.68	13.68	5.5	0.102
G090162	Gemüsemischung Kaisergemüse, gebacken	Mixed vegetables (carrots, cauliflower and broccoli florets) baked	182	43	0.502	0.1	5.5	3.87	2.716	0.06
Y240222	Frikadellen aus Kalbfleisch gebraten	Veal meatballs fried	1036	249	17.75	5.45	2.5	0.8	19.53	0.598
X697212	Broccolipüree mit Milch 1,5 % Fett	Broccoli puree with milk 1.5 % fat	190	45	1.5	0.7	3.2	2.7	3.79	0.3
Y720462	Rührei gebraten mit Pfifferlingen und Kochschinken	Scrambled eggs fried with chanterelles and boiled ham	699	168	13	2.29	1.11	1	11.23	0.802
V913600	Hähnchenpastete gebacken	Chicken pate baked	884	211	11.4	4.63	7.7	0.071	19.2	0.5
G480242	Speisezwiebel tiefgefroren, geschmort ohne Fett	Onion deep-frozen, braised without fat	197	47	0.207	0.035	8.35	8.35	1.589	0.03
K702432	Trüffel getrocknet, gekocht	Black truffle (Perigord black truffle) dried, boiled	526	128	0.871	0.156	1	1	14.154	0.295
T730282	Hummer tiefgefroren, gebraten ohne Fett (Pfanne)	Lobster deep-frozen, fried without fat (pan)	419	99	2.436	0.307	0	0	19.365	0.735
X822212	Risi-Pisi (gekochter Reis mit gedünsteten grünen Erbsen)	Risi-Pisi (boiled rice with stewed green peas)	460	109	1.228	0.13	19.4	2.3	3.6	0.05
G920252	Gemüsemischung Leipziger Allerlei, tiefgefroren, gedünstet	Mixed vegetables "Leipziger Allerlei", deep-frozen, stewed	263	62	0.433	0.094	8.91	3.96	3.5	0.028
F928900	Apfelkompott/Apfelmus, mit Süßungsmitteln, Konserve	Apple sauce/apple compote, with artificial sweeteners, canned	136	32	0.12	0.018	6.7	5.7	0.3	0.012
C111062	Weizen ganzes Korn, gekocht, gebacken	Wheat whole grain, boiled, baked	954	226	1.188	0.2	40.513	0.718	8.767	0.012
G994152	Gemüsemischung asiatische Art, gedünstet	Mixed vegetables Asian style, stewed	132	31	0.3	0.042	3.9	3.9	2.1	0.018
V330262	Wildente Fleisch, mit Haut, tiefgefroren, gebraten ohne Fett (Ofen)	Wild duck meat, with skin, deep-frozen, fried without fat (oven)	1014	243	15	4.9	0	0	27	0.178
D072062	Blätterteig eifrei, gebacken	Puff pastry egg-free, baked	2324	560	42.36	16.98	37.7	0.161	5.5	0.522
X326143	Currysauce indisch	Indian curry sauce	278	67	4.6	2.7	4.85	2.99	1.02	0.482
V414242	Hähnchen ganz, entbeint, mit Haut, tiefgefroren, geschmort ohne Fett	Chicken whole, boneless, with skin, deep-frozen, braised without fat	857	205	11.39	2.77	0	0	25.61	0.098
X339153	Rotweinsauce von dunkler/brauner Grundsauce	Red wine sauce from brown basic sauce	294	71	4.6	0.4	5.28	0.63	1.02	0.545
T424252	Meerforelle tiefgefroren, gedünstet	Sea trout deep-frozen, stewed	414	98	3.44	0.84	0	0	16.4	0.148
N5A1000	Kaffeeersatz (Getränk) mit Mandeldrink, ungesüßt	Coffee substitute (infusion) with almond drink, unsweetened	25	6	0.074	0.006	0.94	0.145	0.1	0.014
Y993340	Mokkasahneeis	Mocha cream ice cream	1207	291	24.9	12.64	12.96	12.96	3.7	0.088
Y311323	Schweinelende gebraten im Ofen, mit Grundsauce dunkel/braun	Pork tenderloin fried in oven, with brown basic sauce	526	125	4	0.8	1.7	0.45	20.41	0.492
V132242	Kaninchen Fleisch, tiefgefroren, geschmort ohne Fett	Domestic rabbit meat, deep-frozen, braised without fat	746	177	6.6	2.5	0	0	29.5	0.118
X740612	Eierteigwaren mit Roquefortsauce	Egg pasta with Roquefort sauce	976	234	14.962	7.32	16.666	1.056	7.7	0.928
K701242	Champignon tiefgefroren, gedünstet	Button mushroom deep-frozen, stewed	211	50	0.482	0.085	5.1	0.3	6.45	0.173
T720232	Languste tiefgefroren, gekocht	Spiny lobster/rock lobster/crawfish, deep-frozen, boiled	321	76	1.358	0.16	0	0	15.926	0.478
X744163	Eierteigwaren mit Muschelsauce	Egg pasta with mussel sauce	480	114	2.875	0.5	15.7	1	5.7	0.555
D9B1400	Müslikekse/Müsliplätzchen (Vollkornmürbeteig) schokoliert	Wholemeal muesli biscuits (shortcrust pastry) with chocolate icing	1836	438	18	9.4	57.5	39.5	8	0.17
V320262	Rebhuhn Fleisch, tiefgefroren, gebraten ohne Fett (Ofen)	Partridge meat, deep-frozen, fried without fat (oven)	1361	324	11.8	3.9	0	0	54.4	0.315
G093432	Suppengrün/Suppenkraut, getrocknet, gekocht	Mirepoix dried, boiled	282	67	0.583	0.119	10	8.6	2.738	0.102
T501252	Karpfen tiefgefroren, gedünstet	Carp deep-frozen, stewed	451	107	4.88	1.274	0	0	15.882	0.075
V464262	Ente Fleisch, mit Haut, tiefgefroren, gebraten ohne Fett (Ofen)	Duck meat, with skin, deep-frozen, fried without fat (oven)	851	203	10.585	3.515	0	0	27.011	0.125
U151242	Rind Gulasch (Bug) tiefgefroren, geschmort ohne Fett	Beef goulash (shoulder) deep-frozen, braised without fat	727	173	6.424	2.819	0	0	28.77	0.105
R9A3100	Mohnfüllung für Gebäck/Torten	Poppy seed filling for pastry/tortes	1318	315	13.7	2.2	34.24	18.83	10.26	0.51
U532282	Schwein Kammsteak, tiefgefroren, gebraten ohne Fett (Pfanne)	Pork steak (neck) deep-frozen, fried without fat (pan)	791	189	10.9	4.05	0	0	22.81	0.144
V111242	Pferd Fleisch, tiefgefroren, geschmort ohne Fett	Horse meat, deep-frozen, braised without fat	614	145	3.259	1.177	0.541	0	28.476	0.1
U030182	Kalb Hackfleisch, gebraten ohne Fett (Pfanne)	Veal mince, fried without fat (pan)	1069	257	16.687	7.507	0	0	26.591	0.18
V484272	Pute Fleisch, mit Haut, tiefgefroren, gegrillt	Turkey meat, with skin, deep-frozen, grilled	901	215	11.644	2.976	0	0	27.671	0.195
V416262	Hähnchen Brustfilet, tiefgefroren, gebraten ohne Fett (Ofen)	Chicken breast fillet, deep-frozen, fried without fat (oven)	610	144	1.86	0.421	0	0	31.85	0.144
M8B2100	Speisequarkzubereitung < 10 % Fett i. Tr., mit Fruchtzubereitung, Zucker und Süßungsmitteln	Quark preparation < 10 % fat in dry matter, with fruit preparation, sugar and artificial sweeteners	274	65	0.15	0.089	6.21	5.95	9.02	0.072
V414272	Hähnchen ganz, entbeint, mit Haut, tiefgefroren, gegrillt	Chicken whole, boneless, with skin, deep-frozen, grilled	997	239	15.18	3.68	0	0	25.61	0.182
X4A9000	Grünkohl-Eintopf mit Kartoffeln	Curly kale-stew with potatoes	277	66	2.2	0.3	7.5	2.16	2.43	0.358
U891272	Schaf Hinterhaxe, mager, tiefgefroren, gegrillt	Sheep hindshank, lean, deep-frozen, grilled	680	161	4.72	1.479	0	0	29.7	0.285
Y848912	Heidelbeerkompott ungesüßt	Blueberry compote unsweetened	201	48	0.5	0.046	7.5	7.5	0.4	0.005
X336661	Pfeffersauce von dunkler/brauner Grundsauce	Pepper sauce from brown basic sauce	310	74	5	0.4	5.8	0.7	1.2	0.618
V217262	Hirsch Rücken, tiefgefroren, gebraten ohne Fett (Ofen)	Venison saddle, deep-frozen, fried without fat (oven)	591	140	3.66	1.389	0	0	26.808	0.182
E606032	Semmelknödel gekocht	White bread dumplings boiled	656	156	4.05	1.8	22.03	2.44	7.04	0.892
E438032	Eier-Frischteigwaren gekocht	Fresh egg pasta boiled	729	172	2.29	0.46	29.64	0.244	7.26	0.302
G090200	Gemüsemischung Kaisergemüse, tiefgefroren	Mixed vegetables (carrots, cauliflower and broccoli florets) deep-frozen	150	36	0.427	0.085	4.4	3.11	2.309	0.045
T601272	Barsch/Flussbarsch, tiefgefroren, gegrillt	European perch deep-frozen, grilled	409	96	0.7	0.118	0	0	22.54	0.148
G480282	Speisezwiebel tiefgefroren, gebraten ohne Fett (Pfanne)	Onion deep-frozen, fried without fat (pan)	250	59	0.265	0.044	10.6	10.6	2.038	0.04
V481272	Pute Fleisch, ohne Haut, tiefgefroren, gegrillt	Turkey meat, without skin, deep-frozen, grilled	566	134	2.9	0.819	0	0	26.974	0.275
X5A9050	Selleriegemüse gekocht	Celeriac boiled (with lemon juice and salt)	108	26	0.3	0.059	2.41	1.845	1.333	0.395
T633252	Meeräsche tiefgefroren, gedünstet	Grey mullet deep-frozen, stewed	411	98	2.75	0.884	0	0	18.214	0.175
R481132	Vanillepudding, Flammeri, zubereitet aus Pulver und Milch 3,5 % Fett, gesüßt	Vanilla pudding made from powder, milk 3.5 % fat and sugar	427	101	3.04	1.922	15.32	10.12	3.11	0.142
G470252	Porree/Lauch, tiefgefroren, gedünstet	Leek deep-frozen, stewed	154	37	0.296	0.052	6	4.5	1	0.002
G620232	Karotte/Möhre, tiefgefroren, gekocht	Carrot deep-frozen, boiled	162	38	0.407	0.095	6.263	6.165	0.726	0.048
X614313	Kartoffelschichtspeise mit Sauerkraut und Kochschinken, überbacken	Potato layer dish with sauerkraut and boiled ham, gratinated	374	89	3.6	1.4	7.29	1.27	5.2	0.808
Y888312	Süßkirschkompott zuckerreduziert	Sweet cherry compote sugar-reduced	312	74	0.246	0.055	16.58	15.25	0.717	0.002
X4B3020	Schinkennockerln, Suppeneinlage	Ham dumplings as soup garnish	1157	277	15.19	8.4	22.63	0.42	11.34	0.83
V464272	Ente Fleisch, mit Haut, tiefgefroren, gegrillt	Duck meat, with skin, deep-frozen, grilled	1115	268	18.654	6.194	0	0	24.983	0.122
X5A6030	Lauch gedünstet, mit Butter und Käse	Leek stewed, with butter and cheese	448	108	7.79	4.889	5	3.7	3.264	0.288
Y882510	Quark (Halbfettstufe) mit Konfitüre	Quark (min. 20 % fat in dry matter) with jam	533	127	4.4	2.383	10.4	10.4	10.6	0.078
G311252	Blumenkohl tiefgefroren, gedünstet	Cauliflower deep-frozen, stewed	148	36	0.338	0.051	6.11	2.48	1.4	0.032
X323243	Zwiebelsauce von dunkler/brauner Grundsauce	Onion sauce from brown basic sauce	280	67	4.2	0.3	5.69	1.42	1.15	0.588
D720400	Brandmasse/Brandteig, gebacken	Choux pastry baked	1144	274	14.29	7.32	24.94	0.343	10.38	0.258
W410432	Schwein Schinkenspeck, Rohpökelware, geräuchert, gekocht	Pork bacon (ham) raw cured, smoked, boiled	579	137	3.79	1.253	0.589	0.589	25.2	4.2
D630800	Waffelkekse mit Nuss-Nougatcremefüllung, schokoliert	Waffle biscuits with chocolate nut filling and chocolate icing	2082	499	29.22	13.93	50.2	45.7	6.47	0.088
V511242	Rind Herz, tiefgefroren, geschmort ohne Fett	Beef heart, deep-frozen, braised without fat	826	197	8.889	3.394	0	0	29.244	0.3
V486242	Pute Brust, ohne Haut, tiefgefroren, geschmort ohne Fett	Turkey breast, without skin, deep-frozen, braised without fat	614	145	0.914	0.332	0	0	34.111	0.07
U171262	Rind Bratenfleisch (Bug) tiefgefroren, gebraten ohne Fett (Ofen)	Beef meat for roasting (shoulder) deep-frozen, fried without fat (oven)	676	161	5.889	2.583	0	0	26.933	0.148
V485272	Pute Keule, ohne Haut, tiefgefroren, gegrillt	Turkey leg, without skin, deep-frozen, grilled	742	176	5.554	2.139	0	0	31.538	0.298
K703432	Morchel getrocknet, gekocht	Morel dried, boiled	500	121	1.302	0.222	2.4	2.4	10.126	0.018
U522262	Schwein Stielkotelett, tiefgefroren, gebraten ohne Fett (Ofen)	Pork chop (loin) deep-frozen, fried without fat (oven)	850	203	10.75	3.62	0	0	26.63	0.133
X744063	Teigwaren eifrei, mit Kalbsgulasch	Pasta egg-free, with veal goulash	484	115	2.9	0.45	10.4	0.7	11.4	0.592
R9A3300	Puddingfüllung für Gebäck/Torten	Pudding filling for pastry/tortes	543	129	3.53	1.93	20.98	14.53	3.2	0.155
W221072	Rheinische Bratwurst gegrillt	Rhenish bratwurst grilled	992	240	21.11	7.4	0.09	0	12.28	1.858
V111262	Pferd Fleisch, tiefgefroren, gebraten ohne Fett (Ofen)	Horse meat, deep-frozen, fried without fat (oven)	633	150	3.268	1.18	0.585	0	29.516	0.138
E606022	Semmelknödel gedämpft	White bread dumplings steamed	658	156	3.91	1.74	22.51	2.5	6.96	0.858
T900352	Meeresfrüchtemischung gedünstet	Shellfish (frutti di mare) stewed	247	58	1.42	0.39	0	0	11.417	0.615
U872242	Schaf Vorderhaxe, mittelfett, tiefgefroren, geschmort ohne Fett	Sheep foreshank, medium fat, deep-frozen braised without fat	1011	242	14.5	4.4	0	0	27.9	0.14
U882242	Schaf Keule, mittelfett, tiefgefroren, geschmort ohne Fett	Sheep leg, medium fat, deep-frozen, baked	1011	242	14.5	6.14	0	0	27.9	0.14
X637012	Kartoffelpüree, zubereitet aus Instantpulver und Milch 3,5 % Fett	Potato puree, made from instant powder and milk 3.5 % fat	454	108	3.59	2.253	13.84	4.07	4.61	0.46
D7B6000	Mürbchen (Mürbeteig) schokoliert	Shortcrust pastry biscuit with chocolate icing	2094	501	26.61	16.1	57.1	28.77	6.54	0.13
V417282	Hähnchen Flügel, mit Haut, tiefgefroren, gebraten ohne Fett (Pfanne)	Chicken wings, with skin, deep-frozen, fried without fat (pan)	915	219	12.94	2.796	0	0	25.66	0.281
U331262	Kalb Steak (Rücken) tiefgefroren, gebraten ohne Fett (Ofen)	Veal steak (loin) deep-frozen, fried without fat (oven)	634	150	3.176	1.328	0	0	30.4	0.282
T604282	Katfisch/Steinbeißer, tiefgefroren, gebraten ohne Fett (Pfanne)	Catfish/wolffish, deep-frozen, fried without fat (pan)	408	97	2.4	0.571	0	0	18.762	0.28
D710100	Schokoladen-Biskuitplätzchen	Chocolate sponge biscuits	1772	420	9.43	4.24	68.4	38.84	12.9	0.305
T402252	Stint tiefgefroren, gedünstet	European smelt deep-frozen, stewed	324	77	1.619	0.348	0	0	15.536	0.395
Y836312	Mangokompott	Mango compote	382	90	0.338	0.077	20	19.3	0.7	0.02
X147242	Lauchsalat (gegart) mit Essigmarinade	Leek salad (cooked) with vinegar marinade	454	110	8.96	0.67	4	3.3	1.84	0.168
Y144323	Rinderragout mit Paprika	Beef ragout with sweet pepper	686	164	9.3	2.3	3.15	1.7	16.59	0.63
V474262	Gans Fleisch, mit Haut, tiefgefroren, gebraten ohne Fett (Ofen)	Goose meat, with skin, deep-frozen, fried without fat (oven)	1071	257	18.507	5.207	0	0	22.73	0.272
U622242	Schwein Kotelett (Rücken/cranial) tiefgefroren, geschmort ohne Fett	Pork loin (cranial part) deep-frozen, braised without fat	915	219	12.07	4.069	0	0	27.53	0.103
V468282	Ente Innereien, tiefgefroren, gebraten ohne Fett (Pfanne)	Duck giblets, deep-frozen, fried without fat (pan)	1000	240	14.62	3.84	0	0	27	0.26
W115282	Westfälische grobe Mettwurst, gebraten ohne Fett (Pfanne)	Westphalian coarse Mettwurst sausage, fried without fat (pan)	1614	390	34.14	12.8	0.18	0	20.4	3.8
U632262	Schwein Kamm, tiefgefroren, gebraten ohne Fett (Ofen)	Pork neck, deep-frozen, fried without fat (oven)	855	205	11.78	4.391	0	0	24.66	0.15
U025162	Schwein Frikadelle, gebraten ohne Fett (Ofen)	Pork patty, fried without fat (oven)	1121	270	19.08	6.294	5	0.8	19.07	1.65
S560400	Zartbitter-/Halbbitterschokolade, mit Haselnüssen	Bittersweet/semisweet chocolate, with hazelnuts	2368	570	40.34	15.92	38.3	36.2	9.03	0.016
X3A7060	Mayonnaise, gestreckt mit saurer Sahne	Mayonnaise, diluted with sour cream	1727	419	44.3	5.9	2.2	2.2	2.6	0.68
G470232	Porree/Lauch, tiefgefroren, gekocht	Leek deep-frozen, boiled	128	31	0.261	0.046	5	4.1	0.8	0.001
T753232	Garnele/Granat/Krabbe, tiefgefroren, gekocht	Common shrimp deep-frozen, boiled	398	94	1.973	0.436	0	0	19.11	0.425
V485262	Pute Keule, ohne Haut, tiefgefroren, gebraten ohne Fett (Ofen)	Turkey leg, without skin, deep-frozen, fried without fat (oven)	795	189	5.554	2.139	0	0	34.692	0.265
E401062	Teigwaren eifrei, gekocht, gebacken	Pasta egg-free, boiled, baked	701	165	0.798	0.114	32.591	0.953	6.1	0.002
E604332	Eierteigwaren mit Weizenkeimen, gekocht	Egg pasta with wheat germ, boiled	589	139	1.06	0.2	25.24	0.439	6.09	0.008
Y725512	Rührei gebraten mit Zwiebeln	Scrambled eggs fried with onions	796	192	15.41	2.78	1.06	1.05	12.07	0.655
U733272	Schaf Filetsteak, tiefgefroren, gegrillt	Sheep fillet steak, deep-frozen, grilled	718	170	4.18	1.91	0	0	33.15	0.171
X531053	Blumenkohl gekocht, mit Grundsauce hell/weiß	Cauliflower boiled, with white basic sauce	202	48	2.7	1.7	4.31	1.24	1.48	0.572
Y8A5000	Creme brulee	Creme brulee	1461	351	24.7	12.11	26.82	26.82	5.3	0.112
Y855543	Kirschgrütze	Cherry jelly	484	114	0.352	0.077	25.952	22.364	0.657	0.005
U721282	Schaf Kotelett, tiefgefroren, gebraten ohne Fett (Pfanne)	Sheep chop (loin) deep-frozen, fried without fat (pan)	1627	393	35.068	15.996	0	0	19.39	0.262
T124282	Gelbflossen-Thun tiefgefroren, gebraten ohne Fett (Pfanne)	Yellowfin tuna deep-frozen, fried without fat (pan)	513	121	0.55	0.192	0	0	29	0.128
T209252	Seehecht tiefgefroren, gedünstet	Hake deep-frozen, stewed	329	78	1.84	0.322	0	0	15.357	0.255
G620242	Karotte/Möhre, tiefgefroren, geschmort ohne Fett	Carrot deep-frozen, braised without fat	185	44	0.458	0.106	7.111	7	0.816	0.059
Y301122	Eisbein gepökelt, gekocht	Pork foreshank (hock) "Eisbein" cured, boiled	819	196	11.29	3.798	0.579	0.579	23.03	1.8
V494242	Taube Fleisch, mit Haut, tiefgefroren, geschmort ohne Fett	Pigeon meat, with skin, deep-frozen, braised without fat	849	202	8.233	2.447	0	0	32.047	0.15
U471142	Kalb Haxe, geschmort ohne Fett	Veal shank, braised without fat	589	140	4.811	2.041	0	0	24.189	0.23
V478242	Gans Innereien, tiefgefroren, geschmort ohne Fett	Goose giblets, deep-frozen, braised without fat	878	210	11.51	3.02	0	0	26.6	0.21
V432232	Suppenhuhn Fleisch, mit Haut, tiefgefroren, gekocht	Boiling fowl meat, with skin, deep-frozen, boiled	1024	246	16.419	5.258	0	0	24.485	0.095
V417272	Hähnchen Flügel, mit Haut, tiefgefroren, gegrillt	Chicken wings, with skin, deep-frozen, grilled	1194	286	19.03	4.112	0	0	28.8	0.294
G920232	Gemüsemischung Leipziger Allerlei, tiefgefroren, gekocht	Mixed vegetables "Leipziger Allerlei", deep-frozen, boiled	256	61	0.421	0.091	8.69	3.86	3.4	0.025
B8A8072	Toastbrot glutenfrei, getoastet	Toast gluten-free, toasted	1145	271	4.906	0.36	54	4.84	2.004	1.335
U030142	Kalb Hackfleisch, geschmort ohne Fett	Veal mince, braised without fat	866	208	12.836	5.774	0	0	23.032	0.16
V250242	Wildschwein Fleisch, tiefgefroren, geschmort ohne Fett	Wild boar meat, deep-frozen, braised without fat	855	204	10.783	3.766	0	0	26.848	0.205
K718432	Steinpilz getrocknet, gekocht	Porcini mushroom dried, boiled	582	140	1.199	0.213	9.8	1.589	16.189	0.04
V469072	Ente Fleisch, mit Haut, mariniert, gegrillt	Duck meat with skin marinated, grilled	1156	278	20.42	5.98	0.18	0.18	23.35	1.268
K713432	Pfifferling getrocknet, gekocht	Chanterelle dried, boiled	527	126	1.293	0.235	2.629	0.768	18.654	0.032
U080282	Rind Leberhack, tiefgefroren, gebraten ohne Fett (Pfanne)	Beef liver mince, deep-frozen, fried without fat (pan)	670	159	4.575	1.434	6.625	0	22.812	0.308
T780282	Europäische Auster tiefgefroren, gebraten ohne Fett (Pfanne)	European oyster deep-frozen, fried without fat (pan)	306	73	3.3	0.887	1.225	0	9.607	0.382
D701400	Zedernbrot	"Zedernbrot" lemon almond biscuits	1663	396	15.8	1.36	52.4	52.3	8.9	0.075
G346132	Weinsauerkraut gekocht	Wine sauerkraut boiled	77	18	0.288	0.067	0.94	0.73	1.046	0.995
E500082	Vollkornteigwaren eifrei, gekocht, gebraten ohne Fett (Pfanne)	Wholemeal pasta egg-free, boiled, fried without fat (pan)	558	132	1.13	0.168	23	1	5.5	0.002
G570232	Zuckermais tiefgefroren, gekocht	Sweetcorn deep-frozen, boiled	281	67	1.255	0.168	9.6	3.46	3	0.005
M2N3400	Sahnejoghurt mind. 10 % Fett, mit Fruchtzubereitung und Süßungsmitteln	Yogurt min. 10 % fat, with fruit preparation and artificial sweeteners	458	110	8.266	5.412	5.4	4	2.8	0.098
D9A2500	Vollkornhefezopf	Wholemeal braided yeast bread	1146	273	8.26	3.17	38	6.535	8.4	0.165
V513242	Schwein Herz, tiefgefroren, geschmort ohne Fett	Pork heart, deep-frozen, braised without fat	817	195	8.7	3.26	0	0	29.106	0.305
U030132	Kalb Hackfleisch, gekocht	Veal mince, boiled	914	219	13.409	6.031	0	0	24.573	0.192
E401082	Teigwaren eifrei, gekocht, gebraten ohne Fett (Pfanne)	Pasta egg-free, boiled, fried without fat (pan)	630	149	0.716	0.103	29.265	0.856	5.5	0.002
D651500	Printen schokoliert	Chocolate printen	1782	424	13.4	8.08	68.5	43.7	5.5	0.388
U020242	Schwein Hackfleisch, tiefgefroren, geschmort ohne Fett	Pork mince, deep-frozen, braised without fat	1631	393	31.36	10.471	0	0	27.71	0.132
X329153	Weißweinsauce von heller/weißer Grundsauce	White wine sauce from white basic sauce	210	50	3.5	2.2	2.85	0.52	0.64	0.615
Y683312	Muscheln gedämpft, im Weißweinsud	Mussels steamed, in white wine stock	375	91	6.649	0.7	0.22	0.21	3.95	0.55
G312262	Broccoli tiefgefroren, gebacken	Broccoli deep-frozen, baked	186	45	0.934	0.186	3.5	2.05	3.1	0.092
U741262	Schaf Schnitzel (Keule, mager) tiefgefroren, gebraten ohne Fett (Ofen)	Sheep schnitzel (leg, lean) deep-frozen, fried without fat (oven)	679	161	4.67	2.22	0	0	29.8	0.19
X470043	Vanille-Milchsuppe mit Ei, gebunden mit Stärke	Vanilla-milk soup with egg, thickened with starch	431	103	4.85	2.7	9.73	7.66	5	0.152
V232242	Hase Fleisch, tiefgefroren, geschmort ohne Fett	Hare meat, deep-frozen, braised without fat	654	155	3.594	1.373	0	0	30.627	0.098
G090132	Gemüsemischung Kaisergemüse, gekocht	Mixed vegetables (carrots, cauliflower and broccoli florets) boiled	130	31	0.363	0.072	3.9	2.78	1.96	0.038
X332263	Champignonsauce von dunkler/brauner Grundsauce	Button mushroom sauce from brown basic sauce	300	72	4.8	0.4	5.36	0.018	1.7	0.58
G761232	Zuckererbse tiefgefroren, gekocht	Sugar pea deep-frozen, boiled	170	40	0.2	0	4.6	3.31	4	0.032
T797232	Venusmuschel tiefgefroren, gekocht	Venus clam deep-frozen, boiled	310	73	1.2	0.23	1.8	0	13.8	0.875
X330363	Rosinensauce von dunkler/brauner Grundsauce	Raisin sauce from brown basic sauce	367	88	4.7	0.4	9.6	4.8	1.2	0.552
U271242	Rind Vorderhesse, tiefgefroren, geschmort ohne Fett	Beef shin/foreshank, deep-frozen, braised without fat	685	163	6.057	1.897	0	0	27.126	0.098
T501282	Karpfen tiefgefroren, gebraten ohne Fett (Pfanne)	Carp deep-frozen, fried without fat (pan)	579	138	5.83	1.524	0	0	21.375	0.08
U741282	Schaf Schnitzel (Keule, mager) tiefgefroren, gebraten ohne Fett (Pfanne)	Sheep schnitzel (leg, lean) deep-frozen, fried without fat (pan)	709	168	4.87	2.32	0	0	31.1	0.198
G450232	Spargel tiefgefroren, gekocht	Asparagus deep-frozen, boiled	145	34	0.19	0.034	4.85	4.63	2.39	0.005
U461262	Kalb Bug/Schulter, tiefgefroren, gebraten ohne Fett (Ofen)	Veal shoulder, deep-frozen, fried without fat (oven)	508	120	1.092	0.457	0	0	27.503	0.235
G730232	Dicke Bohne unreif, tiefgefroren, gekocht	Broad bean immature, deep-frozen, boiled	284	68	0.7	0.148	6.4	1.4	5.8	0.038
S202200	Speiseeis (Schokolade, Vanille) gemischt, mit Eierlikör	Ice cream mixed (chocolate, vanilla) with egg liqueur	933	223	9.92	5.4	26.1	22.3	3.12	0.102
X5B1110	Gemüse-Kartoffel-Brei, mit Karotte, Kürbis (ohne Salz, geeignet für Beikost)	Vegetable-potato purree, with carrot and pumpkin (without salt, suitable as baby food)	359	86	4.959	0.39	8.39	4	0.943	0.02
X326653	Kümmelsauce von heller/weißer Grundsauce	Caraway seed sauce from white basic sauce	236	57	4.2	2.6	3.62	0.83	0.79	0.74
F602300	Limettensaft Konzentrat	Lime concentrate	637	148	1.2	0	9.315	9.315	2.757	0.029
U070232	Rind Tatar/Schabefleisch, tiefgefroren, gekocht	Beef mince, lean, deep-frozen, boiled	700	166	3.75	1.389	0	0	33	0.15
X331143	Tomatensauce aus frischen Tomaten und saurer Sahne	Tomato sauce of fresh tomatoes and sour cream	465	112	9.6	1	4.4	4.4	1.13	0.28
P9A7000	Cocktail, Pina Colada	Cocktail, Pina colada	370	89	3.924	3.408	2.8	2.6	0.583	0.015
T793262	Pilgermuschel/Jakobsmuschel, tiefgefroren, gratiniert ohne Fett (Ofen)	Scallop deep-frozen, gratinated without fat (oven)	293	69	0.111	0.034	0	0	16.987	0.822
G210262	Spinat tiefgefroren, gebacken	Spinach deep-frozen, baked	98	24	0.372	0.038	1.16	0.93	2.721	0.155
D7A7200	Franzbrötchen (Plunderteig)	"Franzbrötchen" Danish pastry, filled with cinnamon-sugar	2366	567	34.85	20.31	57	34.136	5.48	0.602
G470242	Porree/Lauch, tiefgefroren, geschmort ohne Fett	Leek deep-frozen, braised without fat	161	38	0.344	0.06	6	5.3	1.1	0.002
K706432	Butterpilz getrocknet, gekocht	Brown-yellow boletus (slippery jack) dried, boiled	543	131	1.489	0.262	13.52	2.192	10.538	0.055
T406282	Felchen/Maräne/Renke/Schnäpel, tiefgefroren, gebraten ohne Fett (Pfanne)	Whitefishes deep-frozen, fried without fat (pan)	558	132	3.611	0.776	0	0	24.492	0.392
U471162	Kalb Haxe, gebraten ohne Fett (Ofen)	Veal shank, fried without fat (oven)	606	144	4.876	2.069	0	0	25.038	0.31
K701282	Champignon tiefgefroren, gebraten ohne Fett (Pfanne)	Button mushroom deep-frozen, fried without fat (pan)	244	58	0.561	0.099	5.9	0.3	7.51	0.201
U733282	Schaf Filetsteak, tiefgefroren, gebraten ohne Fett (Pfanne)	Sheep fillet steak, deep-frozen, fried without fat (pan)	661	156	3.44	1.56	0	0	31.38	0.151
V486282	Pute Brust, ohne Haut, tiefgefroren, gebraten ohne Fett (Pfanne)	Turkey breast, without skin, deep-frozen, fried without fat (pan)	626	148	1.414	0.515	0	0	33.74	0.14
F203700	Pfirsichnektar	Peach nectar	205	48	0.044	0.004	11.6	11.14	0.3	0.005
V484242	Pute Fleisch, mit Haut, tiefgefroren, geschmort ohne Fett	Turkey meat, with skin, deep-frozen, braised without fat	721	172	7.286	1.862	0	0	26.549	0.09
X131460	Blumenkohlsalat (gegart) mit Essigmarinade	Cauliflower salad (cooked) with vinegar marinade	546	132	12.08	0.86	3.84	1.83	1.42	0.23
Y646132	Felchenfilet in Mandelkruste gebacken	Whitefish fillet baked in almond crust	940	225	12.075	1.43	0.63	0.59	27.119	0.82
U642232	Schwein Bauch (wie gewachsen) tiefgefroren, gekocht	Pork belly (untrimmed) deep-frozen, boiled	1479	357	29.64	10.614	0	0	22.49	0.097
U023262	Schwein Hackfleisch, tiefgefroren, gebraten ohne Fett (Pfanne)	Pork mince, deep-frozen, fried without fat (pan)	1409	339	26.44	8.825	0	0	25.35	0.167
U863232	Schaf Bug/Schulter, fett, tiefgefroren, gekocht	Sheep shoulder, fat, deep-frozen, boiled	1694	408	33.3	15.201	0	0	27.2	0.242
U131262	Rind Steak (Rücken) tiefgefroren, gebraten ohne Fett (Ofen)	Beef steak (loin) deep-frozen, fried without fat (oven)	682	162	4.877	2.196	0	0	29.523	0.16
V488242	Pute Innereien, tiefgefroren, geschmort ohne Fett	Turkey giblets, deep-frozen, braised without fat	878	210	11.51	3.02	0	0	26.6	0.21
V438232	Suppenhuhn Innereien, tiefgefroren, gekocht	Boiling fowl giblets, deep-frozen, boiled	854	204	11.51	3.02	0	0	25.2	0.18
U471172	Kalb Haxe, gegrillt	Veal shank, grilled	590	140	5.299	2.247	0	0	23.16	0.305
U884042	Schaf Keule, mager, mariniert, geschmort ohne Fett	Sheep leg, lean, marinated, braised without fat	698	165	4.43	2	0.48	0.48	30.7	0.895
T313282	Rotzunge tiefgefroren, gebraten ohne Fett (Pfanne)	Witch deep-frozen, fried without fat (pan)	354	84	1.12	0.161	0	0	18.406	0.322
Y860553	Schokoladenflammeri/Schokoladenpudding, mit Vanillesauce	Chocolate pudding with vanilla sauce	516	123	4.26	2.23	17.1	11.79	3.9	0.12
F092152	Beerenmischung mit Sauerkirschen, ungesüßt, gedünstet	Berry mix with sour cherries, unsweetened, stewed	222	53	0.3	0.033	8.4	7.5	1.2	0.002
U510082	Schwein Filetmedaillon, mariniert, gebraten ohne Fett (Pfanne)	Pork fillet medallion, marinated, fried without fat (pan)	688	164	6.2	0.7	0.14	0.13	26.6	1.2
T103802	Matjeshering in Öl, Präserve, abgetropft	Matjes herring in oil, semi-preserved, drained	1764	427	40.228	5.24	0	0	14.94	4.54
X531263	Blumenkohl gedünstet, mit Bechamelsauce	Cauliflower stewed, with Bechamel sauce	282	68	3.8	2.4	5.52	2.38	2.53	0.31
U331272	Kalb Steak (Rücken) tiefgefroren, gegrillt	Veal steak (loin) deep-frozen, grilled	554	131	3.157	1.322	0	0	25.723	0.252
V464282	Ente Fleisch, mit Haut, tiefgefroren, gebraten ohne Fett (Pfanne)	Duck meat, with skin, deep-frozen, fried without fat (pan)	1103	264	14.604	4.85	0	0	33.126	0.152
K750162	Mischpilze gebacken	Mixed mushrooms baked	195	47	0.4	0.056	3	1.34	4.9	0.018
U040100	Schwein/Rind, Hackfleisch gemischt, roh	Pork/beef, mince mixed, raw	1037	250	19.55	7.393	0	0	18.43	0.138
V465272	Ente Schenkel, mit Haut, tiefgefroren, gegrillt	Duck leg, with skin, deep-frozen, grilled	1074	258	17.81	5.91	0	0	24.39	0.342
U512172	Schwein Filetmedaillon, mariniert, gegrillt	Pork fillet medaillon, marinated, grilled	723	172	7.2	0.8	0.14	0.13	26.5	1
T601232	Barsch/Flussbarsch, tiefgefroren, pochiert	European perch deep-frozen, poached	295	70	0.6	0.092	0	0	16.05	0.12
T302282	Steinbutt tiefgefroren, gebraten ohne Fett (Pfanne)	Turbot deep-frozen, fried without fat (pan)	409	97	1.946	0.341	0	0	19.831	0.302
T102702	Bückling (Hering) in Öl, Konserve, abgetropft	Herring in oil, canned, drained	987	238	17.89	1.93	0	0	19.133	1.318
U622272	Schwein Kotelett (Rücken/cranial) tiefgefroren, gegrillt	Pork loin (cranial part) deep-frozen, grilled	945	226	12.84	4.329	0	0	27.64	0.15
V486272	Pute Brust, ohne Haut, tiefgefroren, gegrillt	Turkey breast, without skin, deep-frozen, grilled	587	139	1.303	0.474	0	0	31.711	0.135
W620000	Eisbein, Kochpökelware, gekocht	Pork foreshank (hock) "Eisbein" cooked cured, boiled	778	186	8.68	2.749	0.579	0.579	26.32	1.8
Y771350	Kartoffeln gekocht, mit Kräuterquark und Butter	Potatoes boiled, with herb quark and butter	423	101	4.1	2.5	9.9	2	5.29	0.32
U872232	Schaf Vorderhaxe, mittelfett, tiefgefroren, gekocht	Sheep foreshank, medium fat, deep-frozen boiled	1080	259	15.5	4.9	0	0	29.8	0.15
E500062	Vollkornteigwaren eifrei, gekocht, gebacken	Wholemeal pasta egg-free, boiled, baked	621	147	1.26	0.186	25.6	1.1	6.1	0.002
D771500	Hörnchen (Blätterteig)	Crescent roll (puff pastry)	1766	425	32.19	12.91	28.65	0.123	4.18	0.398
K750432	Mischpilze getrocknet, gekocht	Mixed mushrooms dried, boiled	555	134	1.1	0.168	8.48	3.82	13.8	0.045
T730232	Hummer tiefgefroren, gekocht	Lobster deep-frozen, boiled	337	80	2.346	0.296	0	0	14.722	0.708
W410462	Schwein Schinkenspeck, Rohpökelware, geräuchert, gebraten ohne Fett (Ofen)	Pork bacon (ham) raw cured, smoked, fried without fat (oven)	560	133	3.81	1.258	0.58	0.58	24.04	4.2
V454262	Perlhuhn Fleisch, mit Haut, tiefgefroren, gebraten ohne Fett (Ofen)	Guineafowl meat, with skin, deep-frozen, fried without fat (oven)	702	167	5.23	1.4	0	0	29.9	0.175
G490242	Knoblauch tiefgefroren, geschmort ohne Fett	Garlic deep-frozen, braised without fat	549	134	0.578	0.088	4	2.8	8.318	0.027
G490232	Knoblauch tiefgefroren, gekocht	Garlic deep-frozen, boiled	453	111	0.478	0.073	3	2.4	6.875	0.014
U452242	Kalb Brust, tiefgefroren, geschmort ohne Fett	Veal breast, deep-frozen, braised without fat	952	229	15.147	6.34	0	0	23.061	0.21
T753172	Garnele/Granat/Krabbe, gekocht, gegrillt	Common shrimp boiled, grilled	584	138	2.945	0.65	0	0	27.952	0.635
U010182	Rind Hackfleisch, gebraten ohne Fett (Pfanne)	Beef mince, fried without fat (pan)	1260	303	21.853	9.86	0	0	26.577	0.148
G620252	Karotte/Möhre, tiefgefroren, gedünstet	Carrot deep-frozen, stewed	194	46	0.484	0.112	7.438	7.322	0.862	0.062
V413282	Hähnchen Fleisch, ohne Haut, tiefgefroren, gebraten ohne Fett (Pfanne)	Chicken meat, without skin, deep-frozen, fried without fat (pan)	656	156	5.1	0.883	0	0	27.5	0.232
V232262	Hase Fleisch, tiefgefroren, gebraten ohne Fett (Ofen)	Hare meat, deep-frozen, fried without fat (oven)	569	135	3.127	1.195	0	0	26.649	0.122
D7A7100	Plunderteig gebacken	Danish pastry baked	2027	486	28.46	14.82	47	7.961	8.85	1.005
V416272	Hähnchen Brustfilet, tiefgefroren, gegrillt	Chicken breast fillet, deep-frozen, grilled	591	140	2.05	0.465	0	0	30.29	0.135
U421242	Kalb Rücken, tiefgefroren, geschmort ohne Fett	Veal loin, deep-frozen, braised without fat	549	130	2.795	1.17	0	0	26.195	0.185
V486262	Pute Brust, ohne Haut, tiefgefroren, gebraten ohne Fett (Ofen)	Turkey breast, without skin, deep-frozen, fried without fat (oven)	696	164	1.414	0.515	0	0	37.871	0.132
U724082	Schaf Kotelett, mariniert, gebraten ohne Fett (Pfanne)	Sheep chop (loin) marinated, fried without fat (pan)	1475	356	31.2	14.23	0.46	0.46	18.24	1.258
U030162	Kalb Hackfleisch, gebraten ohne Fett (Ofen)	Veal mince, fried without fat (oven)	1003	240	14.724	6.622	0	0	26.982	0.245
U511272	Schwein Filetmedaillon, tiefgefroren, gegrillt	Pork fillet medaillon, deep-frozen, grilled	624	148	3.63	1.114	0	0	28.79	0.145
W226000	Wollwurst/Geschwollene	Wollwurst sausage (without casing)	813	196	16.86	5.96	0.08	0	11	2.321
T402282	Stint tiefgefroren, gebraten ohne Fett (Pfanne)	European smelt deep-frozen, fried without fat (pan)	422	100	1.912	0.409	0	0	20.662	0.415
Y993140	Vanillesahneeis mit Orangenlikör	Vanilla cream ice cream with orange liqueur	1217	293	20.5	10.39	16.5	16.5	3	0.085
V222242	Reh Rücken, tiefgefroren, geschmort ohne Fett	Roe deer saddle, deep-frozen, braised without fat	639	152	3.89	1.476	0	0	29.151	0.172
U342272	Kalb Schnitzel (Keule) tiefgefroren, gegrillt	Veal schnitzel (round) deep-frozen, grilled	490	116	0.915	0.382	0	0	26.854	0.248
U482262	Kalb Keule, tiefgefroren, gebraten ohne Fett (Ofen)	Veal round, deep-frozen, fried without fat (oven)	485	114	0.778	0.326	0	0	26.854	0.232
T106702	Sprotte in Öl, Konserve, abgetropft	Sprat in oil, canned, drained	1012	244	19.4	2.57	0	0	17.278	1.565
V604182	Hähnchen Innereien, gebraten ohne Fett (Pfanne)	Chicken giblets, fried without fat (pan)	683	163	6.94	1.912	0	0	25.05	0.348
Y842812	Erdbeerkompott ungesüßt	Strawberry compote unsweetened	175	41	0.368	0.029	6.941	6.647	0.852	0.002
G332252	Rosenkohl tiefgefroren, gedünstet	Brussels sprouts deep-frozen, stewed	196	47	0.394	0.059	2.62	1.83	5.15	0.025
K750200	Mischpilze tiefgefroren	Mixed mushrooms deep-frozen	177	43	0.4	0.05	2.71	1.22	4.4	0.015
V531282	Rind Leber, tiefgefroren, gebraten ohne Fett (Pfanne)	Beef liver, deep-frozen, fried without fat (pan)	670	159	4.575	1.434	6.625	0	22.812	0.308
Y846753	Milchreis mit Milch 3,5 % Fett und Stachelbeerkompott	Rice pudding with milk 3.5 % fat and gooseberry compote	534	126	2.34	1.427	22.1	9.37	3.69	0.08
V478282	Gans Innereien, tiefgefroren, gebraten ohne Fett (Pfanne)	Goose giblets, deep-frozen, fried without fat (pan)	985	236	14.39	3.78	0	0	26.6	0.255
G332232	Rosenkohl tiefgefroren, gekocht	Brussels sprouts deep-frozen, boiled	167	40	0.34	0.051	2.26	1.58	4.45	0.025
Y8A5060	Sahneflammeri/Sahnepudding (als Dessert) mit Schokoladensauce	Cream pudding (as dessert) with chocolate sauce	844	202	12.92	6.91	17.4	10.66	4	0.13
V533282	Schwein Leber, tiefgefroren, gebraten ohne Fett (Pfanne)	Pork liver, deep-frozen, fried without fat (pan)	619	147	5.55	1.739	1.163	0	23.15	0.246
E430062	Eierteigwaren gekocht, gebacken	Egg pasta boiled, baked	628	148	1.034	0.361	28.09	0.696	5.9	0.278
F601300	Zitronensaft Konzentrat	Lemon concentrate	644	150	1.5	0.521	8.429	8.429	3.124	0.046
V474282	Gans Fleisch, mit Haut, tiefgefroren, gebraten ohne Fett (Pfanne)	Goose meat, with skin, deep-frozen, fried without fat (pan)	1230	296	22.143	6.228	0	0	24.173	0.29
U721272	Schaf Kotelett, tiefgefroren, gegrillt	Sheep chop (loin) deep-frozen, grilled	1920	464	42.514	19.392	0	0	20.434	0.295
G332262	Rosenkohl tiefgefroren, gebacken	Brussels sprouts deep-frozen, baked	221	53	0.445	0.067	2.96	2.07	5.816	0.03
U131272	Rind Steak (Rücken) tiefgefroren, gegrillt	Beef steak (loin) deep-frozen, grilled	636	151	5.101	2.297	0	0	26.283	0.142
Y8A1000	Zabaione (mit Alkohol)	Zabaione (with alcohol)	1513	360	10.8	2.9	48	48	5.3	0.055
V494262	Taube Fleisch, mit Haut, tiefgefroren, gebraten ohne Fett (Ofen)	Pigeon meat, with skin, deep-frozen, fried without fat (oven)	912	217	9.5	2.824	0	0	32.983	0.288
X2A1090	Rettichsalat mit Essigmarinade	Radish salad with vinegar marinade	397	96	8.75	0.65	2.44	1.65	0.88	0.21
V250272	Wildschwein Fleisch, tiefgefroren, gegrillt	Wild boar meat, deep-frozen, grilled	874	209	11.848	4.138	0	0	25.644	0.295
G312282	Broccoli tiefgefroren, gebraten ohne Fett (Pfanne)	Broccoli deep-frozen, fried without fat (pan)	262	63	1.326	0.264	4.8	2.9	4.4	0.13
W221382	Currybratwurst gebraten ohne Fett (Pfanne)	Curry-Bratwurst fried without fat (pan)	1064	257	22.57	7.92	0.05	0	13.38	2.144
K120264	Kartoffel ungeschält, tiefgefroren, gebacken	Potatoe unpeeled, deep-frozen, baked	485	114	0.133	0.044	24.6	1.95	2.73	0.02
G994182	Gemüsemischung asiatische Art, gebraten ohne Fett (Pfanne)	Mixed vegetables Asian style, fried without fat (pan)	185	44	0.4	0.058	5.4	5.4	3	0.025
B111272	Weizenvollkorntoastbrot getoastet	Wholemeal wheat toast toasted	1230	292	4.32	1.362	48	1.9	10.4	1.41
V512282	Kalb Herz, tiefgefroren, gebraten ohne Fett (Pfanne)	Veal heart, deep-frozen, fried without fat (pan)	664	158	7.162	2.735	0	0	23.483	0.34
U611262	Schwein Filet/Lende, tiefgefroren, gebraten ohne Fett (Ofen)	Pork tenderloin, deep-frozen, fried without fat (oven)	608	144	3.17	0.97	0	0	28.87	0.134
T124252	Gelbflossen-Thun tiefgefroren, gedünstet	Yellowfin tuna deep-frozen, stewed	388	91	0.47	0.165	0	0	21.8	0.122
U452232	Kalb Brust, tiefgefroren, gekocht	Veal breast, deep-frozen, boiled	965	232	15.214	6.368	0	0	23.657	0.245
W244000	Fleischkäse weiß	White fleischkaese sausage	1237	299	26.68	9.42	0.1	0	14.55	1.249
U171242	Rind Bratenfleisch (Bug) tiefgefroren, geschmort ohne Fett	Beef meat for roasting (shoulder) deep-frozen, braised without fat	685	163	6.057	2.657	0	0	27.126	0.098
V604142	Hähnchen Innereien, geschmort ohne Fett	Chicken giblets, braised without fat	723	172	6.36	1.751	0	0	28.69	0.328
G650232	Schwarzwurzel tiefgefroren, gekocht	Black salsify deep-frozen, boiled	244	58	0.429	0.047	8.3	3.8	1.386	0.012
D422600	Kuchen aus Rührmasse/Rührkuchen	Pound cake (cake batter)	1647	393	18.42	10.91	48.4	20.55	7.4	0.498
V485282	Pute Keule, ohne Haut, tiefgefroren, gebraten ohne Fett (Pfanne)	Turkey leg, without skin, deep-frozen, fried without fat (pan)	699	166	5.309	2.044	0	0	29.544	0.27
U281242	Rind Keule, tiefgefroren, geschmort ohne Fett	Beef round, deep-frozen, braised without fat	790	188	8.2	2.577	0	0	28.6	0.119
S581300	Milchschokoladen-Riegel gefüllt mit Vollkornkeks	Milk chocolate bar filled with wholemeal biscuit	2202	528	30.63	18.68	53.7	38.473	6.96	0.192
U892262	Schaf Hinterhaxe, mittelfett, tiefgefroren, gebraten ohne Fett (Ofen)	Sheep hindshank, medium fat, deep-frozen, fried without fat (oven)	913	219	13.1	4	0	0	25.2	0.18
T612252	Schwertfisch tiefgefroren, gedünstet	Swordfish deep-frozen, stewed	404	96	2.96	0.556	0	0	17.321	0.258
W207032	Geflügelbockwurst mit Schweinefleisch, gargezogen	Poultry bockwurst with pork, poached	526	126	8.6	2.8	0	0	12.22	1.8
U133172	Rind Steak (Rücken) mariniert, gegrillt	Beef steak (loin) marinated, grilled	694	166	7.49	2.23	0.16	0.16	24.14	1.02
V414262	Hähnchen ganz, entbeint, mit Haut, tiefgefroren, gebraten ohne Fett (Ofen)	Chicken whole, boneless, with skin, deep-frozen, fried without fat (oven)	869	208	12.37	3.01	0	0	24.17	0.174
U541262	Schwein Schnitzel (Oberschale) tiefgefroren, gebraten ohne Fett (Ofen)	Pork schnitzel (topside) deep-frozen, fried without fat (oven)	553	131	2.027	0.763	0	0	28.12	0.198
V351282	Wachtel Fleisch, ohne Haut, tiefgefroren, gebraten ohne Fett (Pfanne)	Quail meat, without skin, deep-frozen, fried without fat (pan)	654	155	4.03	1.16	0	0	29.7	0.15
V416242	Hähnchen Brustfilet, tiefgefroren, geschmort ohne Fett	Chicken breast fillet, deep-frozen, braised without fat	569	134	1.53	0.346	0	0	30.13	0.072
U891242	Schaf Hinterhaxe, mager, tiefgefroren, geschmort ohne Fett	Sheep hindshank, lean, deep-frozen, braised without fat	670	159	4.19	1.312	0	0	30.3	0.192
W411332	Schwein Bauchspeck, Rohpökelware, geräuchert, gekocht	Pork streaky bacon, raw cured, smoked, boiled	1266	305	24.86	8.902	0.581	0.581	19.81	4
G710252	Bohne grün, tiefgefroren, gedünstet	Bean green, deep-frozen, stewed	128	30	0.284	0.083	4	2.54	2	0.005
V413272	Hähnchen Fleisch, ohne Haut, tiefgefroren, gegrillt	Chicken meat, without skin, deep-frozen, grilled	720	172	6.7	1.17	0	0	27.8	0.22
U672262	Schwein Vordereisbein/Vorderhaxe, tiefgefroren, gebraten ohne Fett (Ofen)	Pork foreshank (hock) deep-frozen, fried without fat (oven)	1040	249	13.78	4.368	0	0	31.2	0.294
U452262	Kalb Brust, tiefgefroren, gebraten ohne Fett (Ofen)	Veal breast, deep-frozen, fried without fat (oven)	974	234	15.351	6.426	0	0	23.87	0.285
T306282	Heilbutt/Weißer Heilbutt, tiefgefroren, gebraten ohne Fett (Pfanne)	Halibut/white halibut, deep-frozen, fried without fat (pan)	648	155	6.56	1.395	0	0	23.869	0.178
U030172	Kalb Hackfleisch, gegrillt	Veal mince, grilled	1067	256	16.806	7.561	0	0	26.211	0.252
Y720662	Rührei gebraten mit Champignons	Scrambled eggs fried with button mushrooms	616	148	10.57	3.976	1.3	0.4	11.9	0.62
G450282	Spargel tiefgefroren, gebraten ohne Fett (Pfanne)	Asparagus deep-frozen, fried without fat (pan)	251	59	0.326	0.059	8.33	7.95	4.109	0.011
G994132	Gemüsemischung asiatische Art, gekocht	Mixed vegetables Asian style, boiled	117	28	0.3	0.037	3.3	3.3	1.9	0.015
G312232	Broccoli tiefgefroren, gekocht	Broccoli deep-frozen, boiled	136	33	0.694	0.138	2.5	1.52	2.3	0.032
U611272	Schwein Filet/Lende, tiefgefroren, gegrillt	Pork tenderloin, deep-frozen, grilled	649	154	3.78	1.159	0	0	29.97	0.151
T417252	Wildlachs tiefgefroren, gedünstet	Pacific salmon deep-frozen, stewed	681	163	10.419	2.232	0	0	17.355	0.118
E607032	Grießklößchen gekocht	Semolina dumplings boiled	512	122	4.98	2.56	12.63	2.59	6.26	0.19
T793282	Pilgermuschel/Jakobsmuschel, tiefgefroren, gebraten ohne Fett (Pfanne)	Scallop deep-frozen, fried without fat (pan)	287	68	0.112	0.034	0	0	16.652	0.708
T710282	Edelkrebs/Flusskrebs, tiefgefroren, gebraten ohne Fett (Pfanne)	Crayfish deep-frozen, fried without fat (pan)	333	79	0.603	0.086	0	0	18.269	0.69
D441400	Wiener Sandtorte	Viennese sand torte	1699	407	22.85	13.75	44.9	25.2	4.94	0.208
W415032	Schwein Frühstücksspeck, Rohpökelware, geräuchert, gekocht	Pork breakfast bacon, raw cured, smoked, boiled	1189	287	23.34	8.359	0.546	0.546	18.6	3.8
U281262	Rind Keule, tiefgefroren, gebraten ohne Fett (Ofen)	Beef round, deep-frozen, fried without fat (oven)	719	171	7.4	2.31	0	0	26.2	0.166
T410262	Lachs tiefgefroren, gebraten ohne Fett (Ofen)	Salmon deep-frozen, fried without fat (oven)	827	198	11.875	2.542	0	0	22.777	0.082
U892242	Schaf Hinterhaxe, mittelfett, tiefgefroren, geschmort ohne Fett	Sheep hindshank, medium fat, deep-frozen, braised without fat	1011	242	14.5	4.4	0	0	27.9	0.14
U532272	Schwein Kammsteak, tiefgefroren, gegrillt	Pork steak (neck) deep-frozen, grilled	943	226	13.89	5.16	0	0	25.26	0.167
K701262	Champignon tiefgefroren, gebacken	Button mushroom deep-frozen, baked	208	50	0.475	0.084	5.1	0.3	6.36	0.17
Y463013	Lammschmorbraten mit Sauce	Braised lamb roast with sauce	583	139	6.2	1.4	1.69	0.006	19.03	0.645
G450262	Spargel tiefgefroren, gebacken	Asparagus deep-frozen, baked	157	37	0.204	0.036	5.2	4.96	2.562	0.007
G710232	Bohne grün, tiefgefroren, gekocht	Bean green, deep-frozen, boiled	118	28	0.261	0.078	3.6	2.34	1.9	0.004
G994142	Gemüsemischung asiatische Art, geschmort ohne Fett	Mixed vegetables Asian style, braised without fat	137	32	0.3	0.044	4.1	4.1	2.2	0.02
U291232	Rind Hinterhesse, tiefgefroren, gekocht	Beef leg/hindshank, deep-frozen, boiled	678	161	6.2	1.9	0	0	26.4	0.141
X651012	Kartoffeln (als Pellkartoffeln) gebraten	Potatoes boiled, peeled, fried	835	200	11.924	0.82	18.691	0.767	2.88	0.006
W222672	Rostbratwurst gegrillt	Rostbratwurst sausage grilled	837	201	14.26	5.28	0.09	0	18.09	1.855
V487282	Pute Flügel, mit Haut, tiefgefroren, gebraten ohne Fett (Pfanne)	Turkey wings, with skin, deep-frozen, fried without fat (pan)	1100	264	17.1	3.6	0	0	27.5	0.162
U672232	Schwein Vordereisbein/Vorderhaxe, tiefgefroren, gekocht	Pork foreshank (hock) deep-frozen, boiled	995	238	13.11	4.155	0	0	29.99	0.164
U411262	Kalb Filet/Lende, tiefgefroren, gebraten ohne Fett (Ofen)	Veal fillet (tenderloin) deep-frozen, fried without fat (oven)	571	135	2.08	0.793	0	0	29.074	0.272
X462153	Gemüse-Eintopf mit Rindfleisch	Vegetable stew with beef	314	75	2.9	0.6	6	2	5.39	0.362
G210282	Spinat tiefgefroren, gebraten ohne Fett (Pfanne)	Spinach deep-frozen, fried without fat (pan)	125	30	0.472	0.048	1.46	1.17	3.452	0.198
U872272	Schaf Vorderhaxe, mittelfett, tiefgefroren, gegrillt	Sheep foreshank, medium fat, deep-frozen grilled	1067	256	16.3	5.1	0	0	27.3	0.21
U863242	Schaf Bug/Schulter, fett, tiefgefroren, geschmort ohne Fett	Sheep shoulder, fat, deep-frozen, braised without fat	1588	383	31.2	14.252	0	0	25.5	0.228
V250232	Wildschwein Fleisch, tiefgefroren, gekocht	Wild boar meat, deep-frozen, boiled	937	224	11.81	4.125	0	0	29.405	0.225
X325053	Meerrettichsauce von heller/weißer Grundsauce	Horseradish sauce from white basic sauce	317	76	5.6	3.3	4.56	1.68	1.5	0.66
G210232	Spinat tiefgefroren, gekocht	Spinach deep-frozen, boiled	83	20	0.313	0.032	0.97	0.78	2.288	0.082
V487272	Pute Flügel, mit Haut, tiefgefroren, gegrillt	Turkey wings, with skin, deep-frozen, grilled	1228	294	18.9	4	0	0	31.1	0.19
K740432	Austernpilz getrocknet, gekocht	Oyster mushroom dried, boiled	544	131	0.895	0.124	5.17	4.52	13.46	0.055
D9A3100	Vollkornmürbeteig süß gebacken	Wholemeal shortcrust pastry, sweetened, baked	2129	510	29.56	11.617	50.4	18.065	7.46	0.28
T633282	Meeräsche tiefgefroren, gebraten ohne Fett (Pfanne)	Grey mullet deep-frozen, fried without fat (pan)	532	126	3.25	1.046	0	0	24.225	0.182
T410272	Lachs tiefgefroren, gegrillt	Salmon deep-frozen, grilled	858	206	12.649	2.707	0	0	22.944	0.094
V475242	Gans Schenkel tiefgefroren, geschmort ohne Fett	Goose leg (with skin) deep-frozen, braised without fat	814	195	11.618	3.269	0	0	22.57	0.108
G570282	Zuckermais tiefgefroren, gebraten ohne Fett (Pfanne)	Sweetcorn deep-frozen, fried without fat (pan)	352	84	1.571	0.211	12	4.34	3.8	0.005
T601282	Barsch/Flussbarsch, tiefgefroren, gebraten ohne Fett (Pfanne)	European perch deep-frozen, fried without fat (pan)	397	94	0.7	0.11	0	0	21.85	0.125
T302252	Steinbutt tiefgefroren, gedünstet	Turbot deep-frozen, stewed	314	74	1.648	0.289	0	0	14.911	0.288
G312252	Broccoli tiefgefroren, gedünstet	Broccoli deep-frozen, stewed	143	34	0.721	0.144	2.6	1.58	2.4	0.07
T720272	Languste tiefgefroren, gegrillt	Spiny lobster/rock lobster/crawfish, deep-frozen, grilled	488	115	1.642	0.195	0	0	25.158	0.68
V614242	Hähnchen Herz, tiefgefroren, geschmort ohne Fett	Chicken heart, deep-frozen, braised without fat	635	152	9.87	2.459	0	0	15.85	0.138
W223182	Geflügelbratwurst gebraten ohne Fett (Pfanne)	Poultry bratwurst fried without fat (pan)	911	220	18.43	5.2	0.1	0	13.35	2.13
N500600	Kaffeeersatz (Getränk) mit Zucker	Coffee substitute (infusion) with sugar	53	13	0.002	0	2.813	2.002	0.074	0.01
U020272	Schwein Hackfleisch, tiefgefroren, gegrillt	Pork mince, deep-frozen, grilled	1505	363	29.41	9.82	0	0	24.52	0.17
V444262	Poularde Fleisch, mit Haut, tiefgefroren, gebraten ohne Fett (Ofen)	Poulard meat, with skin, deep-frozen, fried without fat (oven)	794	190	10.4	2.3	0	0	24.1	0.1
T415252	Königslachs tiefgefroren, gedünstet	Chinook salmon deep-frozen, stewed	681	163	10.419	2.4	0	0	17.355	0.118
T791232	Große Sandklaffmuschel tiefgefroren, gekocht	Softshell clam deep-frozen, boiled	228	54	1.638	0.322	0	0	9.844	0.322
U892272	Schaf Hinterhaxe, mittelfett, tiefgefroren, gegrillt	Sheep hindshank, medium fat, deep-frozen, grilled	1067	256	16.3	5.1	0	0	27.3	0.21
X860142	Reisrand	"Reisrand" (boiled rice turned out of a mould)	775	185	9.16	5.977	20	0.13	5.3	0.128
X469413	Bigosch (Eintopf mit Schweinefleisch, Kartoffeln, Sauerkraut und Weißkraut)	"Bigosch" (stew with pork, potatoes, sauerkraut and white cabbage)	578	139	9.8	3.5	5	1.5	6.8	0.8
D1A2100	Kirsch-Streuselkuchen (Mürbeteig)	Cherry crumble cake (shortcrust pastry)	1075	257	12.42	7.31	31.9	16.57	3.39	0.068
X411813	Fleischbrühe mit Leberklößchen	Meat stock with small liver dumplings	122	29	1	0.5	2.5	0.34	2.43	0.64
Y911260	Cheeseburger, doppelter	Double cheeseburger	962	230	12.7	5.01	14.7	3.4	13.2	1.5
X512163	Pfifferlinge gedünstet, in Grundsauce hell/weiß mit Sahne	Chanterelles stewed, in white basic sauce with cream	298	72	4.7	2.5	1.64	0.67	4.28	0.205
X511043	Champignons gedünstet, in Grundsauce hell/weiß mit Sahne	Button mushrooms stewed, in white basic sauce with cream	313	76	4.8	2.5	4	0.7	4.03	0.302
Y614323	Thunfisch gebraten, in Weißweinsauce von heller/weißer Grundsauce	Tuna fried, in white wine sauce from white basic sauce	471	113	6.4	2.1	1.67	0.4	11.3	0.738
S231000	Speiseeis mit Fruchtzubereitung, überzogen mit Schokolade	Ice cream with fruit preparation, covered with chocolate	1036	248	11.43	7.46	32.3	29.1	2.5	0.06
X574012	Bambussprossen gedünstet (mit Fett und Salz)	Bamboo shoots stewed (with fat and salt)	218	53	5.06	0.38	0.5	0.49	1.33	0.638
X3A3000	Jägersauce mit Wildpilzmischung/Pilzragout für Jägerschnitzel	Mixed mushroom sauce/mushroom ragout for pork schnitzel	495	120	8.9	5.4	3	1.6	4.5	0.3
D313100	Mokkacreme-Marzipan-Torte (Wasserbiskuit)	Mocha-cream marzipan torte (water sponge cake)	1176	282	15.4	7	29	22	5.1	0.132
X475453	Vanille-Milchkaltschale mit Ei und Fruchteinlage, gebunden mit Stärke	Cold vanilla-milk soup with egg and fruit garnish, thickened with starch	413	98	3.2	1.78	13.5	12.06	3.3	0.095
E530062	Vollkorneierteigwaren gekocht, gebacken	Wholemeal egg pasta boiled, baked	599	142	1.12	0.194	24.5	0.308	5.88	0.008
X559063	Kürbis gebacken, in Grundsauce hell/weiß mit Sahne	Pumpkin baked, in white basic sauce	397	96	6.9	2.8	5.73	4.54	1.31	0.462
U051182	Rind/Schwein, Frikadelle, gebraten ohne Fett (Pfanne)	Beef/pork, patty, fried without fat (pan)	872	210	14.1	5.311	5	0.7	15.33	1.398
S211400	Speiseeis (Frucht, Kaffee) gemischt, in Waffeltüte	Ice cream mixed (coffee, fruit) in waffle cone	724	172	6	2.84	26.1	22.2	2.8	0.055
Y845143	Bratapfel gefüllt gebacken	Baked apple filled	671	160	6.8	3.75	22.1	21.1	0.9	0.008
Y6A1020	Thunfischsteak gebraten mit Schinken	Tuna steak fried with ham	613	146	6.6	1.58	2.5	2.49	18.7	0.73
G880602	Mixed Pickles gesäuert, abgetropft	Mixed pickles, drained	183	43	0.368	0.05	7.5	6.75	1.172	1.132
X449713	Kartoffel-Gemüsecremesuppe	Cream of potato-vegetable soup	208	50	2.2	0.4	6	1.7	0.99	0.5
Y911360	Doppeldecker Burger	Double-decker burger	999	240	14.7	3.76	15.3	2.6	10.5	1
D660500	Kokosmakronen schokoliert	Chocolate coconut macaroons	2117	508	30.2	27.17	49.5	48.9	6	0.132
X745023	Eier-Frischteigwaren mit Kochschinkenwürfeln und Grundsauce hell/weiß	Fresh egg pasta with dices of boiled ham and white basic sauce	614	146	4.6	1.8	13.9	0.43	11.43	1.145
M2K7200	Joghurt fettarm, mind. 1,5 % bis max. 1,8 % Fett, mit Frucht-Getreidezubereitung, gesüßt	Yogurt low-fat, min. 1.5 % to max. 1.8 % fat, with fruit-cereal preparation, sweetened	361	85	1.402	0.66	13.6	11.9	3.7	0.122
X1A7010	Wurstsalat bayerische Art mit warmer Essigmarinade	Sausage salad Bavarian style with warm vinegar marinade	842	203	17.7	3.2	0.73	0.67	9.57	1.8
Y173032	Rinderleber gebraten Berliner Art	Beef liver fried Berlin style	532	127	5.3	1.3	8.9	3.19	10.35	0.618
D313600	Orangencremetorte (Wiener Boden dunkel) mit Schokosahne	Orange cream torte (Viennese sponge cake dark) with chocolate-cream	1048	251	14.3	7.76	26	20.2	3	0.108
F227902	Pflaume mit Süßungsmitteln, Konserve, abgetropft	Plum with artificial sweeteners, canned, drained	95	22	0.141	0.018	4.52	3.42	0.24	0.02
X5A6020	Artischocken gekocht, mit Butter	Artichokes boiled, with butter	387	94	5	3.111	3.07	2.87	2.736	0.878
Y351013	Schweineroulade mit Sauerkrautfüllung geschmort, mit Sauce	Pork olive filled with sauerkraut braised, with sauce	568	136	6.6	1.5	2.99	1.38	14.73	1
Y024113	Blutwürste erwärmt	Blood sausages heated	1268	307	28.004	8.4	0.33	0.21	13.284	1.8
Y818342	Hefeplinsen mit Apfel, gebraten	Small yeast pancakes with apple, fried	1171	280	13.16	1.68	33	9.51	6.13	0.098
X454663	Haferflockensuppe geröstet, mit Gemüsebrühe	Oat flakes soup roasted, with vegetable stock	151	36	1.8	0.2	3.3	1.3	1.14	0.705
D441300	Frankfurter Kranz (Sandmasse)	Frankfurt crown cake (sand cake batter)	1489	357	20.8	12.36	38.2	27	3.7	0.122
Y652232	Schleie paniert, frittiert	Tench breaded, deep-fried	873	208	8.7	1.04	14.04	0.94	17.45	0.58
Y332132	Schweineschnitzel paniert, gebraten	Pork schnitzel breaded, fried	919	220	10.6	1.53	7.59	0.72	22.65	0.53
Y997043	Eiskaffee	Iced coffee	480	116	8.6	4.4	7.5	7.3	1.9	0.055
W009000	Mosaikumrandung	Mosaic-edge for roulade sausage	678	163	12.4	4.48	0.08	0	12.79	1.8
Y180033	Rindfleisch gekocht, mit Suppengemüse	Beef boiled, with vegetables	582	139	6.7	2.1	1.6	1.6	17.53	0.432
X676062	Wickelklöße	"Wickelklöße" wrapped potato dumplings from boiled potatoes	634	150	2.53	0.82	24.9	0.74	5.79	0.5
Y682132	Hummer Thermidor (gratiniert mit Käse und Sauce)	Lobster "Thermidor" (gratinated with cheese and sauce)	513	123	6.8	3.6	2.2	0.9	11	1
X536563	Rosenkohl gedünstet, mit Speck und Zwiebeln	Brussels sprouts stewed, with bacon and onions	530	128	11.2	3.1	1.8	1.37	3.44	0.738
X346360	Russische Sauce/Tomatenmayonnaise	Russian sauce/tomato mayonnaise	1324	320	30.4	2.53	4.91	4.84	5.8	1.11
X061310	Laugenbrötchen mit Butter	Pretzel roll with butter	1731	415	26.424	15.73	36	1.1	6.862	2.015
W252500	Krakauer Schinkenwurst	Krakow ham bologna	489	116	4.94	1.83	0	0	17.98	2
Y821143	Grießauflauf mit Apfel	Semolina casserole with apple	505	121	5.7	2.5	13.4	7.9	3.3	0.078
X556643	Tomaten mit Käse-Kräuterfüllung, gebacken	Tomatoes with cheese-herb-filling, baked	589	141	8.53	2.44	10.16	4.04	4.9	0.608
X092510	Müsli ungesüßt, mit Joghurt 3,5 % Fett und Fruchtmischung	Muesli unsweetened, with yogurt 3.5 % fat and mixed fruit	491	117	4.3	1.73	12.7	5.08	5.03	0.068
Y612413	Hering gegart, mit Meerrettichsauce von heller/weißer Grundsauce	Herring cooked, with horseradish sauce	573	137	8.6	3	1.96	0.76	12.7	0.578
X5A1030	Kichererbsensnack gebacken	Chickpea snack baked	960	231	10.5	0.94	17	2.8	8.9	1.608
X5A5000	Kohlroulade mit Reis-Schinkenfüllung, gedünstet	Cabbage roulade with rice-ham-filling, stewed	471	113	6.6	1.1	7.5	3	4.8	0.62
X456043	Wildsuppe mit Rehfleisch, Speck und Rotwein	Soup with roe deer meat, bacon and red wine	315	75	3.8	0.71	1.94	0.1	7.92	0.64
X812122	Reispfannkuchen gebraten, mit Kompott	Rice pancakes fried, with compote	790	188	8.3	1.49	22.7	6.8	5.1	0.155
X323053	Gemüsesauce von heller/weißer Grundsauce	Vegetable sauce from white basic sauce	183	44	2.2	1.3	3.9	2.5	1.18	0.47
W274600	Weißer Presskopf	White brawn	594	141	6.14	2.22	0.1	0	21.42	2.5
Y6A3000	Rotbarschauflauf mit Kartoffeln und Spinat	Redfish casserole with potatoes and spinach	664	159	10.73	4.11	6.3	1	8.8	0.495
Y856353	Johannisbeergelee mit Schlagsahne	Red currant jelly with whipped cream	347	82	3	1.594	9.87	9.87	2.3	0.018
Y634233	Seezungenfilet gedünstet, in Weißweinsauce von heller/weißer Grundsauce	Sole fillet stewed, in white wine sauce from white basic sauce	373	89	3.3	1.6	1.07	0.29	13.14	0.662
D7A6400	Berliner/Pfannkuchen/Krapfen (Hefeteig) frittiert, gefüllt mit Pflaumenmus	"Berliner" doughnut (yeast dough) deep-fried, filled with plum jam	1348	321	13.7	6.9	41.8	13.1	6.3	0.4
K701902	Champignon Konserve, abgetropft	Button mushroom canned, drained	179	43	0.818	0.058	3.23	0.108	5.518	1.162
W363000	Schwartenmagen	Schwartenmagen brawn	582	139	7.4	3.037	0.16	0	17.9	2
D771800	Croissant (Hefeblätterteig/Plunderteig) gefüllt mit Marzipan	Danish pastry croissant, filled with marzipan	1853	444	25.6	12.63	44	13.2	7.8	0.73
X916163	Zwiebelkuchen schwäbisch, mit Speck	Onion cake "Swabian", with bacon	750	180	9.4	3.4	17	4.6	5.7	0.5
X452263	Suppe aus Eierteigwaren mit Hühnerfleisch	Soup of egg pasta with chicken	232	56	2.8	0.9	2.89	0.08	4.6	0.792
X9A3030	Frühlingsrollen vegetarisch gefüllt mit Gemüse, frittiert	Spring rolls vegetarian filled with vegetables, deep-fried	1169	280	14.6	1.08	28.8	2.7	6.2	0.47
X231540	Blumenkohlsalat (roh) mit Saure-Sahne-Dressing	Cauliflower salad (raw) with sour cream dressing	193	46	1.4	0.6	5.4	2.7	2.48	0.2
Y710243	Spiegelei gebacken, auf gedünstetem Spinat mit Tomaten	Baked egg on stewed spinach with tomatoes	550	133	10.79	2.34	1.55	1.43	6.51	0.432
N276000	Pfirsich-Maracujanektarschorle	Peach-maracuja nectar spritzer	92	22	0	0.002	5.13	4.91	0.2	0.005
Y694923	Kabeljaufilet gedünstet, mit Zitronenbutter und Sauce	Cod fillet stewed, with lemon butter and sauce	903	218	17.6	11	0.46	0.46	14	0.482
Y9A1070	Türkische Pizza (Lahmacun) ungefüllt	Lahmacun unfilled	911	218	9.4	2.47	22	1.9	9.7	0.51
X498113	Biersuppe Berliner Art	Beer soup Berlin style	221	53	1.5	0.8	7	1	1.3	0.58
T113902	Rollmops Konserve, abgetropft	Herring fillet rolled, pickled, canned, drained	416	99	4.426	1.148	5.62	5.62	8	1.072
F210902	Süßkirsche ungesüßt, Konserve, abgetropft	Sweet cherry unsweetened, canned, drained	228	54	0.244	0.056	11.47	10.784	0.909	0.005
Y6A2030	Lachs-Spinat-Auflauf	Salmon-spinach casserole	730	175	12.4	5.3	1.2	0.8	14.2	0.345
X215910	Kopfsalat mit Zitronenmarinade	Lettuce with lemon marinade	613	149	14.8	1.1	1.8	1.8	1.03	0.29
X2A3010	Fruchtsalat exotisch, gesüßt	Fruit salad exotic, sweetened	293	69	0.3	0.041	14.2	14.1	0.8	0.01
X930642	Pfannkuchen/Eierkuchen, gebraten, gefüllt mit gedünsteten Pilzen und saurer Sahne	Pancakes fried, filled with stewed mushrooms and sour cream	801	192	10.4	1.9	17.4	2.3	6.29	0.3
Y036322	Königsberger Klopse	"Königsberger Klopse" meatballs	798	192	12.2	4.562	3.64	0.71	16.49	0.712
Y362023	Schweinshaxe geschmort, mit Sauce	Pork hock braised, with sauce	960	230	15.2	3.9	1.5	0.6	21.59	0.682
W251000	Bayrische Bierwurst/Bierwurst Ia	Bavarian Bierwurst	1138	275	24.61	9.5	0	0	13.34	2
Y9A1010	Fischburger mit Seelachs	Fish burger with saithe	839	200	8.2	1.07	18.33	2.39	12.3	0.942
Y536133	Kaninchenbraten mit Grundsauce dunkel/braun mit Sahne	Rabbit roast with brown basic sauce with cream	727	174	9.5	3.8	0.88	0.31	21.2	1
Y623723	Seelachsroulade mit Speckfüllung gebacken, mit Sauce	Saithe roulade with bacon filling baked, with sauce	713	171	10.8	3.73	1.6	1.6	16.2	0.782
S242400	Speiseeis (Frucht, Schoko, Vanille) gemischt	Ice cream mixed (chocolate, vanilla, fruit)	774	184	6.93	3.932	27.3	23.9	2.1	0.068
E605232	Schupfnudeln schwäbisch, gekocht	Finger-shaped pasta Swabian style, boiled	698	165	2.08	0.33	29.42	0.372	6.02	0.858
D720500	Sahne-Windbeutel (Brandmasse) mit Kirschen	Cream puff (choux pastry) filled with cherries	864	207	12.9	6.76	18.5	9.7	3.68	0.095
Y742350	Eier pochiert, mit Meerrettichmayonnaise	Eggs poached, with horseradish-mayonnaise	1130	273	25.24	3.26	1	0.81	10.2	1.272
Y855743	Rote Grütze mit Vanillesauce	Red fruit jelly with vanilla sauce	402	95	1.8	0.87	16.2	12.2	2.1	0.035
S533000	Blätterkrokant überzogen mit Vollmilchschokolade	Flaky brittle covered with whole milk chocolate	1771	422	16.8	7.6	63.4	62.9	3.49	0.402
G994252	Gemüsemischung asiatische Art, tiefgefroren, gedünstet	Mixed vegetables Asian style, deep-frozen, stewed	128	30	0.3	0.042	3.7	3.7	2.1	0.015
Y036122	Frikadellen gebraten	Meatballs fried	1118	269	19.48	5.62	4.45	0.88	18.65	0.63
W257000	Cabanossi gebrüht	Cabanossi sausage scalded	801	193	14.61	5.68	0.04	0	15.26	2
Y144123	Rinderragout mit Pilzen	Beef ragout with mushrooms	670	161	9.1	2.2	2.37	0.68	16.7	0.612
D312500	Zuger Kirschtorte (Biskuit und Nussboden) mit Alkohol	"Zuger Kirschtorte" cherry torte (sponge cake and nut sponge cake) with alcohol	1281	307	17.1	7.92	27.5	20.4	5.8	0.145
Y999140	Fürst-Pückler-Eis	Neapolitan ice cream	1147	276	20	8.75	18.3	18.1	5	0.095
X1A2010	Kartoffelsalat mit Marinade (Gemüsebrühe)	Potato salad with marinade (vegetable stock)	348	83	3	0.3	11.42	1.2	1.52	0.268
W219500	Kochsalami	Salami scalded	589	141	8.1	3.095	0	0	16.98	2
X1A6000	Schichtsalat mit Gemüse, Früchten, Käse, Eiern, Schinken und Mayonnaise mit Zitronensaft	Layered salad with vegetables, fruits, cheese, eggs, boiled ham and mayonnaise (with lemon juice)	894	216	18	4.07	5	3.7	7.4	0.502
X326513	Kapernsauce von heller/weißer Grundsauce	Caper sauce from white basic sauce	340	82	6.9	3.8	3.39	0.8	1.4	0.955
D7B8100	Spritzgebäck (Rührmasse) schokoliert	Spritz biscuits (cake batter) with chocolate icing	2115	507	30.4	17.49	49.8	22.8	6.6	0.13
X551563	Auberginen-Tomaten-Paprikagemüse geschmort	Aubergines braised with tomatoes and sweet peppers	594	143	10.7	0.84	7.9	7.6	1.59	0.612
X2A1140	Sauerkrautsalat (roh) mit Apfel, Paprika, Speck und Saure-Sahne-Dressing	Sauerkraut salad (raw) with apple, sweet pepper, fried bacon and sour cream dressing	220	52	1.7	0.7	4.9	4.5	1.67	0.8
C514600	Knuspermüslimischung mit Schokolade, gesüßt	Crunchy muesli mix with chocolate, sweetened	1764	421	15.1	5	56.8	19.9	8.9	0.538
X1A8040	Heringssalat mit Roter Bete, Apfel, Gewürzgurke und Mayonnaise, gestreckt mit saurer Sahne	Herring salad with beetroot, apple, gherkin and mayonnaise, diluted with sour cream	650	157	12.1	1.9	4.7	4.6	6.1	3.45
X347160	Remouladensauce, gestreckt mit saurer Sahne	Remoulade sauce, diluted with sour cream	1190	288	28.7	4.1	2.5	2.5	4.5	1.35
X987312	Pizzabaguette mit Tomaten und Käse überbacken	Pizza baguette with tomatoes and cheese gratinated	1086	260	12.8	7.9	21	1.6	13.9	0.868
Y670113	Aal grün (Aal pochiert, in Kräutersauce)	Eel poached, in herb sauce	860	208	18	5.8	1.97	0.73	9.3	0.42
Y730443	Omelett gebraten, gefüllt mit blanchiertem Gemüse und Kochschinken	Omelette fried, filled with blanched vegetables and boiled ham	565	136	8.49	1.61	3.82	1.18	10.1	0.5
Y561422	Wiener Backhendl (Hähnchen im Backteig gebraten)	Chicken in frying batter fried	1291	311	24.2	6.4	4.55	0.51	18.26	0.535
X518743	Gemüse mit Käsesauce überbacken	Vegetables with cheese sauce gratinated	417	100	7.5	4	3.8	2.37	3.7	0.445
X702512	Vollkorn-Eier-Frischteigwaren mit Tomatensauce von heller/weißer Grundsauce	Fresh wholemeal egg pasta with tomato sauce from white basic sauce	383	91	2.3	0.9	12.4	1.3	3.9	0.518
X268610	Rettichsalat mit Saure-Sahne-Dressing	Radish salad with sour cream dressing	161	39	1.8	0.9	3.4	2.6	1.4	0.28
X191202	Gemüsesalat (gegart) mit Joghurtmarinade	Vegetable salad (cooked) with yogurt marinade	198	47	2.02	0.48	4	2.98	2.18	0.365
X740933	Eierteigwaren mit Tomatensauce (aus frischen Tomaten)	Egg pasta with tomato sauce (of fresh tomatoes)	543	129	4.46	0.88	16.99	1.91	4.5	0.36
Y291133	Kalbshaxe gebraten im Ofen, mit Grundsauce dunkel/braun	Veal knuckle fried in oven, with brown basic sauce	574	137	6.1	1.7	1.3	0.7	18.84	0.518
Y173012	Rinderleber gebraten, mit Rotweinsauce	Beef liver fried, with red wine sauce	513	122	5	0.9	7.34	0.31	11.46	0.535
Y999242	Baiser-Eistorte	Meringue ice-cream cake	1168	277	6.9	3.5	49.6	49.5	3.9	0.165
X214460	Feldsalat mit Zitronenmarinade	Lamb's lettuce with lemon marinade	528	128	12.8	0.93	0.7	0.7	1.43	0.228
W252100	Krakauer/Kochpolnische	Krakow cooked sausage	987	238	19.4	4.79	0	0	15.8	2
Y911160	Cheeseburger	Cheeseburger	846	202	9.1	3.54	18.1	3.9	10.6	1.5
Y271033	Kalbsherz geschmort, mit Sahnesauce	Veal heart braised, with cream sauce	621	149	9.5	2.9	3.3	1.2	11.88	0.682
Y692723	Fischgulasch mit Seelachs ungarische Art	Fish goulash with saithe Hungarian style	360	86	4.2	0.8	4.2	2.1	7.1	0.8
F134902	Birne in Fruchtsaft, Konserve, abgetropft	Pear in juice, canned, drained	227	54	0.354	0.048	11.3	9.2	0.436	0.008
W218100	Cabanossi (Brühwürstchen)	Cabanossi sausage scalded, small	799	192	14.57	5.67	0	0	15.23	2
S244500	Speiseeis (Frucht, Nuss, Schoko, Vanille) gemischt	Ice cream mixed (fruit, vanilla, nut, chocolate)	834	199	8.4	5.048	27.3	23.6	2.42	0.072
Y884312	Grüne Grütze	Green fruit jelly	229	54	0.1	0.009	11.7	9.7	0.5	0.012
W258000	Touristenwurst einfach, gebrüht	Touristenwurst sausage simple, scalded	883	213	16.34	6.04	0	0	16.33	2
D7A6500	Berliner/Pfannkuchen/Krapfen (Hefeteig) frittiert, gefüllt mit Pudding	"Berliner" doughnut (yeast dough) deep-fried, filled with pudding	1241	296	14	7.1	34.8	5.89	6.7	0.418
X531042	Blumenkohl gedünstet, mit Semmelbröseln	Cauliflower stewed, with breadcrumbs	413	99	6.05	0.48	7.88	2.29	2.8	0.35
Y6A2000	Lachs im Blätterteig gebacken	Salmon in puff pastry baked	952	229	15.9	5.6	8.88	0.82	12	0.412
X2A2000	Eisbergsalat mit Zitronenmarinade	Iceberg lettuce with lemon marinade	296	72	6.4	0.5	1.71	1.7	0.8	0.128
U223072	Rind Roastbeef (Rücken) mariniert, gegrillt	Beef roastbeef (loin) marinated, grilled	723	172	6.7	2.18	2.28	2.02	25.14	1.105
X545563	Spargelauflauf	Asparagus casserole	678	164	13.9	6.52	3	3	6	0.478
F119902	Apfel ungesüßt, Konserve, abgetropft	Apple unsweetened, canned, drained	150	36	0.521	0.21	6.2	5.588	0.426	0.008
W872100	Krakauer Schinkenwurst Konserve	Krakow ham bologna canned	489	116	4.94	1.83	0	0	17.98	2
X371243	Mousselinesauce	Mousseline sauce	1444	350	36.1	19.34	2.115	2.115	4	0.188
X230512	Sauerkrautsalat (roh) mit Apfel, Paprika, gebratenem Speck und Essigmarinade	Sauerkraut salad (raw) with apple, sweet pepper, fried bacon and vinegar marinade	290	70	3.83	0.56	4.5	4.12	1.5	0.8
X465823	Weiße-Bohnen-Suppe mit Fleischwursteinlage	Haricot bean soup with bologna	410	98	5.6	1.9	6	0.9	4.45	0.722
X740862	Teigwaren eifrei, in Öl geschwenkt, mit gekochtem Broccoli und Sardellen	Pasta egg-free, tossed in oil, with boiled broccoli and anchovies	586	140	5	0.7	17.7	0.91	5	0.728
Y857063	Fruchtgelee mit Fruchtstückchen und Schlagsahne	Fruit jelly with fruit pieces and whipped cream	491	117	4.7	2.425	14.6	14.5	2.2	0.022
Y690613	Rotbarschauflauf	Redfish casserole	837	201	13.5	5.1	9.4	1.9	10	1.38
G332902	Rosenkohl Konserve, abgetropft	Brussels sprouts canned, drained	121	29	0.3	0.031	2.2	2.1	2.736	0.532
K282262	Kartoffelkroketten tiefgefroren, gebacken	Potato croquettes deep-frozen, baked	1075	257	13.24	3.5	27.22	1.36	5.77	1.35
X922143	Frühlingsrollen gefüllt mit Gemüse und Schweinefleisch, frittiert	Spring rolls filled with vegetables and pork, deep-fried	1223	292	14.3	1.17	28	1.9	11.1	0.502
C514700	Knuspermüslimischung mit Schokolade, gesüßt, angereichert mit Vitaminen und Mineralstoffen	Crunchy muesli mix with chocolate, sweetened, fortified with vitamins and minerals	1764	421	15.1	5	56.8	19.9	8.9	0.538
Y622733	Kabeljaufilet gefüllt, mit Grundsauce hell/weiß mit Sahne, gebacken	Cod fillet filled, with white basic sauce with cream, baked	682	163	9.9	4.3	2.2	0.8	15.8	1
D9A4600	Pudding-Vollkornplunder belegt mit Früchten und Klarguss	Wholemeal Danish pastry with pudding, fruit and gelatin glaze	1345	322	18.6	9.713	30	7.5	6.1	0.645
Y911060	Hamburger	Hamburger	798	190	7.31	2.45	19.72	3.74	10.01	1.26
X493453	Stachelbeerkaltschale gebunden mit Stärke	Cold gooseberry soup thickened with starch	255	60	0.1	0.019	12.55	9.23	0.787	0.008
Y823143	Haferflockenauflauf mit Kakao	Oat flakes casserole with cocoa	707	169	9.31	4.7	14.4	7.55	6.1	0.15
Y720452	Rührei gebraten mit Pfifferlingen und Speck	Scrambled eggs fried with chanterelles and bacon	876	212	18.93	4.5	1.02	0.91	8.94	0.912
X880532	Risi-Pisi mit gebratenen Shrimps	Risi-Pisi with fried shrimps	463	110	1.598	0.21	15.3	1.8	7.4	0.12
U051172	Rind/Schwein, Frikadelle, gegrillt	Beef/pork, patty, grilled	1082	260	18.06	6.807	5	0.8	19	1.715
Y016242	Tellersülze mit Eisbein	Pork foreshank (hock) "Eisbein" cured, in aspic	216	52	2.22	0.698	0.5	0.5	6.85	0.5
X200650	Sauerkrautsalat (roh) mit Saure-Sahne-Dressing	Sauerkraut salad (raw) with sour cream dressing	233	56	2.1	1	5.1	4.7	1.34	0.8
X631042	Kartoffelschnee	Potatoes mashed	405	96	2.06	0.59	16.7	0.88	1.99	0.221
X651043	Bratkartoffeln aus Pellkartoffeln, mit Zwiebeln	Fried potatoes (of boiled potatoes) with onions	811	194	11.471	0.79	18.32	1.09	2.835	0.38
F302902	Himbeere gezuckert, Konserve, abgetropft	Raspberry sugared, canned, drained	285	67	0.353	0.005	13.68	13.68	0.95	0.02
Y670632	Aal mit Speck gebacken	Eel with bacon baked	1493	361	31.9	7.54	0.18	0.17	17.9	0.8
T107902	Makrele im eigenen Saft, Konserve, abgetropft	Mackerel canned, drained	477	114	6.54	1.333	0	0	13.8	0.525
X462513	Linsensuppe mit Gemüse	Lentil soup with vegetables	346	82	1.9	0.3	10	1.4	4.53	0.722
Y780613	Käsepudding im Wasserbad gegart	Cheese pudding cooked in bain-marie	1000	239	13.5	7.5	16.8	1.6	12	0.98
D650100	Dominosteine	Domino dices (petit fours)	1518	361	11.4	4.66	58.4	53.3	4	0.028
Y036752	Kalbfleischklößchen gebraten im Ofen	Small veal meatballs fried in oven	948	227	12.9	5.65	3.75	0.68	23.72	1.14
X3A7040	Spanische Sauce (Salsa)	Spanish sauce (Salsa)	414	100	9.1	0.68	2.7	2.7	0.88	0.16
Y277133	Kalbsnieren sauer, gebraten, mit Sahnesauce von dunkler/brauner Grundsauce	Veal kidneys sour, fried, with cream sauce from brown basic sauce	686	165	11.1	3.1	2.31	0.67	13.45	0.788
X566142	Selleriescheiben im Backteig (mit Bier) frittiert	Celeriac slices in frying batter (with beer) deep-fried	1003	241	14.3	1.47	19.34	1.757	5.8	0.388
X3A2000	Hackfleisch-Paprikasauce	Minced meat-sweet pepper sauce	645	156	12.6	3.3	2.5	2.5	7.5	0.8
X543163	Fenchel paniert, gebraten	Fennel breaded, fried	481	116	7.1	0.89	7.4	2.66	4.02	0.558
Y235032	Kalbskotelett gegrillt, mit Basilikumbutter	Veal chop grilled, with basil butter	865	207	13.2	6	0.1	0.1	22	0.42
D310300	Käsesahnetorte (Wasserbiskuit)	Cheese cream torte (sponge cake)	926	222	12.7	6.69	19.1	15.7	7.2	0.102
B6A2200	Roggenvollkornknäckebrot mit Buttermilch	Wholemeal rye crispbread with buttermilk	1389	330	1.6	0.28	58.9	3.275	10.51	1.362
X702343	Vollkorn-Eier-Frischteigwaren mit Roquefortsauce	Fresh wholemeal egg pasta with Roquefort sauce	1056	254	19.03	9.06	10.8	0.963	8.79	1.035
X270440	Fruchtsalat mit Chicoree und Saure-Sahne-Dressing	Fruit salad with chicory and sour cream dressing	206	49	1.4	0.6	6.2	5.6	1.7	0.2
S154000	Fruchtsirup	Fruit syrup	1058	249	0.1	0.017	59.97	59.97	0.6	0.01
Y724253	Rührei gebraten mit Fleischwurst und Zwiebeln	Scrambled eggs fried with bologna and onions	881	212	17.65	4.12	0.94	0.93	12.23	0.948
W324000	Kalbsleberwurst grob, mit Schweinefleisch	Veal liver sausage coarsely minced, with pork	942	227	18.3	7.3	1.02	0.42	14.5	2
R9A4200	Vanillebuttercreme gestreckt, für Gebäck/Torten	Vanilla butter cream, egg-free, light, for pastry/tortes	1262	305	26.11	16.709	14.97	11.54	2.4	0.102
Y322113	Schweinekamm geschmort, mit Grundsauce dunkel/braun	Pork neck braised, with brown basic sauce	660	158	10.2	2.8	2.9	1.1	13.08	0.522
D288300	Apfel-Mohntorte (Mürbeteig)	Poppy seed apple torte (shortcrust pastry)	1106	266	17.4	6.31	18.8	10.9	6.5	0.14
Y022422	Berner Würstel gebraten	"Berner Würstel" (small sausages filled with cheese, wrapped in bacon) fried	1164	281	24.12	8.98	0.16	0.112	15.7	2.2
Y840363	Apfelkompott mit Rosinen und Rum	Apple compote with raisins and rum	235	56	0.3	0.1	11	10.3	0.4	0.005
Y181223	Rinderrauchfleisch gekocht, in Sahnesauce von dunkler/brauner Grundsauce	Smoked, cured beef, boiled, in cream sauce from brown basic sauce	500	119	5.9	2	2.81	0.47	13.62	1.8
G850132	Gemüsecremesuppe aus Instantpulver (mit Wasser zubereitet)	Cream of vegetable soup, made from instant powder and water	145	34	0.3	0	6.7	4.09	0.75	1.002
D096000	Zwiebelkuchen mit Speck (Hefeteig)	Onion cake (yeast dough) with bacon	748	179	8	4.6	20	4.3	5.54	0.5
K391292	Kartoffelrösti tiefgefroren, frittiert	Potato rösti (fried grated potatoes) deep-frozen, deep-fried	1219	291	13.234	1	38.6	2.6	3.13	1.255
X740833	Teigwaren eifrei, mit Tomatensauce (aus frischen Tomaten) mit Sardellen	Pasta egg-free, with tomato sauce (of fresh tomatoes) with anchovies	568	135	4.4	0.46	18.73	2.13	4.3	0.665
Y840953	Birnen gekocht, mit Schokoladensauce	Pears boiled with chocolate sauce	377	90	2.3	1.36	15	11.25	1.82	0.04
W812000	Gefüllter Schweinekamm gebraten ohne Fett (Ofen)	Pork neck filled, fried (in oven)	815	195	11.5	4.4	1.8	0.8	21	1.45
Y611632	Brathering mariniert, abgetropft	Fried herring marinated, drained	880	211	13.5	2.44	6.76	0.36	15.1	0.572
Y845153	Bratapfel gefüllt gebacken, mit Vanillesauce	Baked apple filled, with vanilla sauce	656	157	7.4	3.4	18.9	16.8	2.3	0.035
X448353	Pilzsuppe	Mushroom soup	160	39	2.6	1.6	1.6	0.7	1.6	0.48
Y635132	Flunder paniert, gebraten	Flounder breaded, fried	723	173	9.4	1.28	6.09	0.65	15.2	0.735
G491802	Knoblauch gesäuert, abgetropft	Garlic pickled, drained	501	122	0.507	0.075	3	1.9	7.29	1.198
Y921162	Döner Kebab, Fladenbrot gefüllt mit Grillfleisch (Geflügel), Rohkost und Sauce	Doner kebab, flatbread filled with grilled poultry, salad and sauce	836	199	7.9	1.3	18	1.1	13.08	1.58
P9A5100	Cocktail, Bloody Mary	Cocktail, Bloody Mary	176	42	0.02	0.006	0.98	0.92	0.25	0.352
X760112	Maultaschen Schwäbische Art (mit Hackfleisch) gegart	Minced meat-spinach-filled pasta squares, Swabian style, cooked	554	132	6.02	1.82	8.032	0.632	10.4	1.242
W531082	Kasseler, Rohpökelware, geräuchert, paniert, gebraten ohne Fett (Pfanne)	Pork loin chop raw cured, smoked, breaded fried without fat (pan)	642	152	3.36	1.14	7.53	0.5	22.63	2.728
Y114033	Rinderfiletsteak gebraten, mit Sauce	Beef fillet steak fried, with sauce	696	166	9.5	3.1	1.49	0.09	18.68	0.52
E470032	Eier-Frischteigwaren Ravioli (Gemüsefüllung) gekocht	Fresh egg pasta Ravioli (vegetable filling) boiled	595	141	2.08	0.3	24.5	0.77	4.99	0.348
X381063	Cumberlandsauce mit Rot- und Portwein	Cumberland sauce with red and port wine	408	97	0.2	0.029	16.4	16.4	0.6	0.212
Y841112	Erdbeerkompott mit Süßstoff	Strawberry compote with artificial sweetener	174	41	0.365	0.029	6.883	6.591	0.845	0.02
W399300	Schinkenbrätterrine mit Alkohol, gebacken	Ham bologna sausage meat terrine with alcohol, baked	1009	243	18	6.76	2.1	2	16.5	2
D305000	Holländische Kirsch-Sahneschnitten/Kirsch-Sahnetorte (Blätterteig)	Dutch cherry cream torte/squares (puff pastry)	1197	287	19.2	8.96	25.2	15.2	2.8	0.148
X987212	Pizzabaguette mit Gemüse und Schafskäse überbacken	Pizza baguette with vegetables and sheep's milk cheese gratinated	925	221	10.8	6.2	20	2.4	9.4	1.712
X6A3040	Schinkenkartoffeln mit saurer Sahne und Käse überbacken	Potatoes with ham, sour cream and cheese gratinated	838	201	13.1	4.2	11.8	2.1	8.5	1
Y640413	Lachs gebraten, in Grundsauce hell/weiß mit Sahne	Salmon fried, in white basic sauce with cream	803	193	14.7	5.2	1.63	0.74	13.52	0.69
Y171022	Rinderherz gekocht, mit Kräutersauce von heller/weißer Grundsauce	Beef heart, boiled, with herb sauce from white basic sauce	562	135	7.7	3.7	1.68	0.42	14.57	0.532
W362000	Presswurst	Presswurst brawn	848	203	12.66	5.1	0.48	0.3	21.73	1.8
Y642232	Forelle paniert, gebraten	Trout breaded, fried	983	235	14	2.04	6.38	0.69	19.87	0.525
X466143	Weißkraut-Eintopf mit Hammelfleisch	White cabbage stew with mutton	495	119	8.4	2.7	5.1	5	4.5	0.515
Y564523	Hühnerragout mit Gemüse	Chicken ragout with vegetables	315	75	2.3	1.1	3.7	1.8	9.3	0.318
X698212	Kürbis-Kartoffelpüree mit Milch 1,5 % Fett	Pumpkin-potato puree with milk 1.5 % fat	326	78	2.66	1.2	10.75	2.65	2.15	0.322
X720613	Auflauf aus Eier-Frischteigwaren mit Sahne-Käsesauce und Chester überbacken	Casserole of fresh egg pasta with cream-cheese sauce and Chester cheese gratinated	1187	285	18.26	9.3	19.21	1.53	9.9	0.835
X321211	Tomatensauce aus frischen Tomaten und Frischkäse	Tomato sauce of fresh tomatoes and cream cheese	599	145	12.77	4.08	4.24	4.24	2.35	0.38
X559043	Kürbis gebacken, in Tomatensauce (aus Tomatenmark)	Pumpkin baked, in tomato sauce (of tomato paste)	332	80	5.4	0.4	5.3	4.7	1	0.415
D720600	Flockentorte (Brandmasse und Mürbeteig)	"Flockentorte" layer torte (choux pastry)	1005	240	13.6	7.35	24.9	13.1	4	0.092
W254082	Jagdwurst/Schinkenwurst grob, gebraten ohne Fett (Pfanne)	Jagdwurst sausage/ham bologna coarsely minced, fried without fat (pan)	883	212	16.315	5.79	0.09	0	16.298	2
X4A8040	Linsen-Eintopf mit Suppengemüse und Eier-Frischteigwaren Spätzle	Lentil stew with vegetables and fresh egg pasta spaetzle	558	133	2.3	0.3	17.4	1.7	7.51	0.605
X191402	Gemüsesalat (gegart) mit Essigmarinade	Vegetable salad (cooked) with vinegar marinade	392	95	7.76	0.58	3.4	2.35	1.64	0.372
H740902	Gartenbohne reif, Konserve, abgetropft	Haricot bean mature, canned, drained	549	130	0.597	0.104	17.72	0.785	9.038	0.622
X344260	Aioli	Aioli	2848	692	75.1	6.13	0.7	0.7	2.3	1.2
X151462	Auberginensalat (gegart) mit Zitronenmarinade	Aubergine salad (cooked) with lemon marinade	687	166	15.3	1.14	4.5	4.4	0.96	0.428
Y827163	Zwiebackauflauf mit Apfel	Rusk pudding with apple baked	704	168	6.4	2.96	22.1	14.2	4.5	0.17
F131902	Birne ungesüßt, Konserve, abgetropft	Pear unsweetened, canned, drained	147	35	0.303	0.041	7.01	5.37	0.301	0.005
T931292	Seelachs paniert, tiefgefroren, frittiert	Saithe/pollack, breaded, deep-frozen, deep-fried	1075	257	13.52	1.5	16.38	0.93	16.85	1.01
Y813452	Dampfnudeln salzig gebraten	"Dampfnudeln" yeast dumplings salted fried	1392	333	16.2	1.6	39	6.6	6.49	0.835
X455063	Brotsuppe (Schwarzbrot) mit Fleischbrühe, Gemüse und Speck	Bread soup (brown bread) with meat stock, vegetables and bacon	281	68	4.3	0.9	4.8	1.6	1.53	0.8
Y036514	Frikadellen gefüllt mit Schafskäse, gebraten	Meatballs filled with sheep's milk cheese, fried	1188	286	21.67	8.14	3.55	0.7	18.67	1.102
G993152	Gemüsemischung mexikanische Art, gedünstet	Mixed vegetables Mexican style, stewed	267	64	0.5	0.066	8.5	3.8	3.6	0.005
X0A5030	Müsli gesüßt, mit Sojadrink und Fruchtmischung	Muesli sweetened, with soya drink and mixed fruit	581	138	3.7	0.56	18.9	7.6	5.03	0.032
Y870463	Haselnusscreme abgeschlagen (mit Gelatine)	Hazelnut cream (with gelatine)	750	180	11.32	2.79	11.55	11.55	7.5	0.132
D7A6100	Berliner/Pfannkuchen/Krapfen (Hefeteig) frittiert, gefüllt mit Eierlikörcreme	"Berliner" doughnut (yeast dough) deep-fried, filled with egg liqueur cream	1233	294	13.7	6.9	34.5	6.8	6.6	0.405
D1A2200	Kuchenboden (Mürbeteig) belegt mit Früchten, Pudding und Klarguss	Shortcrust pastry base with fruit, pudding and gelatin glaze	666	159	6.4	3.87	20.9	9.9	3	0.065
X338443	Heringssauce aus Kräutersauce von heller/weißer Grundsauce	Herring sauce of herb sauce from white basic sauce	513	124	9.7	4.4	2.51	0.73	6.2	0.722
T020702	Tintenfisch in Öl, Konserve, abgetropft	Common cuttlefish in oil, canned, drained	688	166	12.4	1.5	0	0	13.47	1.632
T812702	Meeresfrüchte in Öl, Konserve, abgetropft	Shellfish (frutti di mare) in oil, canned, drained	554	133	8.4	1.1	0	0	13.99	1.578
Y404123	Lammfleischklößchen mit Curry in Tomatensauce (aus Tomatenmark)	Small lamb meatballs with curry in tomato sauce (of tomato paste)	471	113	7.3	1.34	3.8	1.7	7.6	0.575
X655112	Reibekuchen rheinisch gebraten, mit Apfelmus und Preiselbeeren	Potato pancakes "Rhenish" fried, with apple sauce and lingonberries	732	175	9.2	0.82	19.2	6.7	3.1	0.378
X1A2050	Kartoffelsalat mit Speck und Marinade (Gemüsebrühe)	Potato salad with bacon and marinade (vegetable stock)	398	95	3.6	0.8	11.85	1.18	2.76	0.5
X720713	Teigwaren eifrei, gebraten mit Kochwurst und Eiern	Pasta egg-free, fried with cooked sausage and eggs	798	191	9.43	2.7	16.33	0.8	9.6	0.558
Y847012	Tutti-Frutti	Layered sponge cake cream dish with fruits	677	162	7.43	3.62	18.5	11.9	4.6	0.155
X931152	Pfannkuchen/Eierkuchen, gebraten, gefüllt mit gedünstetem Mischgemüse	Pancakes fried, filled with stewed mixed vegetables	598	143	6.7	1	14.8	2.69	4.6	0.328
Y862753	Grießflammeri/Grießpudding, mit Ei und Kirschsaft	Semolina pudding with egg and cherry juice	434	103	3.45	1.57	13.9	9.2	4	0.102
D771300	Pasteten (Blätterteig) mit Himbeersahne	Raspberry cream in vol-au-vent (puff pastry)	1307	315	22.82	9.88	22.3	6.9	3	0.228
W219100	Debreziner Würstchen	Debreziner sausage (scalded)	800	192	14.6	5.68	0	0	15.25	2
Y101123	Pökelrinderbrust gekocht, mit Meerrettichsauce von heller/weißer Grundsauce	Cured beef brisket boiled, with horseradish sauce from white basic sauce	610	146	9.7	4.9	2.99	1.28	11.52	1.8
X940362	Fränkische Mehlklöße	Franconian flour dumplings	919	218	3.57	1.07	35.41	0.98	9.61	0.978
Y859440	Russische Creme (mit Alkohol) mit Schlagsahne	Russian cream (with alcohol) with whipped cream	858	205	11.1	5.541	19.99	19.99	3.9	0.135
X332163	Champignon-Weißweinsauce von dunkler/brauner Grundsauce	Button mushroom-white wine sauce from brown basic sauce	258	62	3.5	0.3	4.6	0.6	1.5	0.648
X511343	Pilzragout von Champignons, überbacken	Button mushroom ragout, gratinated	839	202	16.4	5.45	2.6	1.1	11.09	1.5
X505012	Linsen gekocht, in Grundsauce hell/weiß	Lentils boiled, in white basic sauce	359	85	1.2	0.6	10.8	0.8	5.56	0.218
W254062	Jagdwurst/Schinkenwurst grob, gebraten ohne Fett (Ofen)	Jagdwurst sausage/ham bologna coarsely minced, fried without fat (oven)	855	206	15.8	5.61	0.08	0	15.783	2
X356360	Quarkmayonnaise	Quark mayonnaise	884	214	19.4	2.51	3.13	3.13	5.9	0.355
K750252	Mischpilze tiefgefroren, gedünstet	Mixed mushrooms deep-frozen, stewed	251	60	0.6	0.069	3.82	1.72	6.2	0.02
X711412	Eier-Frischteigwaren Spätzle mit Käse (Käsespätzle)	Fresh egg pasta spaetzle with cheese	649	155	5.84	3.09	16.6	1.8	8	0.425
Y691610	Schwertfischsalat mit Senfmarinade	Swordfish-salad with mustard marinade	508	122	7.9	1	1.2	1.2	10.66	0.6
X525043	Wurzelpetersilie gedünstet, in Grundsauce hell/weiß mit Sahne	Parsley root stewed, in white basic sauce with cream	416	100	5.9	3.1	8.6	3.86	2.16	0.288
D720200	Sahne-Windbeutel (Brandmasse)	Cream puff (choux pastry)	1219	293	21.31	11.2	18.39	4.986	6.44	0.175
X326112	Curry-Sahnesauce mit Früchten	Curry-cream sauce with fruit	571	138	11.7	6.2	6	4.3	1.7	0.48
Y845643	Apfelschnee mit Rum	Apple froth with rum	257	61	0.344	0.137	10.7	9.923	1.5	0.1
X513163	Steinpilze gedünstet, in Grundsauce hell/weiß mit Sahne	Porcini mushrooms stewed, in white basic sauce with cream	382	92	4.9	2.5	4.27	1.01	5.73	0.218
X985162	Germknödel	Yeast dumplings, filled with plum jam, topped with ground poppy seed	1204	287	9.7	1.22	41	13.9	7.13	0.215
F013700	Mehrfruchtnektar mit Süßungsmitteln	Mixed fruit nectar with artificial sweeteners	94	22	0	0.006	5.36	5.075	0.2	0.008
Y623133	Seelachsfilet gedünstet, in Weißweinsauce von heller/weißer Grundsauce mit Sahne	Saithe fillet stewed, in white wine sauce from white basic sauce with cream	505	121	6.9	2.7	1.6	0.7	12.3	0.502
Y832043	Milchreispudding mit Mandeln und Sultaninen	Rice pudding with almonds and sultanas	818	195	9.2	4.6	21.6	9.1	5.9	0.12
Y135132	Rindersteak gegrillt, mit Kräuterbutter	Beef steak grilled, with herb butter	957	229	13.8	6.96	0.07	0.05	26.1	0.492
E606062	Semmelknödel gekocht, gebacken	White bread dumplings boiled, baked	684	162	4.22	1.88	22.94	2.53	7.33	0.93
X655512	Kartoffelküchlein mit Käse gebraten	Small potato burger with cheese fried	1029	247	14.36	2.45	21.15	0.592	7	0.3
X344360	Tatarensauce	Tatar sauce	1074	260	25.4	3.7	2.3	2.3	4.9	1.05
X204340	Apfel-Selleriesalat mit Zitronenmarinade	Apple-celeriac salad with lemon marinade	725	176	15.7	1.28	5.2	4.65	1.72	0.248
G090802	Gemüsemischung gesäuert (Puszta Salat) abgetropft	Mixed vegetables pickled, drained	182	43	0.213	0.044	7.59	7.54	0.803	1.208
Y179423	Rinderzungenragout mit Champignons	Beef tongue ragout with button mushrooms	541	130	9	2.4	3	0.3	9.07	0.51
Y672513	Hecht gebraten im Ofen badische Art	Pike fried in oven Baden style	520	124	6.5	2.9	1.4	1	14.7	0.5
S222000	Speiseeis (Frucht-Joghurt, Joghurt) gemischt	Yogurt ice cream and yogurt-fruit ice cream mixed	489	116	2.3	1.48	19.48	19.48	3.6	0.09
D3A5000	Schwarz-Weiß-Buttercremetorte (Wasserbiskuit)	Black-and-white chequerboard torte (water sponge cake)	1189	283	10.9	6.05	39.4	25.9	5.8	0.188
W981100	Wurstkuchen mit Mürbeteig, mit Alkohol, gebacken	Sausage pie with shortcrust pastry, with alcohol, baked	1370	329	23.17	11.7	15.2	0.72	14	1.8
X326353	Paprikasauce von Bechamelsauce	Sweet pepper sauce from Bechamel sauce	362	87	6.1	3.9	5.34	2.42	2.46	0.488
D780300	Nuss-Plunder	Hazelnut Danish pastry	2206	530	34.5	12.36	43	14.29	9.86	0.788
Y845362	Apfelküchlein gebraten, mit Vanillesauce	Apple doughnuts fried, with vanilla sauce	729	174	8.36	1.6	20.2	10.23	3.6	0.068
X531713	Blumenkohl mit Hackfleischfüllung und Käse überbacken	Cauliflower with minced meat filling and cheese gratinated	530	127	8	3.6	4.05	1.18	9.4	0.715
D7A7300	Mohn-Plunder	Danish pastry with poppy seeds	1858	445	23.5	9.54	45	14.77	10.59	0.84
Y181132	Tafelspitz gekocht, mit Meerrettichsauce von heller/weißer Grundsauce	Beef rump cap boiled, with horseradish sauce from white basic sauce	528	126	6.3	3.1	2.07	0.77	15.07	0.43
S211900	Speiseeis (Frucht, Nuss) gemischt, in Waffeltüte	Ice cream mixed (fruit, nut) in waffle cone	846	202	7.51	4.51	30	24.4	2.41	0.05
X730243	Lasagnette (Teigwaren) mit Ricotta und Tomaten mit Spinat gedünstet	Pasta with ricotta and stewed tomatoes with spinach	576	138	6.93	3.31	11.3	2.04	6.76	0.528
Y556113	Wildente geschmort, mit Speck und Grundsauce dunkel/braun	Wild duck braised, with bacon and brown basic sauce	1214	292	23.3	7.1	1.43	0.02	19.2	0.75
W251300	Gerauchte Schinkenwurst	Ham bologna smoked	754	181	13.18	5.24	0.09	0	15.54	2
Y377013	Schweinenierengeschnetzeltes sauer, mit Grundsauce dunkel/braun	Pork kidney ragout sour, with brown basic sauce	951	229	18	5	2.3	0.46	13.96	1.078
X322243	Champignonsauce von heller/weißer Grundsauce, mit Sahne und Weißwein	Button mushroom sauce from white basic sauce, cream and white wine	329	79	6.1	3.5	3.7	1.1	1.9	0.51
X518033	Kaisergemüse gedünstet, in Grundsauce hell/weiß mit Sahne	Mixed vegetables stewed, in white basic sauce with cream	323	78	5.2	2.7	4.6	2.97	2.18	0.428
X243450	Fenchelsalat (roh) mit Zitronenmarinade	Fennel salad (raw) with lemon marinade	468	113	10.2	0.76	2.83	2.46	1.12	0.22
Y580033	Pute gefüllt, gebraten im Ofen, mit Grundsauce dunkel/braun	Turkey filled, fried in oven, with brown basic sauce	747	179	11.4	2.3	3.32	0.29	15.66	0.7
D1A4100	Kuchenboden (Rührmasse) belegt mit Früchten, Pudding und Klarguss	Cake base with fruit, pudding and gelatin glaze	583	139	4.7	2.73	19.7	10.6	3.1	0.075
F201902	Aprikose gezuckert, Konserve, abgetropft	Apricot sugared, canned, drained	295	69	0.1	0.009	15.452	15.1	0.5	0.025
K392292	Kartoffel-Speck-Rösti tiefgefroren, frittiert	Potato rösti with bacon, deep-frozen, deep-fried	1288	308	16.56	2.3	32.6	1.5	6.03	1.62
Y0A2030	Leberpudding mit Hackfleisch	Liver pudding with minced meat	790	189	10.33	3.47	8	0.6	15.79	0.62
K701502	Champignon gegrillt, in Öl, Konserve, abgetropft	Button mushroom grilled, in oil, canned, drained	1329	322	31.439	2.26	4.5	0.4	5.2	1.615
D4A6000	Eierschecke (Hefeteig)	"Eierschecke" cheesecake (yeast dough) with egg cream	1074	256	12.2	7.2	28.1	15.1	7.8	0.135
Y845753	Apfelkompott mit Karamellsauce	Apple compote with caramel sauce	320	76	1.6	0.78	13.4	12.2	1.3	0.03
Y622232	Kabeljaufilet paniert, gebraten	Cod fillet breaded, fried	753	180	8.9	1.07	6.61	0.72	17.5	0.615
X0A5020	Müsli gesüßt, mit Milch 3,5 % Fett und Fruchtmischung	Muesli sweetened, with milk 3.5 % fat and mixed fruit	647	154	4.5	1.29	21.2	9.99	5.17	0.04
X425163	Gemüsesuppe italienisch (Minestrone)	Italian vegetable soup (minestrone)	184	44	1.8	1.2	4	1.4	2.2	0.655
X0A5010	Müsli gesüßt, mit Joghurt 3,5 % Fett und Fruchtmischung	Muesli sweetened, with yogurt 3.5 % fat and mixed fruit	523	125	4.1	1.65	15.3	7.93	4.85	0.065
X811233	Reis Trauttmansdorff	Rice pudding "Trauttmansdorff"	607	144	4.7	2.602	22	11.5	3.2	0.07
X531433	Blumenkohlauflauf	Cauliflower casserole	360	86	5.1	2.9	4.92	1.25	4.9	0.695
Y921062	Döner Kebab, Fladenbrot gefüllt mit Grillfleisch (Kalb/Rind), Rohkost und Sauce	Doner kebab, flatbread filled with grilled veal and beef, salad and sauce	743	177	5.3	1.8	20	1.18	11.2	0.632
Y242013	Kalbsgeschnetzeltes Zürcher Art	Veal ragout Zurich style	497	119	6.8	3.2	1.8	0.6	12	0.532
X703112	Teigwaren eifrei, mit Pesto verde	Pasta egg-free, with pesto verde	930	222	11.5	1.5	23.2	0.8	5.7	0.452
N271000	Mehrfruchtsaftschorle	Multi-fruit juice spritzer	94	22	0	0.006	5.36	5.075	0.2	0.006
Y380212	Schweinebauch gekocht, mit Sauerkraut mit Apfel gedünstet	Pork belly boiled, with sauerkraut with apple stewed	579	140	10.47	3.59	1.9	1.75	7.92	0.788
T410902	Lachs Konserve, abgetropft	Salmon canned, drained	689	165	8.93	2.014	0	0	21.1	1.35
D9A4400	Pudding-Vollkornplunder	Wholemeal Danish pastry with pudding	1260	302	15.73	8.28	32	12.3	6.3	0.562
E605032	Kartoffel-Schupfnudeln gekocht	Potato noodles (Schupfnudeln) boiled	564	133	1.05	0.18	25.4	0.503	4.42	0.845
X566253	Selleriegemüse gekocht, in Grundsauce hell/weiß mit Sahne	Celeriac stewed, in white basic sauce with cream	269	65	4.7	2.5	2.77	1.79	1.37	0.475
X720533	Schinkenfleckerl (Auflauf aus Eier-Frischteigwaren mit Kochschinken und saurer Sahne)	"Schinkenfleckerl" (casserole of fresh egg pasta with boiled ham and sour cream)	855	204	8.6	1.5	19.4	0.5	11.48	1
Y0A2050	Hackfleisch-Reisfüllung (für Gemüse) gedünstet	Minced meat-rice filling (for vegatables) stewed	1000	240	15.87	4.55	11.1	0.54	12.97	0.63
S220500	Speiseeis (Frucht, Nuss) gemischt	Ice cream mixed (fruit, nut)	775	184	6.47	4.201	28.6	25.5	1.85	0.045
X742123	Eierteigwaren mit Tomatensauce (aus Tomatenmark) mit Speck	Egg pasta with tomato sauce (of tomato paste) with bacon	788	189	11.5	3.25	16	1.1	4.8	0.732
Y690633	Rotbarschauflauf mit Gemüse	Redfish casserole with vegetables	417	100	6.4	2.3	2.3	1.4	8	0.55
G410902	Artischocke Konserve, abgetropft	Artichokes canned, drained	181	44	0.122	0	2.3	2.15	2.424	0.592
G343902	Wirsing Konserve, abgetropft	Savoy cabbage canned, drained	110	26	0.244	0.044	2.7	2.3	2.121	0.538
Y844912	Ananaskompott mit Süßstoff	Pineapple compote with artificial sweetener	166	39	0.1	0.021	7.9	7.9	0.4	0.012
Y826063	Quarkauflauf mit Apfel	Quark casserole with apple	549	131	6.2	3.2	13.5	9.2	4.7	0.1
Y672232	Hecht paniert, gebraten	Pike breaded, fried	769	184	9.1	1.09	6.61	0.72	18	0.615
F3B4902	Heidelbeere ungesüßt, Konserve, abgetropft	Blueberry unsweetened, canned, drained	84	20	0.318	0.029	2.61	2.61	0.3	0.005
Y021413	Bratwurst gebraten, in Biersauce	Bratwurst fried, in beer sauce	638	154	12.9	4.05	2	1.1	6.8	1.218
G550802	Pfefferschote gesäuert, abgetropft	Chilli pepper pickled, drained	225	53	0.3	0.03	9.16	9.02	1.8	1.198
D306000	Flocken-Sahnetorte (Brandmasse und Mürbeteig)	Cream torte (choux and shortcrust pastry)	1043	250	14.4	7.76	23.9	10.3	5.4	0.12
X455153	Brotsuppe (Schwarzbrot) mit Rosinen, Apfel und saurer Sahne	Bread soup (brown bread) with raisins, apple and sour cream	318	76	2.4	1.1	11.3	6.4	1.4	0.15
X412613	Fleischbrühe mit Markklößchen	Meat stock with small marrow dumplings	245	59	4	1.8	3.78	0.35	1.77	0.67
X570343	Erbsenpüree von Trockenerbsen	Pea puree from dried peas	323	77	2.26	1.218	7.5	1.3	4.45	0.145
X212540	Endiviensalat mit Saure-Sahne-Dressing	Endive salad with sour cream dressing	248	60	4	2	3.1	3.1	1.97	0.6
D771400	Schuhsohlen (Blätterteig) mit Mokkasahne	Oblong mocha-cream filled pastry (puff pastry)	1790	432	35.7	16.3	23.1	4.5	3.8	0.298
X534212	Grünkohl gedünstet, mit Speck	Curly kale stewed, with bacon	426	103	6.68	1.33	3.3	1.8	4.75	0.8
X526062	Chicoree gedünstet, mit Butter	Chicory stewed, with butter	346	84	7.8	2.46	1	0.74	1.612	0.248
W372000	Rindfleischsülze mit Schwarten	Jellied beef	696	166	7.86	3.255	0.29	0.15	23.49	2
W391400	Wildpastete mit Hasenfleisch	Hare pate	529	126	6.58	2.41	0.08	0	16.7	1.8
S241400	Speiseeis (Frucht, Kaffee, Nuss) gemischt, mit Eierlikör	Ice cream mixed (coffee, fruit, nut) with egg liqueur	810	193	7.3	4.1	25.1	23.2	2.9	0.072
X203460	Griechischer Bauernsalat	Greek farmers salad	650	157	14	5.24	1.41	1.4	5.27	0.97
Y021512	Hot Dog	Hot Dog	963	231	13.28	2.58	17.15	2.97	9.61	2
X436343	Fleischklößchen	Small meatballs	715	171	10.88	4.45	5.43	1.34	12.61	0.642
D735100	Spitzbuben (Mürbeteig)	"Spitzbuben" sandwich biscuit (shortcrust pastry) filled with jam	2094	501	27.2	13.82	55	28.3	7.3	0.125
X446953	Selleriesuppe	Celeriac soup	138	33	2.6	0.7	1.14	0.98	0.8	0.58
S210100	Speiseeis (Frucht, Vanille) gemischt, in Waffeltüte	Ice cream mixed (fruit, vanilla) in waffle cone	766	182	6.4	4.08	28.3	22.7	1.98	0.058
M293300	Joghurt mind. 3,5 % Fett, mit Schokoladen-Getreidezubereitung, gesüßt	Yogurt min. 3.5 % fat, with chocolate-cereal preparation, sweetened	588	140	5.094	2.83	18.292	16.233	4.092	0.142
K241232	Kartoffelkloß halb und halb, tiefgefroren, gargezogen	Potato dumpling half and half, deep-frozen, poached	413	98	0.86	0.23	18.18	0.565	3.45	0.062
X653242	Kartoffelkroketten aus Brandteig	Potato croquettes from choux pastry	1103	264	15.34	3.28	24.15	0.99	6.2	0.448
X465153	Weiße-Bohnen-Eintopf mit Rindfleisch	Haricot bean stew with beef	349	83	2.2	0.5	8	1.5	6.1	0.375
Y239123	Kalbsschulter gedünstet, mit Sahnesauce	Veal shoulder stewed, with cream sauce	592	142	7.4	1.3	2.3	0.4	16.26	0.768
Y583312	Putenschnitzel paniert, gebraten	Turkey schnitzel breaded, fried	855	204	9.1	1.12	7.07	0.68	22.72	0.438
X3A3010	Tomatensauce aus frischen Tomaten mit Aubergine, Zucchini und Paprika	Tomato sauce of fresh tomatoes with aubergine, courgette and sweet pepper	423	102	8.7	0.7	4	4	1	0.398
Y221122	Kalbskotelett paniert, gebraten	Veal chop breaded, fried	903	216	11.1	1.89	6.07	0.58	22.28	0.635
G891102	Honiggurke gesäuert, abgetropft	Sweet cucumber pickled, canned, drained	298	70	0.201	0.068	14.52	14.49	1.083	1.235
X0A5040	Müsli ungesüßt, mit Sojadrink und Fruchtmischung	Muesli unsweetened, with soya drink and mixed fruit	550	131	3.9	0.59	16.2	4.17	5.35	0.032
X713343	Eier-Frischteigwaren Spätzle mit Gulasch einfach (mit Rindfleisch)	Fresh egg pasta spaetzle with beef goulash simple	558	133	6.1	1.5	8	0.5	11.2	0.605
X452153	Eintopf aus Teigwaren eifrei, mit Gemüse und Hühnerfleisch	Stew of pasta egg-free, with vegetables and chicken	391	93	2.6	0.8	11.2	0.8	5.7	0.445
R911032	Helle Soße aus Instantpulver, zubereitet mit Wasser	White sauce made from instant powder and water	179	43	1.83	0.88	6.1	2	0.41	0.992
X205650	Gurken-Tomatensalat mit Saure-Sahne-Dressing	Cucumber-tomato salad with sour cream dressing	178	42	2.2	1.1	3.4	3.4	1.49	0.3
X469343	Holländischer Eintopf (mit Kartoffeln, Karotten und Mettwürstchen)	Dutch stew (with potatoes, carrots and small Mettwurst sausages)	518	124	7.1	2.6	7.58	3.44	6.59	1
Y849560	Charlotte russische Art (mit Bayerischer Creme)	Sponge cake cream dish (with Bavarian cream)	1065	256	17.1	8.19	19.1	15.08	6.2	0.19
W255372	Käsekrainer/Käsewürstchen, gegrillt	Small scalded sausage filled with cheese, grilled	980	236	17.36	8.07	0.08	0	19.7	2
Y661313	Rotbarsch pochiert polnische Art	Redfish poached Polish style	406	97	4.6	0.8	4.1	0.7	9.2	0.522
X446913	Sauerkrautsuppe mit Paprika und Kartoffeln	Sauerkraut soup with sweet pepper and potatoes	175	42	2	1.1	3.8	2.13	0.89	0.732
T930792	Alaska-Seelachs im Backteig, tiefgefroren, frittiert	Alaska pollock in frying batter, deep-frozen, deep-fried	1214	291	18.33	1.47	20.51	0.66	10.3	0.275
X1A7060	Fleischsalat (Schwein) mit Mayonnaise	Meat salad (pork) with mayonnaise	862	208	15.7	2.66	3.2	2.98	12.4	1.365
X653042	Kartoffelkroketten mit Käse	Potato croquettes with cheese	1037	248	12	1.48	27.26	0.99	6.3	0.318
Y173833	Saures Rinderlebergeschnetzeltes mit Sauce	Beef liver ragout sour with sauce	695	166	9.3	1.6	5.84	0.32	14.6	0.8
Y622633	Kabeljaufilet in Weißweinsauce von heller/weißer Grundsauce mit Sahne	Cod fillet in white wine sauce from white basic sauce with cream	454	109	6	2.4	1.6	0.7	11.3	0.535
X518363	Karotten und Erbsen gedünstet, in Grundsauce hell/weiß mit Sahne	Carrots and peas stewed, in white basic sauce with cream	349	83	3.3	1.7	8.57	4.2	2.9	0.162
Y111123	Rinderfilet gebraten im Ofen, mit Sauce	Beef fillet fried in oven, with sauce	548	131	6.7	1.9	2.2	0.76	15.26	0.54
X328453	Sardellensauce von heller/weißer Grundsauce	Anchovy sauce from white basic sauce	301	72	5.4	3	3.4	0.62	2.45	1.998
X321242	Tomatensauce aus frischen Tomaten und Fleischwurst	Tomato sauce of fresh tomatoes and bologna	648	157	13.882	3.14	3.37	3.37	3.643	0.788
D770400	Feingebäck (Blätterteig) schokoliert	Fine pastry (puff pastry) with chocolate icing	2310	556	39.95	17.96	41.5	14.2	5.77	0.408
G491702	Knoblauch in Öl, Konserve, abgetropft	Garlic in oil, canned, drained	1025	250	15.575	1.14	4	2.3	6.511	1.265
F091902	Fruchtmischung/Fruchtcocktail, in Fruchtsaft, Konserve, abgetropft	Fruit mix/fruit cocktail, in juice, canned, drained	223	53	0.3	0.041	10.6	8.9	0.8	0.008
D330400	Prinzregententorte (Biskuit)	"Prinzregententorte" torte (sponge cake)	1359	325	17	9.8	35.7	25.6	6.4	0.122
Y033132	Hamburger Hackbeefsteak gebraten	Hamburg beefsteak fried	943	227	16.64	5.44	2.62	2.62	16.27	0.692
F012700	Mehrfruchtnektar	Mixed fruit nectar	180	42	0	0.006	10.36	10.075	0.2	0.005
X659012	Schupfnudeln gegart	"Schupfnudeln" (German potato pasta) cooked	434	103	0.79	0.22	19.23	0.534	3.6	0.228
D307000	Herrentorte (Mürbeteig und Wiener Boden hell) mit Apfel-Weincreme	Dark chocolate torte (shortcrust pastry and Viennese sponge cake light) with apple wine-cream	1406	336	17.7	9.2	37.3	26.4	5.3	0.09
G543802	Gemüsepaprika rot, gesäuert, abgetropft	Sweet pepper red, pickled, drained	149	35	0.072	0.023	6.11	6.11	0.738	1.188
D300600	Schwarzwälder Kirschtorte (Schokobiskuit) mit Alkohol	Black forest torte (chocolate sponge cake) with alcohol	1077	258	15.9	8.42	22.5	14.5	4.5	0.102
E603022	Eier-Frischteigwaren Ravioli (Fleischfüllung) gedämpft	Fresh egg pasta Ravioli (meat filling) steamed	579	138	3.33	0.84	20	0.9	5.94	0.5
G569902	Tomate getrocknet, mariniert, abgetropft	Tomate dried, marinated, drained	1328	319	18.839	1.45	22.39	22.39	7.242	2.1
W811000	Gefüllter Schweinebauch gebraten ohne Fett (Ofen)	Pork belly filled, fried (in oven)	1473	355	27.9	10.04	2.8	1	23	1.47
X070160	Clubsandwich mit Hähnchenbrustfilet, Tomaten, Speck und Mayonnaise	Club sandwich with chicken breast fillet, tomatoes, bacon and mayonnaise	834	200	11.3	2.65	12.38	1.96	11.2	1.2
Y812343	Grießschnitten gebraten, mit Zucker und Zimt	Semolina slices fried, with sugar and cinnamon	930	223	13.7	3.73	18.31	8.43	6.2	0.272
W855000	Schweinebauch in Aspik	Pork belly in aspic	871	210	16.2	5.8	0.44	0.44	15.5	3.2
Y9A1030	Tofu-Burger vegan	Tofu burger vegan	761	182	7.7	0.9	17	1.8	9.9	0.56
X9A4010	Burrito gefüllt mit Gemüse, Pilzen und Käse	Burrito filled with vegetables, mushrooms and cheese	1014	241	8.1	2.9	33	2.6	8.1	1.242
R146100	Sambal Oelek, Würzpaste	Chilli sauce (Sambal Oelek)	232	55	0.4	0.04	9.41	8.98	1.45	5.48
Y261013	Kalbsbraten mit Weißwein-Sahnesauce von dunkler/brauner Grundsauce	Veal roast with white wine-cream sauce from brown basic sauce	436	104	4.2	0.9	2.9	1	13.2	0.572
Y840843	Birnenkompott	Pear compote	248	58	0.2	0.023	13.66	12.05	0.172	0.005
Y461113	Lammbraten mit Rotweinsauce von dunkler/brauner Grundsauce	Lamb roast with red wine sauce from brown basic sauce	529	126	5.4	1.2	2	0.7	16.83	0.55
Y253133	Kalbsnierenbraten mit Grundsauce dunkel/braun	Veal loin roast with brown basic sauce	545	130	7.4	1.3	2.9	1	12.48	0.602
X203140	Waldorfsalat mit Mayonnaise mit Zitronensaft	Waldorf salad with mayonnaise (with lemon juice)	764	185	16.8	2.6	4.6	4.04	2.1	0.262
Y0A2040	Hackfleischfüllung (für Gemüse) roh	Minced meat filling (for vegatables) raw	911	219	15.91	5.32	4	0.7	14.67	0.528
X4A1020	Hühnersuppe mit Hühnerfleisch und Suppengemüse	Chicken soup with chicken and vegetables	234	56	3.5	1.2	0.4	0.4	5.5	0.685
X211040	Chicoreesalat mit Zitronenmarinade	Chicory salad with lemon marinade	391	95	8.6	0.64	1.4	1.06	1.92	0.23
Y684562	Jakobsmuscheln gebraten provenzalische Art	Scallops fried Provencal style	373	89	5.1	0.37	3.5	2.6	6.1	0.385
X215540	Kopfsalat mit Saure-Sahne-Dressing	Lettuce with sour cream dressing	238	57	3.6	1.8	3.3	3.3	2.07	0.52
X454243	Grießsuppe geröstet	Semolina soup roasted	152	36	1.6	0.2	4	1.2	1.05	0.705
W211332	Käsewiener gargezogen	Vienna sausage with cheese, poached	945	228	19.72	8.31	0.06	0	12.5	1.8
Y180622	Rindfleisch gekocht, mit Apfelsahnemeerrettich	Beef boiled, with creamed apple-horseradish	658	157	7.1	3.2	2.3	1.88	20.47	0.32
X5A9020	Kohlrüben/Steckrüben, gedünstet, mit Speck	Swede stewed, with bacon	114	27	0.8	0.3	2.03	1.25	1.58	0.5
F213902	Sauerkirsche ungesüßt, Konserve, abgetropft	Sour cherry unsweetened, canned, drained	131	31	0.391	0.086	5.474	5.075	0.674	0.005
T931262	Seelachs paniert, tiefgefroren, gebraten ohne Fett (Ofen)	Saithe/pollack, breaded, deep-frozen, fried without fat (oven)	817	194	6.71	1	16.21	0.92	16.67	1
Y633533	Seezungenfilet gratiniert	Sole fillet gratinated	589	141	7.5	1.79	2.6	0.4	15.4	0.578
W255382	Käsekrainer/Käsewürstchen, gebraten ohne Fett (Pfanne)	Small scalded sausage filled with cheese, fried without fat (pan)	806	194	14.17	6.59	0.06	0	16.4	2
T797902	Venusmuschel Konserve, abgetropft	Venus clam canned, drained	363	86	1.41	0.28	2.1	0	16.2	0.96
S242900	Speiseeis (Frucht, Kaffee, Schoko) gemischt	Ice cream mixed (chocolate, fruit, coffee)	744	177	6.6	2.96	25.7	23.7	2.8	0.065
Y171123	Rinderherz geschmort, mit Sauce	Beef heart, braised, with sauce	578	139	8.6	2.6	3.5	0.6	11.6	0.8
X326453	Senfsauce von heller/weißer Grundsauce	Mustard sauce from white basic sauce	312	75	5.9	3.3	4	1.52	1.08	0.885
Y720643	Rührei gebraten mit Speck	Scrambled eggs fried with bacon	1119	270	24.55	6.32	0.34	0.33	11.99	1.215
X447413	Tomatensuppe aus frischen Tomaten, Gemüsebrühe und Teigwaren eifrei	Tomato soup of fresh tomatoes, vegetable stock and pasta egg-free	159	38	1.2	0.1	5	2.9	1.1	0.34
X2A1020	Chinakohlsalat mit Mandarinen und Sahne-Dressing	Chinese white cabbage with mandarins and cream dressing	260	62	3.6	1.8	4.7	4.6	1.64	0.35
Y638132	Steinbutt paniert, gebraten	Turbot breaded, fried	706	169	8.9	1.09	6.08	0.65	15.3	0.64
Y637132	Heilbutt paniert, gebraten	Halibut breaded, fried	865	207	12	1.81	6.08	0.65	17.9	0.548
Y650513	Karpfen pochiert polnische Art	Carp poached Polish style	440	105	5.2	1.1	4	0.7	10	0.43
X412113	Fleischbrühe mit Maultaschen (mit Schweinebrät)	Meat stock with pork mince-spinach-filled pasta squares	107	26	1.2	0.3	2.26	0.15	1.3	0.5
G090262	Gemüsemischung Kaisergemüse, tiefgefroren, gebacken	Mixed vegetables (carrots, cauliflower and broccoli florets) deep-frozen, baked	177	42	0.502	0.1	5.2	3.66	2.716	0.052
X4A8020	Erbsensuppe mit Gemüsebrühe und Suppengrün	Pea soup with vegetable stock and mirepoix	235	56	1.4	0.1	6	1.4	3.25	0.355
D313500	Zitronensahnetorte (Wasserbiskuit)	Lemon cream torte (water sponge cake)	1227	294	18.2	9.4	27.5	20.8	4.4	0.132
N261000	Kirschnektarschorle	Cherry nectar spritzer	110	26	0.086	0.019	5.846	5.652	0.174	0.005
Y943062	Currywurst mit Curryketchup und Brötchen	Curried bratwurst with curry ketchup and roll	930	222	11.36	3.72	19.95	6.74	9.11	1.992
Y114012	Rinderfiletsteak gebraten, mit Kräuterbutter	Beef fillet steak fried, with herb butter	946	227	14.8	6.82	0.07	0.05	23.3	0.432
U050182	Rind/Schwein, Hackfleisch gemischt, gebraten ohne Fett (Pfanne)	Beef/pork, mince mixed, fried without fat (pan)	1382	333	24.91	10.328	0	0	27.09	0.188
H620902	Sojabohnensprossen/Sojabohnenkeimlinge, Konserve, abgetropft	Soya bean sprouts canned, drained	154	36	0.692	0.08	2.4	2.4	4.299	0.478
X2A1080	Lauchsalat (roh) mit Saure-Sahne-Dressing	Leek salad (raw) with sour cream dressing	230	55	1.6	0.7	7	5.6	1.86	0.18
Y856153	Ananasgelee mit Schlagsahne	Pineapple jelly with whipped cream	347	83	2.9	1.524	12.07	11.218	1.7	0.02
Y692623	Fischgulasch mit Seelachs und Paprika	Fish goulash with saithe and sweet peppers	439	105	5.8	0.9	2.6	2.6	9.7	0.38
Y660213	Rotbarschfilet gedünstet, in Kräutersauce von heller/weißer Grundsauce	Redfish fillet stewed, in herb sauce from white basic sauce	403	96	5.5	2.4	1.68	0.47	9.8	0.648
X252910	Gurken-Rettichsalat mit Saure-Sahne-Dressing	Cucumber-radish salad with sour cream dressing	134	32	1.4	0.7	2.8	2.5	1.35	0.2
X1A7050	Fleischsalat (Rind) mit Mayonnaise, gestreckt mit saurer Sahne	Meat salad (beef) with mayonnaise, diluted with sour cream	958	231	18.5	3.3	1.7	1.7	13.9	0.6
X092410	Müsli ungesüßt, mit Milch 3,5 % Fett und Fruchtmischung	Muesli unsweetened, with milk 3.5 % fat and mixed fruit	601	143	4.7	1.38	17.6	5.59	5.48	0.042
Y847353	Apfelkompott mit Vanillesauce	Apple compote with vanilla sauce	292	69	1.7	0.87	11.3	9.49	1.5	0.032
Y813442	Dampfnudeln süß gebraten	"Dampfnudeln" yeast dumplings sweetened fried	1459	348	16.05	5.64	42	9.25	7.67	0.512
K850532	Pilzcremesuppe aus Instantpulver (mit Wasser zubereitet)	Cream of mushroom soup, made from instant powder and water	114	27	0.3	0.1	5	1.1	0.9	0.998
X449353	Kartoffelsuppe mit Lauch und Gemüsebrühe	Potato soup with leek and vegetable stock	240	57	1.7	0.1	9	1.2	1.06	0.44
D9A4300	Mohn-Vollkornplunder	Wholemeal Danish pastry with poppy seed	1757	421	22.7	9.14	40	13.95	10.45	0.8
X371043	Sauce Hollandaise/Holländische Sauce	Hollandaise sauce	2133	518	54.9	32.4	0.75	0.75	4.5	0.358
H610902	Bambussprossen Konserve, abgetropft	Bamboo shoots canned, drained	46	11	0.206	0.039	0.559	0.559	1.723	0.495
X6A4000	Kartoffeltaschen mit Kräuter-Frischkäse-Füllung, gebraten	Potato pockets filled with herb-cream cheese, fried	1220	293	20.22	5.11	21.19	1.71	5.31	0.415
X810113	Milchreis gesüßt, mit Milch 3.5 % Fett, gebräunter Butter, Zucker und Zimt	Rice pudding sweetened, with milk 3.5 % fat, browned butter, sugar and cinnamon	642	152	4.55	2.888	22.8	6.34	4.75	0.105
X6A3000	Kartoffelsouffle mit Bacon	Potato souffle with bacon	726	174	10.24	3.48	9.6	1.46	10.3	1.2
Y291113	Kalbshaxe gebraten im Ofen, mit Orangensauce	Veal knuckle fried in oven, with orange sauce	523	125	5.1	1.47	1.9	1.88	17.25	0.635
U941100	Königsberger Klopse, Konserve	"Königsberger Klopse" meatballs, canned	680	164	12.53	5.76	3.28	0.019	9.38	1.668
Y870843	Weißweincreme abgeschlagen (mit Gelatine)	White wine cream (with gelatine)	424	100	2.8	0.76	13.14	13.14	4.7	0.142
Y8A3040	Heiße Himbeersauce	Hot raspberry sauce	250	59	0.3	0.01	9.6	9	0.9	0.002
G720902	Wachsbohne Konserve, abgetropft	Wax bean canned, drained	72	17	0.1	0	2	1.33	1.4	0.528
K703902	Morchel Konserve, abgetropft	Morel canned, drained	134	33	0.329	0.053	0.6	0.6	2.584	0.638
D6A6000	Lebkuchen mit Fruchtfüllung, schokoliert	Gingerbread with fruit filling and chocolate icing	1826	437	22.9	12.9	50	44.5	5.2	0.152
Y686132	Tintenfischringe im Backteig (mit Bier) frittiert	Cuttlefish rings in frying batter (with beer) deep-fried	772	185	10	1.11	10.3	0.245	12.5	0.735
D741000	Donut (Hefeteig) frittiert, mit Schokoladenglasur	Doughnut (yeast dough) deep-fried, with chocolate icing	1418	338	15.1	8.1	43	18.1	6	0.06
Y562123	Hähnchenbrustfilet gebraten, mit gekochtem Spargel und Grundsauce hell/weiß	Chicken breast fillet fried, with boiled asparagus and white basic sauce	398	94	2	0.6	1.79	1.3	17.03	0.395
F217902	Sauerkirsche mit Süßungsmitteln, Konserve, abgetropft	Sour cherry with artificial sweeteners, canned, drained	131	31	0.391	0.086	5.474	5.075	0.674	0.025
X328112	Sahne-Schinkensauce von heller/weißer Grundsauce mit Sahne	Cream-ham sauce from white basic sauce with cream	633	153	13.4	7.2	3.19	1.51	4.64	0.91
W275232	Helle Zungenwurst gekocht	Light pork tongue sausage boiled	1065	257	21.176	3.77	0.21	0.14	16.282	1.8
G993200	Gemüsemischung mexikanische Art, tiefgefroren	Mixed vegetables Mexican style, deep-frozen	239	57	0.5	0.06	7.4	3.3	3.3	0.005
F207902	Pfirsich mit Süßungsmitteln, Konserve, abgetropft	Peach with artificial sweeteners, canned, drained	172	41	0.152	0.018	8.2	7.2	0.8	0.005
X359440	Speck-Essigmarinade für Salat	Bacon-vinegar marinade for salad	1488	361	38.02	14.6	0.92	0.9	2.56	2.965
F208902	Pfirsich ungesüßt, Konserve, abgetropft	Peach unsweetened, canned, drained	80	19	0.094	0.009	3.46	3.02	0.5	0.004
S243600	Speiseeis (Frucht, Nuss, Schoko) gemischt	Ice cream mixed (chocolate, nut, fruit)	842	201	7.81	4.278	28.9	25.5	2.44	0.06
X235540	Kohlrabisalat (roh) mit Saure-Sahne-Dressing	Kohlrabi salad (raw) with sour cream dressing	223	53	2.6	1.3	4.4	4.3	2.19	0.38
Y162212	Sauerbraten vom Rind, mit Sauce	"Sauerbraten" marinated beef roast, with sauce	993	238	15.9	5.1	1	0.36	22.7	0.82
Y301533	Kasseler Rippenspeer gebraten im Ofen, mit Rotweinsauce von dunkler/brauner Grundsauce	Pork loin spare ribs cured, fried in oven, with red wine sauce from brown basic sauce	497	119	6.2	1.5	2.94	0.62	12.34	1.2
G510702	Aubergine gegrillt, in Öl, Konserve, abgetropft	Aubergine grilled, in oil, canned, drained	955	231	21.982	1.59	5.73	5.09	1.004	1.272
X336753	Paprika-Sahnesauce von dunkler/brauner Grundsauce	Sweet pepper-cream sauce from brown basic sauce	374	90	6.6	2	5.4	2.5	1.7	0.5
Y026022	Leberkäse gebraten	Leberkaese sausage fried	1356	328	30.782	8.6	0.19	0	12.534	1.425
U040182	Schwein/Rind, Hackfleisch gemischt, gebraten ohne Fett (Pfanne)	Pork/beef, mince mixed, fried without fat (pan)	1462	352	27.31	10.329	0	0	26.56	0.182
D3A2000	Erdbeer-Charlotte mit Joghurtsahne (Biskuit)	Strawberry Charlotte Royale Cake (sponge cake)	903	215	7.5	3.42	30.6	23.2	5.3	0.115
S450000	Nugat/Nougat/Noisette	Nougat	1940	461	15.2	3.3	76.5	76	3.812	0.05
Y564123	Hühnerfrikassee mit Weißwein	Chicken fricassee with white wine	749	180	13.9	5	1.7	0.31	11.34	0.462
D340100	Buttercremetorte (Sandmasse)	Butter cream torte (sand cake batter)	1489	357	20.8	12.36	38.2	27	3.7	0.122
Y9A1020	Gyrosburger	Gyros burger	655	156	4.3	1	14	1.4	14.3	0.732
F3A2902	Himbeere mit Süßungsmitteln, Konserve, abgetropft	Raspberry with artificial sweeteners, canned, drained	60	14	0.151	0.005	1.3	1.3	0.5	0.02
F305902	Stachelbeere gezuckert, Konserve, abgetropft	Gooseberry sugared, canned, drained	312	74	0.118	0.011	16.492	15.447	0.658	0.005
Y584412	Putengeschnetzeltes mit Weißwein und saurer Sahne	Turkey ragout with white wine and sour cream	583	139	6.7	1.6	1.3	0.7	17.62	0.4
Y660313	Rotbarschfilet gedünstet, mit Tomatensauce (aus Tomatenmark)	Redfish fillet stewed, in tomato sauce (of tomato paste)	439	105	6.1	0.77	1	1	11.1	0.55
X357260	Meerrettich-Dressing	Horseradish dressing	615	149	13.1	3.7	3.7	3.5	3	0.58
Y022322	Bierschinken gebraten	Beer ham fried	723	174	11.359	3.62	0.09	0	17.709	2
X466443	Grünkohl-Eintopf mit Kartoffeln und Schweinebauch	Curly kale stew with potatoes and pork belly	459	110	6.4	1.8	6.7	1.91	4.97	0.34
Y631232	Schollenfilet mit Petersilie paniert, gebraten	Plaice fillet with parsley breaded, fried	681	163	8.1	0.95	6.07	0.65	15.6	0.545
Y213133	Kalbsmedaillons gebraten, in Weißweinsauce von heller/weißer Grundsauce	Veal medaillons fried, in white wine sauce from white basic sauce	566	135	7	2.2	2.8	0.4	14.5	0.562
Y363323	Schweinerücken geschmort, mit Gemüse und Sauce	Pork loin braised, with vegetables and sauce	530	127	7.9	1.7	3.9	1.52	9.4	0.45
E530082	Vollkorneierteigwaren gekocht, gebraten ohne Fett (Pfanne)	Wholemeal egg pasta boiled, fried without fat (pan)	538	127	1.01	0.175	22	0.276	5.28	0.008
Y637513	Heilbutt gebraten amerikanische Art	Halibut fried American style	705	169	9.6	2.9	2.92	1.8	16.91	1.448
Y231322	Wiener Schnitzel gebraten	Viennese schnitzel fried	806	192	8.5	1.14	9.48	0.91	18.74	0.635
X2A1160	Tomaten-Paprikasalat mit Zitronenmarinade	Tomato-sweet pepper salad with lemon marinade	409	99	8.7	0.65	3.26	3.25	0.78	0.15
X711343	Eier-Frischteigwaren Spätzle mit Sauerkraut (Krautspätzle)	Fresh egg pasta spaetzle with sauerkraut	350	83	1.84	0.35	11.94	2.34	3.2	0.53
X2A1060	Kohlrabi-Karottensalat (roh) mit Zitronenmarinade	Kohlrabi-carrot salad (raw) with lemon marinade	382	92	7.4	0.54	3.82	3.68	1.47	0.162
X511153	Champignons gedünstet, in Kräutersauce von heller/weißer Grundsauce	Button mushrooms stewed, in herb sauce from white basic sauce	223	54	2.5	1.3	3.9	0.4	3.89	0.318
W871800	Krakauer/Kochpolnische, Konserve	Krakow cooked sausage canned	719	173	12.14	4.79	0	0	15.85	2
X454812	Graupensuppe Mecklenburg (mit Gemüsebrühe, getrockneten Pflaumen, Entenfleisch)	Pearl barley soup "Mecklenburg" (with vegetable stock, prunes, duck meat)	337	80	1	0.2	12.5	4.3	4.1	0.495
T934292	Alaska-Seelachs paniert, tiefgefroren, frittiert	Alaska pollock breaded, deep-frozen, deep-fried	1075	257	13.52	1.5	16.38	0.93	16.85	1.01
Y131032	Roastbeef gebraten im Ofen, mit Röstgemüse	Roast beef fried in oven, with fried vegetables	591	141	5.6	1.58	0.9	0.9	21.21	0.512
Y945062	Rostbratwurst mit Brötchen und Senf	Rostbratwurst with roll and mustard	929	222	10.28	3.65	16.36	1.02	15.27	1.895
F022700	Mehrfruchtnektar, angereichert mit Vitaminen (Multivitaminnektar)	Mixed fruit nectar, fortified with vitamins (multivitamin nectar)	180	42	0	0.006	10.36	10.075	0.2	0.005
X2A2040	Gemischter Salat mit Zitronenmarinade	Mixed salad with lemon marinade	480	116	11	0.8	2	1.7	1.3	0.38
X9A1000	Couscous gebraten mit Gemüse	Couscous fried with vegetables	493	118	4.8	0.4	14.4	2.7	3.03	0.108
G992252	Gemüsemischung Erbsen-Karotten, tiefgefroren, gedünstet	Mixed vegetables peas and carrots, deep-frozen, stewed	255	60	0.427	0.094	8.659	3.54	3.3	0.028
P1A1110	Weizenbier mit Fruchtnektar	Wheat beer with fruit nectar	181	43	0	0.002	4.1	2.05	0.561	0.002
Y886260	Zitronen-Joghurt-Creme (mit Gelatine)	Lemon-yogurt cream (with gelatine)	880	211	14.2	7.66	16.75	16.75	2.9	0.065
Y9A1060	Falafel frittiert, in Fladenbrot, vegetarisch gefüllt	Falafel deep-fried, in flatbread, vegetarian filled	651	156	7.8	2.3	14	1.8	5.4	0.782
G311802	Blumenkohl gesäuert, abgetropft	Cauliflower pickled, drained	207	49	0.766	0.032	7.74	5.835	1.617	1.198
X1A7030	Wurstsalat Schweizer Art	Sausage salad Swiss Style	1186	287	26.79	4.76	0.55	0.49	10.3	1.5
F220902	Pflaume gezuckert, Konserve, abgetropft	Plum sugared, canned, drained	296	70	0.149	0.018	15.92	14.815	0.651	0.035
Y135033	Pfeffersteak vom Rind gebraten, mit Sauce	Beef pepper steak fried, with sauce	653	156	7.7	1.9	1.4	0.2	20.2	0.495
X459143	Aalsuppe Hamburger Art mit Trockenfrüchten	Eel soup Hamburg style with dried fruit	395	95	5.4	1.5	5.8	5.1	5	0.348
G543702	Gemüsepaprika rot, gegrillt, in Öl, Konserve, abgetropft	Sweet pepper red, grilled, in oil, canned, drained	889	215	19.778	1.44	6.64	6.64	1.026	1.258
Y690313	Rotbarsch gebraten, mit Grundsauce hell/weiß mit Sahne	Redfish fried, with white basic sauce with cream	639	154	11.6	5.2	1.78	1.1	10.2	0.59
X1A1060	Selleriesalat (gegart) mit Apfel, Mayonnaise und Sahne	Celeriac salad (cooked) with apple, mayonnaise and cream	430	104	8.1	1.3	4.8	4.13	1.1	0.292
Y813652	Rohrnudeln gebacken	"Rohrnudeln" sweet yeast dumplings baked	1551	370	17.25	6.52	45	9.42	7.39	0.535
X702233	Vollkorn-Eier-Frischteigwaren mit Sardellen-Kräuter-Pesto	Fresh wholemeal egg pasta with anchovy-herb pesto	612	147	7.3	1.4	12.5	0.3	6.18	0.912
X536363	Rosenkohl gekocht, mit Bechamelsauce mit Sahne	Brussels sprouts boiled, with Bechamel sauce with cream	426	103	8	4.4	3.35	2.09	3.2	0.298
W222172	Bratwurst mittelgrob, gegrillt	Bratwurst medium-coarsely minced, grilled	1348	325	28.509	7.22	0.09	0	17.1	1.869
Y945032	Rostbratwurst mit Senf	Rostbratwurst with mustard	816	196	13.86	5.02	0.24	0.15	17.41	1.932
Y845843	Vanilleäpfel	Apple compote with vanilla cream	535	128	5.4	2.17	15.3	12.4	3.8	0.082
D9A4200	Marzipan-Vollkornplunder	Wholemeal Danish pastry with marzipan	2068	496	31.3	11.91	43	22.838	8.12	0.56
X445213	Tomatensuppe gebunden mit Reis	Tomato soup thickened with rice	203	49	3.47	1.14	3.4	1.37	0.67	0.208
U013162	Rind Frikadelle, gebraten ohne Fett (Ofen)	Beef patty, fried without fat (oven)	952	228	14.12	6.204	5	0.8	19.91	1.635
U063182	Rind/Schwein, Hacksteak, gebraten ohne Fett (Pfanne)	Beef/pork, minced steak, fried without fat (pan)	930	224	16.64	6.335	1.13	1.13	17.22	1.8
F2C1902	Aprikose ungesüßt, Konserve, abgetropft	Apricot unsweetened, canned, drained	97	23	0.113	0.009	3.623	3.271	0.7	0.005
Y623823	Seelachsfilet gedämpft, mit Kräutersauce von heller/weißer Grundsauce	Saithe fillet steamed, with herb sauce from white basic sauce	399	96	5.8	2.5	2.05	0.78	8.45	0.528
U013182	Rind Frikadelle, gebraten ohne Fett (Pfanne)	Beef patty, fried without fat (pan)	902	216	13.71	6.022	5	0.8	17.87	1.588
T931282	Seelachs paniert, tiefgefroren, gebraten ohne Fett (Pfanne)	Saithe/pollack, breaded, deep-frozen, fried without fat (pan)	897	213	7.37	1	17.8	1.02	18.29	1.098
Y591112	Hähnchenbrustfilet paniert, gebraten	Chicken breast fillet breaded, fried	779	186	8.1	1	6.62	0.64	20.92	0.42
X465033	Weiße-Bohnen-Suppe mit geräuchertem Schweinefleisch	Haricot bean soup with smoked pork	460	110	6.3	2.1	6.4	1	5.47	0.902
Y373622	Pfälzer Leberknödel (Schwein) gegart	Palatine pork liver dumplings cooked	894	214	11.23	2.86	10.92	1.24	16.69	0.752
X328663	Fischsamtsauce von heller/weißer Grundsauce	Velvety fish sauce from white basic sauce	415	100	7.9	3.5	3	1	3.9	0.772
W151082	Mettwurst gebraten ohne Fett (Pfanne)	Mettwurst sausage firm, fried without fat (pan)	1733	418	33.86	12.82	0.22	0	27.99	4.2
W862000	Kalbsbrust in Aspik	Veal brisket in aspic	492	118	7.7	3	0.23	0.21	11.9	1.5
X323353	Gemüsesauce von Bechamelsauce	Vegetable sauce from Bechamel sauce	238	57	2.9	1.8	4.8	3.4	1.95	0.342
X678212	Kartoffelmaultaschen gefüllt mit Pflaumen, gebacken	Potato squares filled with plums, baked	640	153	6.7	1	19.7	7.9	2.53	0.1
Y1A2000	Saure Nieren (Rind)	Sour beef kidneys	1187	285	19.1	5.9	2.7	1.2	24.9	2
S211700	Speiseeis Frucht, in Waffeltüte	Fruit ice cream, in waffle cone	734	174	3.66	1.7	32.4	26	1.7	0.022
S244600	Speiseeis (Frucht, Karamell, Nuss, Vanille) gemischt	Ice cream mixed (fruit, vanilla, nut, caramel)	784	187	7.97	4.98	25.6	22.8	2.5	0.072
Y161333	Zwiebelfleisch vom Rind geschmort, mit Sauce	Beef braised with onions and sauce	871	209	12.5	2.8	3.92	2.39	19.73	0.728
X322053	Pilzsauce von Bechamelsauce	Mushroom sauce from Bechamel sauce	322	78	4.7	2.9	5.13	2.6	2.9	0.372
Y252223	Kalbsrollbraten mit Weißwein-Sahnesauce von dunkler/brauner Grundsauce	Veal rolled roast with white wine-cream sauce from brown basic sauce	542	130	6.6	1.5	2.4	1	14.38	0.59
F304902	Heidelbeere gezuckert, Konserve, abgetropft	Blueberry sugared, canned, drained	298	71	0.814	0.029	13.247	13.246	1.194	0.012
X338553	Specksauce von dunkler/brauner Grundsauce	Bacon sauce from brown basic sauce	355	85	6.1	0.8	5.31	0.42	1.91	0.8
X935613	Grießpudding salzig, mit Käse und Petersilie	Semolina pudding, salted, with cheese and parsley	700	167	7.76	3.62	16.99	2.77	6.9	0.348
Y942062	Bratwurst mit Brötchen und Senf	Bratwurst with roll and mustard	1068	256	14.91	4.82	18.15	1.12	11.49	2.012
Y856253	Weingelee mit Früchten	Wine jelly with fruit	368	87	0.1	0.047	17.3	17	1.3	0.012
Y870912	Rotweincreme abgeschlagen (mit Gelatine)	Red wine cream (with gelatine)	429	102	2.8	0.76	13.38	13.38	4.6	0.142
Y302113	Kasseler Rippenspeer gebraten im Ofen, mit Sahnesauce von dunkler/brauner Grundsauce	Pork loin spare ribs cured, fried in oven, with cream sauce from brown basic sauce	553	132	7.8	2.2	2.98	0.46	12.44	1.2
D433600	Baumstamm (Rührmasse) mit Schokobuttercreme	Log cake (cake batter) filled with chocolate butter cream	1454	348	20.31	12.32	35.5	20.6	5.1	0.26
Y273113	Kalbsleber gebraten Berliner Art	Veal liver fried Berlin style	467	111	3.9	0.8	9	3.21	9.49	0.605
X2A1150	Selleriesalat (roh) mit Saure-Sahne-Dressing	Celeriac salad (raw) with sour cream dressing	245	59	2.8	1.4	4.9	4.4	1.79	0.48
Y650232	Karpfen paniert, frittiert	Carp breaded, deep-fried	1018	243	12.3	1.95	14.26	0.9	17.98	0.622
U051162	Rind/Schwein, Frikadelle, gebraten ohne Fett (Ofen)	Beef/pork, patty, fried without fat (oven)	1043	250	16.71	6.296	5	0.8	19.65	1.655
X211540	Chicoreesalat mit Saure-Sahne-Dressing	Chicory salad with sour cream dressing	192	46	2.4	1.2	2.7	2.4	2.49	0.42
X230443	Sauerkrautsalat (roh) mit Apfel und gebratenem Speck	Sauerkraut salad (raw) with apple and fried bacon	232	55	1.65	0.57	5.7	5.16	1.75	1.5
F324902	Johannisbeere rot, ungesüßt, Konserve, abgetropft	Red currant unsweetened, canned, drained	57	14	0.106	0.022	1.15	1.15	0.729	0.005
C513300	Müslimischung mit Schokolade, gesüßt	Muesli mix with chocolate, sweetened	1667	397	11.84	5.22	58	21.29	10.45	0.11
E470042	Eier-Frischteigwaren Ravioli (Gemüsefüllung) gedämpft	Fresh egg pasta Ravioli (vegetable filling) steamed	595	141	2.08	0.3	24.5	0.77	4.99	0.348
U040162	Schwein/Rind, Hackfleisch gemischt, gebraten ohne Fett (Ofen)	Pork/beef, mince mixed, fried without fat (oven)	1484	357	27.72	10.483	0	0	26.96	0.185
G550702	Pfefferschote in Öl, Konserve, abgetropft	Chilli pepper in oil, canned, drained	1000	242	22.9	1.63	6.22	6.05	1.8	1.268
D7A6200	Berliner/Pfannkuchen/Krapfen (Hefeteig) frittiert, gefüllt mit Konfitüre	"Berliner" doughnut (yeast dough) deep-fried, filled with jam	1382	329	13.7	6.9	44	15.6	6.2	0.395
X682513	Himmel und Erde (Äpfel und Kartoffeln) mit gebratenem Speck	"Heaven and earth" apple-potato mash with fried bacon	539	129	7.39	2.32	13.2	3.21	1.74	0.548
X371053	Holländische Sauce einfach	Hollandaise sauce simple	645	156	15.5	8.8	1.98	0.9	1.9	0.6
G450902	Spargel Konserve, abgetropft	Asparagus canned, drained	76	18	0.3	0.021	1.38	1.265	1.9	0.528
U040142	Schwein/Rind, Hackfleisch gemischt, geschmort ohne Fett	Pork/beef, mince mixed, braised without fat	1603	386	30.41	11.5	0	0	28.08	0.185
Y6A4000	Krebse gegart, in Grundsauce hell/weiß mit Sahne	Crayfish cooked, in white basic sauce with cream	504	121	9.4	4.3	2.4	1.4	6.6	0.625
N274000	Bananennektarschorle	Banana nectar spritzer	109	26	0	0.007	6.18	5.96	0.148	0.005
Y611813	Hering gegart, in Tomatensauce von heller/weißer Grundsauce	Herring cooked, in tomato sauce from white basic sauce	499	120	7	2.3	2.2	1.3	11.5	0.662
D310600	Biskuitrolle/Biskuitroulade, mit Joghurtsahne	Sponge cake roll, filled with yogurt-cream	1061	253	12.5	6.17	28.38	20.77	6.2	0.14
X191302	Gemüsesalat (gegart) mit Mayonnaise mit Essig	Vegetable salad (cooked) with mayonnaise (with vinegar)	623	151	13.93	1.17	3.4	2.36	2	0.45
S244000	Speiseeis (Frucht, Vanille) gemischt	Ice cream mixed (fruit, vanilla)	679	161	5.15	3.683	26.5	23.4	1.34	0.055
D3A4000	Nussbiskuitrolle/Nussbiskuitroulade, mit Himbeeren und Sahne	Nut sponge cake roll, filled with raspberries and whipped cream	1146	275	16.2	6.74	24.8	19.6	6.3	0.128
Y942032	Bratwurst mit Senf	Bratwurst with mustard	1009	244	21.46	7.04	0.25	0.15	12.2	2.105
X329263	Weißwein-Sahnesauce von heller/weißer Grundsauce, mit Lachs	White wine-cream sauce from white basic sauce with salmon	536	129	10.9	4.9	2.6	1.4	4.2	0.585
X2A1170	Tomatensalat mit Zitronenmarinade	Tomato salad with lemon marinade	359	87	7.5	0.55	2.98	2.97	0.85	0.135
E606282	Semmelknödel getrocknet, gekocht, gebraten ohne Fett (Pfanne)	White bread dumplings dried, boiled, fried without fat (pan)	762	181	4.99	2.22	24.87	2.77	8.28	0.87
X268550	Rettichsalat mit Sahne-Dressing	Radish salad with cream dressing	162	39	2	1	3	2.2	1.24	0.22
X462123	Gemüsesuppe gebunden	Vegetable soup thickened	175	42	2.4	1.4	3.5	1.3	1.2	0.65
K260282	Kartoffelpuffer tiefgefroren, gebraten ohne Fett (Pfanne)	Potato pancakes deep-frozen, fried without fat (pan)	757	179	1.81	0.23	34.32	1.54	5	1.04
X4A8010	Erbsen-Eintopf mit Gemüsebrühe, Suppengrün und Kartoffeln	Pea stew with vegetable stock, mirepoix and potatoes	349	83	1.4	0.2	10	2	5.09	0.548
Y626132	Leng paniert, gebraten	Ling breaded, fried	702	168	8	0.97	6.09	0.65	17.06	0.635
Y731263	Kräuteromelett gebraten mit Pfifferlingen	Herb omelette fried with chanterelles	684	165	13.08	2.38	0.7	0.59	10.65	0.508
W864000	Rinderbrust in Weißweinaspik	Beef brisket white-wine aspic	679	163	9.2	4.239	0.61	0.61	17.4	2
D9A4700	Quark-Vollkornplunder	Wholemeal Danish pastry with quark	1523	364	19.19	9.979	36	10.5	9.46	0.73
T930892	Fischfrikadelle (Alaska-Seelachs) paniert, tiefgefroren, frittiert	Fishcake (Alaska pollock) breaded, deep-frozen, deep-fried	749	178	6.73	0.5	18.6	0.42	10.2	1.122
Y860212	Zitronenwackelpudding	Lemon jelly	340	80	0.2	0.052	14.994	14.609	2.1	0.02
X327143	Käsesauce von Bechamelsauce	Cheese sauce from Bechamel sauce	508	122	9.2	6.2	4.75	2.15	4.86	0.692
Y869143	Hefepudding	Yeast pudding	1406	335	12.6	2.2	46	12.4	7.6	0.332
Y760152	Quarkklöße mit Süßkirschkompott, Zucker und Zimt	Quark dumplings with sweet cherry compote, sugar and cinnamon	615	146	3.92	2.22	21	12.74	6.01	0.16
Y639132	Rotzunge paniert, gebraten	Witch breaded, fried	724	173	9	1.04	6.61	0.72	15.58	0.705
N264000	Johannisbeernektarschorle	Currant juice spritzer	117	27	0	0.002	6.404	6.393	0.215	0.01
Y274333	Kalbslungenhaschee sauer mit Sauce	Veal lung ragout sour with sauce	397	95	4.8	1	3.23	0.4	9.41	0.59
W224082	Münchner Weißwurst gebraten ohne Fett (Pfanne)	Bavarian white sausage fried without fat (pan)	1228	297	27.515	6.35	0.09	0	12.198	1.998
X541563	Püree von Artischockenböden	Puree from artichoke bottoms	746	181	15.4	5.4	3.27	3.11	2.63	0.898
X454463	Grünkernsuppe geröstet	Green spelt soup roasted	147	35	1.6	0.2	3.6	1.4	1.04	0.705
G994262	Gemüsemischung asiatische Art, tiefgefroren, gebacken	Mixed vegetables Asian style, deep-frozen, baked	142	34	0.4	0.046	4	4	2.4	0.018
Y693312	Seezunge gebraten in Butter, mit Kaisergemüse und Salzkartoffeln	Sole fried in butter, with stewed mixed vegetables and boiled (salted) potatoes	341	81	2.3	0.5	6.23	1.33	8.16	0.385
Y663132	Zanderfilet paniert, gebraten	Pike-perch fillet breaded, fried	776	185	8.7	1.03	6.61	0.72	19.3	0.5
Y211033	Kalbslende gedünstet, mit Sauce	Veal loin stewed, with sauce	648	155	7.5	1.4	1.9	0.2	19.8	1
F2B1902	Aprikose mit Süßungsmitteln, Konserve, abgetropft	Apricot with artificial sweeteners, canned, drained	97	23	0.113	0.009	3.623	3.271	0.7	0.02
X741033	Eierteigwaren mit Gorgonzolasauce	Egg pasta with Gorgonzola sauce	698	166	7.9	4.3	16.73	0.75	6.6	0.715
S210600	Speiseeis (Frucht, Schokolade, Vanille) gemischt, in Waffeltüte	Ice cream mixed (chocolate, fruit, vanilla) in waffle cone	827	197	7.61	4.18	28.6	23.5	2.47	0.068
X466023	Wirsing-Eintopf mit Kartoffeln, Karotten und Speck	Savoy cabbage stew with potatoes, carrots and bacon	263	63	2.7	0.8	6	2.8	2.85	0.8
U040132	Schwein/Rind, Hackfleisch gemischt, gekocht	Pork/beef, mince mixed, boiled	1535	370	28.38	10.733	0	0	28.54	0.188
Y351023	Schweineroulade geschmort, mit Grundsauce dunkel/braun	Pork olive braised, with brown basic sauce	603	144	7.3	1.3	3.1	1.6	16	0.8
X465813	Grüne-Bohnen-Eintopf mit Gemüsebrühe, Kartoffeln, Birne und Speck	Green bean stew with vegetable stock, potatoes, pears and bacon	326	78	4.6	1.8	7	2	1.6	0.628
X466053	Wirsing-Eintopf mit Rindfleisch, Kartoffeln und Karotten	Savoy cabbage stew with beef, potatoes and carrots	274	65	1.7	0.6	6	2.5	5.7	0.308
X981452	Schinkenknödel	Ham dumplings	758	180	6.49	1.49	19.91	2.4	9.77	1.348
W256262	Fleischkäse grob, gebraten ohne Fett (Ofen)	Fleischkaese sausage coarsely minced, fried without fat (oven)	955	229	15.69	5.7	0.12	0	21.89	2
G750902	Sojabohne unreif (Edamame) Konserve, abgetropft	Soya bean immature (edamame) canned, drained	392	94	4.4	0.51	3.5	0.7	8.6	0.522
X456743	Ochsenschwanzsuppe gebunden	Oxtail soup thickened	473	114	7.2	2.9	3	1.5	7.8	0.322
F2A1902	Aprikose in Fruchtsaft, Konserve, abgetropft	Apricot in juice, canned, drained	152	36	0.148	0.014	6.7	6	0.8	0.005
F5A1902	Ananas in Fruchtsaft, Konserve, abgetropft	Pineapple in juice, canned, drained	172	41	0.1	0.029	8.1	7.8	0.7	0.008
X358140	Joghurt-Sahnesauce mit Kräutern für Salat	Yogurt-cream sauce with herbs for salad	382	92	6.7	3.7	3.8	3.8	3.16	0.4
Y291223	Ossobuco alla milanese (Kalbsbeinscheiben geschmort)	Ossobuco alla milanese (veal leg slices braised)	550	131	5.5	1.58	0.8	0.8	18.52	0.54
G581802	Kürbis gesäuert, abgetropft	Pumpkin pickled, drained	476	112	0.123	0.033	24.22	23.66	1.042	0.438
Y622812	Bratkartoffel-Fischpfanne mit Kabeljaufilet	Fried potatoes and fish pan with cod fillet	775	185	9.5	0.72	13.52	0.684	10.5	0.515
U010272	Rind Hackfleisch, tiefgefroren, gegrillt	Beef mince, deep-frozen, grilled	1260	303	22.009	9.931	0	0	26.197	0.175
H650902	Mungbohnensprossen/Mungbohnenkeimlinge, Konserve, abgetropft	Mung bean sprouts canned, drained	93	22	0.202	0	2.4	2.4	2.182	0.445
X061410	Laugenbrezel mit Butter	Pretzel with butter	1679	403	24.936	14.75	36	1.1	7.014	2.068
X696312	Weißes Bohnenpüree	Haricot bean puree	673	161	5	0.4	16	1.2	7.962	0.135
Y840343	Apfelkompott mit Weißwein und Sultaninen	Apple compote with white wine and sultanas	283	67	0.3	0.1	13.6	12.9	0.4	0.005
G994282	Gemüsemischung asiatische Art, tiefgefroren, gebraten ohne Fett (Pfanne)	Mixed vegetables Asian style, deep-frozen, fried without fat (pan)	178	42	0.4	0.058	5	5	3	0.022
Y301423	Kasseler Rücken gebraten im Ofen, mit Grundsauce dunkel/braun	Pork loin cured, fried in oven, with brown basic sauce	492	118	6.4	1.5	2.97	0.309	11.97	1.2
Y569523	Hähnchenschenkel gekocht, in Currysauce	Chicken thigh boiled, in curry sauce	519	124	8.2	2.7	1.77	0.28	10.86	0.442
S541600	Vollmilchschokolade gefüllt mit Nugat/Nougat/Noisette	Whole milk chocolate filled with nougat	2250	539	32.9	14.4	52.5	51.7	6.94	0.14
F597902	Ananas mit Süßungsmitteln, Konserve, abgetropft	Pineapple with artificial sweeteners, canned, drained	101	24	0.1	0.019	4.4	4.4	0.5	0.028
Y251323	Kalbsroulade gebraten, mit Grundsauce dunkel/braun	Veal olive fried, with brown basic sauce	649	156	10.3	2.7	3.23	0.97	12.12	1.132
F083902	Rhabarber ungesüßt, Konserve, abgetropft	Rhubarb unsweetened, canned, drained	39	9	0.072	0.015	0.629	0.523	0.314	0.005
Y8A4000	Grießbrei (als Dessert) mit Erdbeersauce roh	Semolina pudding (as dessert) with raw strawberry sauce	428	102	3	1.78	15.02	10.58	3.14	0.075
Y179032	Rinderzunge gekocht, mit Rosinensauce	Beef tongue boiled, with raisin sauce	652	157	10.6	3	4.2	2.1	10.8	0.325
W222772	Rindsbratwurst gegrillt	Beef-Bratwurst grilled	1041	251	22.174	9.578	0	0	12.982	1.952
Y634113	Seezungenfilet gedünstet, in Tomatensauce (aus Tomatenmark)	Sole fillet stewed, in tomato sauce (of tomato paste)	428	102	5	0.9	0.9	0.9	13.1	0.62
X746023	Eier-Frischteigwaren, grün, mit Gorgonzolasauce	Fresh egg pasta with semolina, green, with Gorgonzola sauce	789	189	11.2	5.8	13.5	0.64	7.9	0.93
W211400	Berner Würstchen	Berner small sausage (with bacon and cheese)	1071	259	22.6	9.2	0.15	0.098	13.6	2.5
X7A3000	Maultaschen mit Spinatfüllung gegart	Spinach-filled pasta squares cooked	403	96	2.53	0.43	13	0.6	4.4	0.37
G891202	Senfgurke gesäuert, abgetropft	Mustard cucumber pickled, canned, drained	185	44	0.198	0.068	7.97	7.97	1.052	1.218
X328312	Carbonara Sauce	Carbonara sauce	1158	279	21.66	8.83	0.3	0.3	20.47	2
G720802	Wachsbohne gesäuert, abgetropft	Wax bean pickled, drained	172	41	0.2	0	6.5	5.71	1.6	1.19
K713902	Pfifferling Konserve, abgetropft	Chanterelle canned, drained	99	24	0.69	0.054	0.643	0.188	2.083	0.412
X572143	Linsengemüse gekocht, mit Suppengrün und Speck	Lentils boiled, with mirepoix and bacon	342	81	1.8	0.46	9	0.9	5.35	0.2
G090282	Gemüsemischung Kaisergemüse, tiefgefroren, gebraten ohne Fett (Pfanne)	Mixed vegetables (carrots, cauliflower and broccoli florets) deep-frozen, fried without fat (pan)	223	53	0.637	0.127	6.5	4.64	3.446	0.068
W253200	Tiroler/Tiroler Schinkenwurst	Tyrolean ham bologna	444	106	3.54	1.417	0.11	0	18.28	2
W231862	Kalbfleischkäse gebraten ohne Fett (Ofen)	Veal fleischkaese sausage with pork, fried without fat (oven)	1498	362	33.54	13.06	0.13	0	14.95	2.075
X262540	Karottensalat (roh) mit Saure-Sahne-Dressing	Carrot salad (raw) with sour cream dressing	266	64	3	1.4	6.2	6.1	1.5	0.42
S244400	Speiseeis (Frucht, Nuss, Vanille) gemischt	Ice cream mixed (fruit, vanilla, nut)	785	187	7.7	5.254	26.5	23	2.02	0.065
K311282	Kartoffeltaschen mit Frischkäsefüllung, tiefgefroren, gebraten ohne Fett (Pfanne)	Potato pockets with cream cheese filling, deep-frozen, fried without fat (pan)	1260	301	15.92	5.2	34	2.8	4.31	1.85
X2A1030	Coleslaw (Weißkrautsalat amerikanisch) mit Saure-Sahne-Dressing	Coleslaw with sour cream dressing	224	54	2.4	1.2	4.9	4.8	1.72	0.32
R9A4100	Schokobuttercreme gestreckt, für Gebäck/Torten	Chocolate butter cream, egg-free, light, for pastry/tortes	1448	350	29.3	18.6	17.9	14.8	2.94	0.092
Y373223	Schweinelebergeschnetzeltes mit Apfel, Zwiebeln und Grundsauce dunkel/braun	Pork liver ragout with apple, onions and brown basic sauce	457	109	4.8	0.9	6.6	2.81	9.37	0.472
W254042	Jagdwurst/Schinkenwurst grob, geschmort ohne Fett	Jagdwurst sausage/ham bologna coarsely minced, braised without fat	868	209	16.299	5.78	0.08	0	15.461	1.8
Y640432	Lachs gedämpft mit Joghurt-Dip mit Rosmarin	Salmon steamed with yogurt-rosemary dip	520	125	8.1	2.7	1.7	1.7	10.62	0.32
Y660422	Rotbarsch paniert, gebraten	Redfish breaded, fried	801	192	11.1	1.5	6.61	0.72	15.5	0.625
W320100	Leberrolle	Liver roll (liver sausage)	985	237	18.56	7.09	0.52	0.17	17	1.8
Y9A2030	Tartufo di Pizzo (mit Nuss- und Schokoladeneis)	Tartufo di Pizzo (with nut and chocolate ice cream)	967	231	10.6	4.18	29	27.7	4.4	0.085
T213802	Alaska-Pollack/Alaska-Seelachs, in Öl, Präserve, abgetropft	Alaska pollock in oil, semi-preserved, drained	1131	274	26.01	1.94	0	0	9.9	5.208
D321000	Joghurtsahnetorte (Biskuit und Mürbeteig)	Yogurt cream torte (sponge cake and shortcrust pastry)	1092	261	15.5	8.34	25.1	18.8	4.7	0.102
X465663	Grüne-Bohnen-Eintopf mit Gemüsebrühe, Kartoffeln und Hammelfleisch	Green bean stew with vegetable stock, potatoes and mutton	343	82	4.5	2.1	6	1.3	3.8	0.428
Y845953	Apfelkompott mit Rosinen und Mandeln	Apple compote with raisins and almonds	307	73	2	0.3	11.2	10.4	1.2	0.005
Y662433	Schwertfisch gebraten, mit gedünstetem Paprika-Tomaten- und Gurkengemüse	Swordfish fried, with stewed sweet-peppers, tomatoes and cucumbers	362	86	3.6	0.5	2.3	2.3	10.31	0.95
K282292	Kartoffelkroketten tiefgefroren, frittiert	Potato croquettes deep-frozen, deep-fried	1330	320	21.91	3.9	24.16	1.2	5.12	1.2
X465623	Grüne-Bohnen-Eintopf mit Gemüsebrühe, Kartoffeln, Rindfleisch und Speck	Green bean stew with vegetable stock, potatoes, beef and bacon	390	94	5.4	2.2	6	1.3	4.7	0.635
D771100	Erdbeer-Sahneschnitten (Blätterteig)	Strawberry-cream square (puff pastry)	1198	289	22.8	10.36	17.08	5.056	2.69	0.19
Y161013	Rinderbraten mit Sauce	Beef roast with sauce	576	138	7.2	2.1	1.6	1.6	16	0.582
F321902	Johannisbeere rot, gezuckert, Konserve, abgetropft	Red currant sugared, canned, drained	286	67	0.106	0.022	14.58	14.58	0.729	0.005
S244200	Speiseeis (Frucht, Kaffee, Schoko, Vanille) gemischt	Ice cream mixed (chocolate, vanilla, coffee, fruit)	763	182	7.5	4.06	25	22.3	2.7	0.075
X427153	Fleischbrühe mit Leberspätzle/Leberreis	Meat stock with liver spaetzle	264	63	1.5	0.6	7.88	0.11	4.13	0.552
Y692943	Ragout fin mit Rotbarsch	Ragout fin with redfish	443	106	6.3	2.7	1.1	0.57	10.8	0.658
D340200	Traubentorte (Sandmasse) mit Vanillecreme und Klarguss	Grape torte (sand cake batter) with vanilla cream and gelatin glaze	737	176	7.73	4.54	23.2	15.9	2.4	0.082
W251200	Norddeutsche Kochmettwurst	North German Kochmettwurst sausage (cooked)	811	195	14.92	5.81	0.12	0	15.07	2
X6A1000	Kartoffeln gekocht, mit gebratenem Hähnchenfleisch und Kräutersauce von Bechamelsauce	Potatoes boiled, with fried chicken and herb sauce from Bechamel sauce	411	97	2.2	1.1	10.18	1.04	8.83	0.162
Y720863	Rührei gebraten mit Käse und Kochschinken	Scrambled eggs fried with cheese and boiled ham	914	220	16.88	4.49	0.42	0.41	16.4	0.978
X703012	Eier-Frischteigwaren Ravioli, mit Hackfleischfüllung, in Tomatensauce von heller/weißer Grundsauce	Fresh egg pasta Ravioli with minced meat filling, in tomato sauce from white basic sauce	477	114	4.1	1.5	13	1	5.5	0.552
Y299113	Kalbskeule geschmort, mit Sahnesauce von dunkler/brauner Grundsauce	Leg of veal braised, with cream sauce from brown basic sauce	440	105	4.1	0.9	2.7	1.2	13.7	0.8
Y621922	Kabeljau gebraten, mit gedünstetem Paprika-Tomatengemüse	Cod fried, with stewed sweet peppers and tomatoes	280	66	1.6	0.18	4.2	3.2	7.9	0.63
Y9A2050	Vanillecremeeis mit Schlagsahne und frischen Erdbeeren	Vanilla ice cream (with egg) with whipped cream and fresh strawberries	628	151	11.43	5.88	8.97	8.79	2.3	0.055
Y279033	Kalbszunge gekocht, mit Weißweinsauce von heller/weißer Grundsauce und saurer Sahne	Veal tongue boiled, with white wine sauce from white basic sauce and sour cream	475	114	7.4	3.1	1.4	0.3	9.89	0.5
Y846653	Milchreis mit Milch 3,5 % Fett und Aprikosenkompott	Rice pudding with milk 3.5 % fat and apricot compote	490	116	2.34	1.427	19.7	7.36	3.7	0.078
D720700	Preiselbeer-Stracciatella-Sahne-Kranz (Brandmasse)	Lingonberry-stracciatella-cream ring cake (choux pastry)	1258	302	18.6	9.87	27.7	17.9	5.1	0.132
X613043	Kartoffelgemüse mit Kräutersauce von heller/weißer Grundsauce	Potatoes with herb sauce from white basic sauce	330	79	3	1.8	10.7	0.86	1.56	0.29
Y301213	Kasseler Rippenspeer gekocht, mit Sauerkraut	Pork loin spare ribs cured, boiled, with sauerkraut	241	58	2.42	0.62	1.45	1.33	5.59	1
Y023113	Leberwürste erwärmt	Liver sausages heated	1472	356	31.744	12.46	0.59	0.23	16.83	1.968
X444143	Gemüsecremesuppe	Cream of vegetable soup	261	63	4.5	2.5	4.08	1.62	1.17	0.45
Y623312	Seelachsfilet paniert, gebraten	Saithe fillet breaded, fried	758	181	9.4	1.34	6.09	0.65	17.3	0.53
X447313	Tomatensuppe aus Tomatenmark, Gemüsebrühe und Teigwaren eifrei	Tomato soup of tomato paste, vegetable stock and pasta egg-free	214	51	2.6	1.5	5.6	1.3	1.1	0.688
X702612	Vollkorn-Eier-Frischteigwaren mit gedünstetem Kaisergemüse	Fresh wholemeal egg pasta with stewed mixed vegetables	398	95	2.9	0.4	11.47	1.53	4.19	0.305
X4A8100	Weiße-Bohnen-Eintopf mit Speck	Haricot bean stew with bacon	369	88	3.5	0.9	8	1.7	4.4	0.8
X371143	Sauce Bearnaise/Bearner Sauce	Bearnaise sauce	874	212	21.1	11.8	1.03	0.95	2.9	0.382
S211800	Speiseeis (Frucht, Karamell) gemischt, in Waffeltüte	Ice cream mixed (caramel, fruit) in waffle cone	750	178	5.82	2.75	28.1	24.2	2.7	0.052
G582802	Zucchini gesäuert, abgetropft	Courgette pickled, drained	144	34	0.3	0.064	5.5	5.5	1.1	1.188
G410702	Artischocke in Öl, Konserve, abgetropft	Artichokes in oil, canned, drained	1046	254	22.823	1.62	3.02	2.82	2.559	1.35
Y881743	Quarkklöße gefüllt mit Aprikosen	Quark dumplings filled with apricots	559	133	3.53	1.99	18.4	10.97	5.6	0.148
X201200	Gemischter Salat mit Sahne-Dressing	Mixed salad with cream dressing	176	42	2.2	1	2.8	2.5	1.7	0.4
T930182	Fischstäbchen (Alaska-Seelachs) paniert, tiefgefroren, gebraten ohne Fett (Pfanne)	Fish fingers (Alaska pollock) breaded, deep-frozen, fried without fat (pan)	874	209	9.437	1.35	16.5	1.1	13.908	0.718
X992133	Couscous mit Butter	Couscous with butter	875	209	7.773	3.05	28.48	0.468	4.888	0.162
F023700	Mehrfruchtnektar mit Süßungsmitteln, angereichert mit Vitaminen (Multivitaminnektar)	Mixed fruit nectar with artificial sweeteners, fortified with vitamins (multivitamin nectar)	94	22	0	0.006	5.36	5.075	0.2	0.008
Y693932	Fish and Chips (mit Rotbarsch)	Fish and chips (with redfish)	925	221	11.6	1.4	17.7	1.09	10.7	0.698
X1A1050	Rote-Bete-Salat (gegart) mit Zitronenmarinade	Beetroot salad (cooked) with lemon marinade	453	109	8.2	0.61	5.88	5.85	1.67	0.448
G570802	Zuckermais gesäuert, abgetropft	Sweetcorn pickled, drained	283	67	0.962	0.129	10.1	6.35	2.563	1.19
Y180012	Rindfleisch gekocht, mit Rotweinsauce	Beef boiled, with red wine sauce	518	124	5.9	1.9	2.41	0.3	14.74	0.378
K311262	Kartoffeltaschen mit Frischkäsefüllung, tiefgefroren, gebacken	Potato pockets with cream cheese filling, deep-frozen, baked	1181	282	14.88	4.87	32	2.7	4.03	1.73
D7A7400	Pudding-Plunder	Danish pastry with pudding	1343	321	16.48	8.64	36	13.04	6.4	0.6
Y8B1012	Vanillepudding, Flammeri, zubereitet aus Pulver und Milch 3,5 % Fett, mit Süßstoff	Vanilla pudding made from powder with milk 3.5 % fat, with artificial sweetener	369	88	3.56	2.252	10.19	4.1	3.65	0.18
T820802	Bismarckhering Präserve, abgetropft	Herring pickled, semi-preserved, drained	936	225	16	2.924	2.68	2.68	16.5	2.725
X673042	Kartoffelklöße von gekochten Kartoffeln	Potato dumplings from boiled potatoes	577	137	2.62	1.35	23.4	0.67	3.8	0.438
X201740	Gurkensalat mit Saure-Sahne-Dressing	Cucumber salad with sour cream dressing	172	41	2.3	1.1	2.9	2.9	1.53	0.3
F240902	Süßkirsche mit Süßungsmitteln, Konserve, abgetropft	Sweet cherry with artificial sweeteners, canned, drained	139	33	0.251	0.056	6.35	5.66	0.7	0.025
G560900	Tomate Konserve	Tomato canned	82	19	0.2	0.021	2.536	2.498	1.15	0.215
X636212	Kartoffel-Rosenkohlpüree mit Milch 3,5 % Fett	Puree of potatoes and brussels sprouts with milk 3.5 % fat	336	80	2.55	1.586	10.76	1.7	2.65	0.25
T935262	Schlemmerfilet Bordelaise (Alaska-Seelachs) tiefgefroren, gebraten ohne Fett (Ofen)	Fish bake Bordelaise style (Alaska pollock) deep-frozen, fried without fat (oven)	551	132	7.6	1.3	6.12	0.35	9.6	0.935
Y891542	Schaumeierkuchen (Omelette souffle) gebraten, gefüllt mit Konfitüre	Omelette souffle fried, filled with jam	1047	250	13.3	5.83	23.8	21.6	8.4	0.235
Y682333	Hummer gegart, in Currysauce von heller/weißer Grundsauce	Lobster cooked, in curry sauce from white basic sauce	364	87	4.1	1.4	1.37	0.24	10.07	0.95
X1A3040	Reissalat mit Gemüse, Früchten, Curry und Zitronenmarinade	Curried rice salad with vegetables, fruits and lemon marinade	369	88	2.4	0.2	13.8	2.2	1.9	0.04
F591902	Ananas ungesüßt, Konserve, abgetropft	Pineapple unsweetened, canned, drained	101	24	0.1	0.019	4.4	4.4	0.5	0.008
Y8A4020	Grießbrei (als Dessert) mit Kirschsauce	Semolina pudding (as dessert) with cherry sauce	430	102	2.4	1.45	16.44	11.74	3.11	0.072
F211902	Süßkirsche gezuckert, Konserve, abgetropft	Sweet cherry sugared, canned, drained	285	67	0.251	0.056	15.01	14.32	0.7	0.002
T930882	Fischfrikadelle (Alaska-Seelachs) paniert, tiefgefroren, gebraten ohne Fett (Pfanne)	Fishcake (Alaska pollock) breaded, deep-frozen, fried without fat (pan)	545	129	1.73	0.2	17.9	0.4	9.8	1.08
F505902	Feige gezuckert, Konserve, abgetropft	Fig sugared, canned, drained	286	68	0.399	0.071	14.3	14.3	0.996	0.005
X322163	Pilzsauce von heller/weißer Grundsauce	Mushroom sauce from white basic sauce	297	72	5.2	3	3.77	1.36	1.7	0.56
D720300	Sahne-Eclairs (Brandmasse)	Cream éclairs (choux pastry)	1219	293	21.31	11.2	18.39	4.986	6.44	0.175
E605332	Schupfnudeln eifrei, gekocht	Finger-shaped pasta egg-free, boiled	653	154	0.46	0.1	32.01	0.478	4.36	1.485
F3A4902	Heidelbeere mit Süßungsmitteln, Konserve, abgetropft	Blueberry with artificial sweeteners, canned, drained	83	20	0.318	0.029	2.61	2.61	0.3	0.02
W222182	Bratwurst mittelgrob, gebraten ohne Fett (Pfanne)	Bratwurst medium-coarsely minced, fried without fat (pan)	1444	349	30.4	7.71	0.1	0	18.62	2.177
K392282	Kartoffel-Speck-Rösti tiefgefroren, gebraten ohne Fett (Pfanne)	Potato rösti with bacon, deep-frozen, fried without fat (pan)	1221	292	13.97	2.2	34	1.6	6.28	1.688
W850500	Wurstsülze	Jellied sausage	704	170	13.7	4.82	0.12	0.09	11.3	1.8
Y321323	Schweinekotelett gedünstet, mit Grundsauce dunkel/braun	Pork chop stewed, with brown basic sauce	906	218	14.8	3.4	2.4	0.4	18.43	0.52
S201400	Speiseeis (Frucht, Schokolade) gemischt, in Waffeltüte	Ice cream mixed (chocolate, fruit) in waffle cone	833	198	6.53	2.84	31	25.6	2.51	0.052
U050162	Rind/Schwein, Hackfleisch gemischt, gebraten ohne Fett (Ofen)	Beef/pork, mince mixed, fried without fat (oven)	1403	338	25.28	10.483	0	0	27.5	0.192
X336443	Senfsauce von dunkler/brauner Grundsauce	Mustard sauce from brown basic sauce	312	75	5.1	0.4	5.52	0.64	1.32	0.795
Y2A3000	Kalbsroulade geschmort, mit Rotweinsauce von dunkler/brauner Grundsauce	Veal olive braised, with red wine sauce from brown basic sauce	596	142	7.2	1.8	3.43	0.47	15.55	0.73
X328563	Muschelsauce von heller/weißer Grundsauce	Mussel sauce from white basic sauce	273	65	3.7	2	2.1	0.5	5.79	0.95
F515902	Litschi gezuckert, Konserve, abgetropft	Lychee sugared, canned, drained	289	68	0.239	0	15.3	15.1	0.65	0.005
E607182	Grießklößchen getrocknet, gekocht, gebraten ohne Fett (Pfanne)	Semolina dumplings dried, boiled, fried without fat (pan)	592	141	5.76	2.98	14.6	2.99	7.25	0.22
Y371013	Schweineherz gespickt, gedünstet, mit Sahnesauce von dunkler/brauner Grundsauce	Larded pork heart stewed, with cream sauce from brown basic sauce	778	187	12.6	3.5	3.1	0.8	14.9	0.982
X566412	Sellerie gekocht, mit Sahne	Celeriac boiled, with cream	128	31	0.8	0.3	2.5	2	1.43	0.45
Y946162	Schaschlik mit Pommes frites und Tomatenketchup	Shashlik with potato chips and tomato ketchup	732	175	8.47	1.71	11.49	4.02	12.29	0.8
K750282	Mischpilze tiefgefroren, gebraten ohne Fett (Pfanne)	Mixed mushrooms deep-frozen, fried without fat (pan)	292	70	0.7	0.083	4.44	2	7.2	0.025
Y856453	Weingelee mit Ananas	Wine jelly with pineapple	333	79	0	0.006	15.75	15.75	1.2	0.01
Y352112	Schweinebraten mit Grundsauce dunkel/braun	Pork roast with brown basic sauce	770	185	11.7	3.6	2.2	0.9	17.2	0.545
Y379032	Schweinezunge gekocht, mit Weißweinsauce von heller/weißer Grundsauce	Pork tongue boiled, with white wine sauce from white basic sauce	556	134	8.9	3.5	1.59	0.3	11.07	0.412
G331902	Kohlrabi Konserve, abgetropft	Kohlrabi canned, drained	76	18	0.111	0.019	2.27	2.16	1.34	0.548
G093232	Suppengrün/Suppenkraut, tiefgefroren, gekocht	Mirepoix deep-frozen, boiled	128	31	0.314	0.058	3.2	3.1	2.019	0.105
W391200	Wildbretpastete mit Hirschfleisch	Game pate with venison meat	526	126	6.73	2.46	0.08	0	16.19	1.8
E608082	Böhmische Knödel gekocht, gebraten ohne Fett (Pfanne)	Bohemian dumplings boiled, fried without fat (pan)	1007	240	8.76	4.67	30.53	2.22	8.69	0.922
Y943032	Currywurst mit Curryketchup	Curried bratwurst with curry ketchup	842	202	14.66	4.89	8.16	8	8.77	2.05
D300400	Nuss-Sahnetorte (Biskuit)	Nut cream torte (sponge cake)	1391	335	26.1	10.37	18	13.7	6.4	0.102
X461713	Linsen-Eintopf mit Suppengemüse, Kartoffeln und Wiener Würstchen	Lentil stew with vegetables, potatoes and Vienna sausages	624	149	6	1.7	13.4	1.4	7.81	0.785
X462313	Linsen-Eintopf mit Speck	Lentil stew with bacon	616	147	4.8	1.2	14.4	1.7	8.52	1
K392262	Kartoffel-Speck-Rösti tiefgefroren, gebacken	Potato rösti with bacon, deep-frozen, baked	1352	323	16.25	2.5	36	1.7	6.93	1.925
W874600	Debreziner Würstchen Konserve	Debreziner sausage canned	800	192	14.6	5.68	0	0	15.25	2
W256232	Fleischkäse grob, gekocht	Fleischkaese sausage coarsely minced, boiled	717	172	11.53	4.19	0.09	0	16.94	1.2
Y695112	Fischstäbchen (mit Alaska-Seelachs) gebraten	Fish fingers (with Alaska pollock) fried	1066	255	15.409	1.73	15.57	1.04	13.121	0.678
K750902	Mischpilze Konserve, abgetropft	Mixed mushrooms canned, drained	173	42	0.3	0.052	2.45	1.1	4.3	0.72
X465253	Weiße-Bohnen-Suppe mit Speck	Haricot bean soup with bacon	319	76	3	0.8	6.7	1	4.01	0.8
Y695623	Hamburger Pannfisch, mit Rotbarsch	Hamburg fried fish (fried redfish with fried potatoes and mustard sauce)	754	181	11.59	2.65	9.79	1.05	8.4	0.8
X652912	Kartoffelkroketten	Potato croquettes	1028	246	12.08	1.24	26.88	0.95	5.95	0.29
X449613	Kartoffelsuppe mit Gemüsebrühe, gebunden	Potato soup with vegetable stock, thickened	261	62	1.8	0.1	10	1	1.11	0.455
Y744123	Eierfrikassee mit Blumenkohl und Spargel in Grundsauce hell/weiß, dazu Risotto	Egg fricassee with cauliflower and asparagus in white basic sauce, with risotto	374	89	4.4	1.5	7.2	1.22	4.96	0.458
U010232	Rind Hackfleisch, tiefgefroren, gekocht	Beef mince, deep-frozen, boiled	1245	299	20.488	9.244	0	0	28.653	0.132
R9A4000	Mokkabuttercreme gestreckt, für Gebäck/Torten	Mocha butter cream, egg-free, light, for pastry/tortes	1258	304	25.7	16.4	15.1	11.74	2.7	0.105
F3B2902	Himbeere ungesüßt, Konserve, abgetropft	Raspberry unsweetened, canned, drained	60	14	0.151	0.005	1.3	1.3	0.5	0.004
W222782	Rindsbratwurst gebraten ohne Fett (Pfanne)	Beef-Bratwurst fried without fat (pan)	886	214	18.78	8.112	0	0	11.228	1.808
G530902	Okra Konserve, abgetropft	Okra canned, drained	53	13	0.1	0	0.6	0.6	1.2	0.532
T932282	Seelachs im Backteig, tiefgefroren, gebraten ohne Fett (Pfanne)	Saithe/pollack, in frying batter, deep-frozen, fried without fat (pan)	1159	277	13.54	1.37	22.09	0.71	15.85	1.012
G920902	Gemüsemischung Leipziger Allerlei, Konserve, abgetropft	Mixed vegetables "Leipziger Allerlei", canned, drained	187	44	0.385	0.073	5.75	2.05	2.639	0.545
H730902	Linse reif, Konserve, abgetropft	Lentil mature, canned, drained	501	119	0.7	0.1	15.4	0.5	9.036	0.623
U012282	Rind Hackfleisch, tiefgefroren, gebraten ohne Fett (Pfanne)	Beef mince, deep-frozen, fried without fat (pan)	1260	303	21.853	9.86	0	0	26.577	0.148
Y860453	Karamellflammeri/Karamellpudding, mit Vanillesauce	Caramel pudding with vanilla sauce	594	141	4.57	2.38	21.05	15.48	3.9	0.112
G567702	Tomate getrocknet, in Öl, Konserve, abgetropft	Tomato dried, in oil, canned, drained	1222	293	16.316	1.23	23.33	23.33	6.487	3.305
G090252	Gemüsemischung Kaisergemüse, tiefgefroren, gedünstet	Mixed vegetables (carrots, cauliflower and broccoli florets) deep-frozen, stewed	165	39	0.469	0.093	4.8	3.42	2.537	0.05
G994242	Gemüsemischung asiatische Art, tiefgefroren, geschmort ohne Fett	Mixed vegetables Asian style, deep-frozen, braised without fat	132	31	0.3	0.044	3.8	3.8	2.2	0.018
G992232	Gemüsemischung Erbsen-Karotten, tiefgefroren, gekocht	Mixed vegetables peas and carrots, deep-frozen, boiled	253	60	0.426	0.094	8.631	3.528	3.3	0.025
X532142	Broccoli gedünstet, mit gerösteten Semmelbröseln	Broccoli stewed, with roasted breadcrumbs	416	100	6.31	0.55	5.1	1.58	4.06	0.262
Y271133	Kalbsherz gefüllt, gedünstet, mit Sahnesauce von dunkler/brauner Grundsauce	Veal heart filled, stewed, with cream sauce from brown basic sauce	739	177	11.1	3.1	5.5	0.9	13.4	1.045
S221000	Speiseeis (Frucht, Karamell, Vanille) gemischt	Ice cream mixed (caramel, fruit, vanilla)	713	170	6.36	3.85	25.2	23	2.3	0.068
Y862763	Grießflammeri/Grießpudding, mit Ei und Mandeln	Semolina pudding with egg and almonds	569	136	6.31	2.2	13.53	7.9	5.8	0.135
T105702	Sardine in Öl, Konserve, abgetropft	Sardine in oil, canned, drained	924	222	13.9	2.4	0	0	24.1	0.915
T780702	Europäische Auster in Öl, Konserve, abgetropft	European oyster in oil, canned, drained	362	87	5.02	0.7	1.508	0	8.865	0.705
W256162	Leberkäse gebraten ohne Fett (Ofen)	Leberkaese sausage fried without fat (oven)	1213	293	26.421	8.9	0.2	0	13.626	1.498
X635253	Kartoffel-Karottenpüree mit Milch 3,5 % Fett	Puree of potatoes and carrots with milk 3.5 % fat	343	82	2.62	1.633	11.7	2.5	2.15	0.262
N277000	Mehrfruchtsaftschorle angereichert mit Vitaminen (Multivitaminsaftschorle)	Multi-fruit juice spritzer fortified with vitamins (multivitamin juice spritzer)	93	22	0	0.007	5.3	5	0.2	0.006
F517902	Papaya gezuckert, Konserve, abgetropft	Papaya sugared, canned, drained	248	58	0.079	0.024	13.2	13.2	0.5	0.02
T930862	Fischfrikadelle (Alaska-Seelachs) paniert, tiefgefroren, gebraten ohne Fett (Ofen)	Fishcake (Alaska pollock) breaded, deep-frozen, fried without fat (oven)	600	142	1.93	0.2	19.5	0.44	10.9	1.202
F130902	Birne gezuckert, Konserve, abgetropft	Pear sugared, canned, drained	358	84	0.176	0.041	19.48	17.839	0.475	0.022
U050132	Rind/Schwein, Hackfleisch gemischt, gekocht	Beef/pork, mince mixed, boiled	1452	349	25.88	10.73	0	0	29.11	0.195
F313902	Weintraube weiß, ungesüßt, Konserve, abgetropft	Grape white, unsweetened, canned, drained	95	22	0.114	0.025	4.53	4.53	0.384	0.005
T934262	Alaska-Seelachs paniert, tiefgefroren, gebraten ohne Fett (Ofen)	Alaska pollock breaded, deep-frozen, fried without fat (oven)	684	163	5.54	0.6	16.21	0.92	11.4	1.105
G488802	Silberzwiebel gesäuert, abgetropft	Silverskin onion pickled, drained	191	45	0.124	0.018	8.51	8.51	0.974	1.198
G730902	Dicke Bohne unreif, Konserve, abgetropft	Broad bean immature, canned, drained	212	51	0.6	0.115	4.3	0.9	4.4	0.548
Y373323	Schweineleberschnitten gedünstet, mit Sahnesauce von dunkler/brauner Grundsauce	Pork liver slices stewed, with cream sauce from brown basic sauce	749	180	11.5	2.1	3.2	0.8	15.32	0.425
Y864053	Grießflammeri/Grießpudding, mit Ei und Kirschsauce	Semolina pudding with egg and cherry sauce	488	116	3.9	1.8	15.47	10.3	4.4	0.12
K391282	Kartoffelrösti tiefgefroren, gebraten ohne Fett (Pfanne)	Potato rösti (fried grated potatoes) deep-frozen, fried without fat (pan)	1160	276	10.815	0.83	40.2	2.7	3.261	1.308
X702142	Vollkorn-Eier-Frischteigwaren mit Mandelpesto	Fresh wholemeal egg pasta with almond pesto	856	205	11.92	2.15	14	0.6	8.64	0.412
Y563112	Cordon bleu vom Hähnchen gebraten	Chicken cordon bleu fried	901	215	10.8	3.28	8.11	0.81	20.7	0.66
Y839312	Bananenkompott mit Süßstoff	Banana compote with artificial sweetener	287	68	0.4	0.067	13.47	11.78	1.139	0.02
K750262	Mischpilze tiefgefroren, gebacken	Mixed mushrooms deep-frozen, baked	247	60	0.6	0.068	3.76	1.69	6.1	0.02
C492082	Mehrkornschrot gekocht, gebraten ohne Fett (Pfanne)	Grain mix coarse meal, boiled, fried without fat (pan)	272	65	0.6	0.11	11.3	0.254	2.19	0.002
Y392023	Schweineschulter gekocht, mit Kräutersauce von heller/weißer Grundsauce	Pork shoulder boiled, with herb sauce from white basic sauce	536	128	7.1	3.2	1.86	0.47	14.12	0.952
T934282	Alaska-Seelachs paniert, tiefgefroren, gebraten ohne Fett (Pfanne)	Alaska pollock breaded, deep-frozen, fried without fat (pan)	753	179	6.09	0.7	17.8	1.02	12.6	1.212
F3B5902	Stachelbeere ungesüßt, Konserve, abgetropft	Gooseberry unsweetened, canned, drained	99	24	0.118	0.011	3.937	2.892	0.658	0.005
D780500	Marzipan-Plunder	Danish pastry with marzipan	2170	520	32.1	12.26	48	23.588	8.24	0.598
X262712	Karottensalat (roh) mit Zitronenmarinade	Carrot salad (raw) with lemon marinade	539	130	11.2	0.88	5.05	4.97	0.68	0.225
X462063	Gemüsesuppe mit Kartoffeln und Rindfleisch	Vegetable soup with potatoes and beef	175	42	1.8	0.5	2.5	1.6	3.5	0.542
F401902	Preiselbeere gezuckert, Konserve, abgetropft	Lingonberry sugared, canned, drained	696	164	0.448	0.055	38.326	38.292	0.733	0.005
Y880453	Quarkauflauf mit Fruchtsauce	Quark casserole with fruit sauce	522	124	4.6	2.3	16.6	13.1	3.5	0.075
F3A3902	Brombeere ungesüßt, Konserve, abgetropft	Blackberry unsweetened, canned, drained	66	16	0.1	0	2.7	1.4	0.66	0.005
S535000	Milchschokolade gefüllt mit Nugat/Nougat/Noisette	Milk chocolate filled with nougat	2201	527	30.9	13.2	53.5	52.4	7.2	0.14
Y021113	Pfälzer Bratwurst gebraten, in Grundsauce dunkel/braun	"Palatine" bratwurst fried, in brown basic sauce	805	194	16.8	5.2	1.87	0.007	8.85	1.58
G760902	Erbse grün, Konserve, abgetropft	Pea green, canned, drained	258	61	0.485	0.088	6.628	4.343	4.985	0.288
Y610712	Backfisch-Brötchen mit Kabeljau	Baked fish roll with cod	954	228	11.6	1.2	17.7	1.1	12.1	0.702
F6B6902	Mandarine mit Süßungsmitteln, Konserve, abgetropft	Mandarin with artificial sweeteners, canned, drained	118	28	0.269	0.039	4.609	4.609	0.858	0.028
X465953	Weiße-Bohnen-Suppe mit Karotten	Haricot bean soup with carrots	249	59	1.1	0.1	7.9	1.4	2.78	0.372
Y613312	Makrele gedünstet, pikante Art	Mackerel stewed, savory style	852	205	14.1	5.55	0.9	0.9	18.2	0.39
Y854312	Rote Grütze mit Süßstoff	Red fruit jelly with artificial sweetener	265	63	0.3	0.035	11.5	7.1	1.1	0.015
H720902	Kichererbse reif, Konserve, abgetropft	Chickpea mature, canned, drained	569	136	2.7	0.363	15.5	1.2	7.5	0.562
Y946062	Schaschlik mit Brötchen und Tomatenketchup	Shashlik with roll and tomato ketchup	723	172	7.3	1.91	10.68	3.9	15.2	1
Y8A7010	Pfannkuchen/Eierkuchen, mit Milch 3,5 % Fett und Rosinen, gebraten	Pancakes with milk 3.5 % fat and raisins, fried	1126	268	11	5.6	33.4	13.4	7.8	0.198
D7A7500	Quark-Plunder	Danish pastry with quark	1664	398	20.24	10.46	43	11.6	9.63	0.78
Y672413	Hecht gedünstet, mit Weißweinsauce von heller/weißer Grundsauce und saurer Sahne	Pike stewed, with white wine sauce from white basic sauce and sour cream	458	110	6.1	1.1	1.9	0.9	11.3	0.45
F341902	Erdbeere mit Süßungsmitteln, Konserve, abgetropft	Strawberry with artificial sweeteners, canned, drained	71	17	0.28	0.022	2.116	2.095	0.551	0.022
G890902	Cornichons gesäuert, abgetropft	Cornichons pickled, canned, drained	139	33	0.175	0.057	5.58	5.58	0.925	1.19
F640902	Mandarine ungesüßt, Konserve, abgetropft	Mandarin unsweetened, canned, drained	117	28	0.269	0.039	4.609	4.609	0.858	0.008
F3A5902	Stachelbeere mit Süßungsmitteln, Konserve, abgetropft	Gooseberry with artificial sweeteners, canned, drained	99	24	0.118	0.011	3.937	2.892	0.658	0.02
G650902	Schwarzwurzel Konserve, abgetropft	Black salsify canned, drained	157	38	0.327	0.038	4.6	1.43	1.062	0.53
Y8A5050	Sahneflammeri/Sahnepudding (als Dessert) mit Kirschsauce	Cream pudding (as dessert) with cherry sauce	886	212	13.1	6.79	20.04	13.69	3.2	0.115
X3A7070	Mayonnaise, gestreckt mit süßer Sahne	Mayonnaise, diluted with whipping cream	2117	514	55.2	11.64	1.92	1.92	2.2	0.67
G620802	Karotte/Möhre, gesäuert, abgetropft	Carrot pickled, drained	209	50	0.463	0.086	8.655	8.578	0.463	1.338
T710902	Edelkrebs/Flusskrebs, Konserve, abgetropft	Crayfish canned, drained	330	78	0.638	0.091	0	0	18	0.89
F092902	Fruchtmischung/Fruchtcocktail, mit Süßungsmitteln, Konserve, abgetropft	Fruit mix/fruit cocktail, with artificial sweeteners, canned, drained	142	34	0.3	0.036	6.4	5.2	0.5	0.022
U471242	Kalb Haxe, tiefgefroren, geschmort ohne Fett	Veal shank, deep-frozen, braised without fat	589	140	4.811	2.041	0	0	24.189	0.23
H742902	Kidneybohne reif, Konserve, abgetropft	Kidney bean mature, canned, drained	538	128	1	0.051	15.1	0.9	8.5	0.623
D300200	Sachertorte (Rührmasse)	Sacher torte (cake batter)	1472	352	17.6	10.12	41	33.6	5.9	0.16
T830802	Bratmakrele Konserve, abgetropft	Fried mackerel canned, drained	603	144	6.68	1.17	5.91	3.349	13.8	1.285
F22B902	Mirabelle mit Süßungsmitteln, Konserve, abgetropft	Mirabelle plum with artificial sweeteners, canned, drained	146	35	0.17	0.023	7.266	6.136	0.594	0.02
K271000	Gnocchi tiefgefroren	Gnocchi deep-frozen	680	160	0.642	0.04	33.58	0.429	4.084	0.685
X870213	Reisauflauf gesüßt, mit Apfel	Rice casserole sweetened, with apple	608	144	4.16	2.61	21.9	7.5	4.19	0.108
T104702	Sardelle in Öl, Konserve, abgetropft	Anchovy in oil, canned, drained	709	170	11.4	2.3	0	0	16.896	12.378
K718902	Steinpilz Konserve, abgetropft	Porcini mushroom canned, drained	236	57	0.471	0.082	3.69	0.598	6.442	0.722
G992282	Gemüsemischung Erbsen-Karotten, tiefgefroren, gebraten ohne Fett (Pfanne)	Mixed vegetables peas and carrots, deep-frozen, fried without fat (pan)	392	93	0.657	0.143	13.312	5.442	5.1	0.04
G710802	Bohne grün, gesäuert, abgetropft	Bean green, pickled, drained	198	47	0.255	0.058	7.01	6.254	1.787	1.19
Y8D7010	Tiramisu (ohne Ei) mit Likör und Früchten	Tiramisu (without egg) with liqueur and fruit	874	209	11.3	7.06	21	15	3.7	0.132
G710902	Bohne grün, Konserve, abgetropft	Bean green, canned, drained	90	21	0.138	0.049	2.1	1.292	1.662	0.67
F081902	Rhabarber gezuckert, Konserve, abgetropft	Rhubarb sugared, canned, drained	314	74	0.072	0.015	16.793	16.687	0.314	0.005
D7A6300	Berliner/Pfannkuchen/Krapfen (Hefeteig) frittiert, gefüllt mit Nuss-Nougat-Creme	"Berliner" doughnut (yeast dough) deep-fried, filled with nut nougat cream	1641	392	20.1	8.8	43.7	14.91	7.6	0.41
F340902	Erdbeere ungesüßt, Konserve, abgetropft	Strawberry unsweetened, canned, drained	50	12	0.2	0.016	1.511	1.495	0.394	0.005
F516902	Mango gezuckert, Konserve, abgetropft	Mango sugared, canned, drained	274	65	0.395	0.09	14	12.8	0.5	0.012
Y567133	Hühnerherzen geschmort, in Weißweinsauce von heller/weißer Grundsauce	Chicken hearts braised, in white wine sauce from white basic sauce	544	131	9.8	2.8	2.21	1.2	7.6	0.605
G090232	Gemüsemischung Kaisergemüse, tiefgefroren, gekocht	Mixed vegetables (carrots, cauliflower and broccoli florets) deep-frozen, boiled	128	30	0.363	0.072	3.8	2.65	1.96	0.035
D314400	Buttercremetorte (Schokobiskuit) mit Canacheüberzug	Butter cream torte (chocolate sponge cake) with chocolate icing	1312	314	17.79	10.04	31.5	23.7	6.1	0.132
Y623523	Seelachs-Risotto	Saithe risotto	613	145	4.3	1.1	17	0.8	9.16	0.475
U471272	Kalb Haxe, tiefgefroren, gegrillt	Veal shank, deep-frozen, grilled	590	140	5.299	2.247	0	0	23.16	0.305
X491443	Apfelkaltschale/Apfelsuppe, mit Korinthen	Cold apple soup with currants	236	56	0.3	0.1	12.1	11.5	0.3	0.005
Y8A5012	Vanillepudding, Flammeri, zubereitet aus Pulver und Milch 1,5 % Fett, mit Früchten	Vanilla pudding made from powder with milk 1.5 % fat, with fruit	380	90	1	0.63	17.3	13.5	2.28	0.095
X761033	Eier-Frischteigwaren Ravioli, vegetarisch gefüllt, mit gekochtem Gemüse in Grundsauce hell/weiß	Fresh egg pasta Ravioli vegetarian filled, with boiled vegetables in white basic sauce	387	92	3.3	1.4	10.2	1.63	4.6	0.438
E438062	Eier-Frischteigwaren gekocht, gebacken	Fresh egg pasta boiled, baked	829	196	2.6	0.52	33.69	0.278	8.25	0.345
S244300	Speiseeis (Frucht, Schoko) gemischt	Ice cream mixed (chocolate, fruit )	761	181	5.31	2.22	29.9	27	1.96	0.048
U067162	Kalbskäsebrät mit Schweinefleisch, gebraten ohne Fett (Ofen)	Leberkase sausage meat from veal with pork, fried without fat (oven)	1191	288	25.5	9.2	0.11	0	14.4	2.292
K311292	Kartoffeltaschen mit Frischkäsefüllung tiefgefroren, frittiert	Potato pockets with cream cheese filling, deep-frozen, deep-fried	1525	366	24.68	5.48	31	2.6	3.93	1.69
H702902	Augenbohne reif, Konserve, abgetropft	Cowpea/black-eyed pea, mature, canned, drained	481	114	0.47	0.115	16.074	0.713	8.5	0.63
E438082	Eier-Frischteigwaren gekocht, gebraten ohne Fett (Pfanne)	Fresh egg pasta boiled, fried without fat (pan)	744	176	2.34	0.47	30.25	0.249	7.41	0.308
U045172	Schwein/Rind, Hackfleisch gemischt, gegrillt	Pork/beef, mince mixed, grilled	1456	351	27.37	10.35	0	0	26.07	0.18
U063172	Rind/Schwein, Hacksteak, gegrillt	Beef/pork, minced steak, grilled	1212	292	21.94	8.355	1.37	1.37	21.98	2.2
T936182	Garnele paniert, tiefgefroren, gebraten ohne Fett (Pfanne)	Common shrimp breaded, deep-frozen, fried without fat (pan)	1505	360	20.05	2.7	27.56	1.48	16.38	1.425
W224032	Münchner Weißwurst gargezogen	Bavarian white sausage poached	1067	258	23.789	5.5	0.07	0	10.905	1.72
G993132	Gemüsemischung mexikanische Art, gekocht	Mixed vegetables Mexican style, boiled	244	58	0.5	0.059	7.7	3.4	3.3	0.005
X338653	Haschee mit Rinderhackfleisch von dunkler/brauner Grundsauce	Beef mince sauce from brown basic sauce	600	144	9.9	3.4	5	1.9	8.2	0.462
K260292	Kartoffelpuffer tiefgefroren, frittiert	Potato pancakes deep-frozen, deep-fried	903	214	4.03	0.41	37.97	1.7	5	1.15
G993142	Gemüsemischung mexikanische Art, geschmort ohne Fett	Mixed vegetables Mexican style, braised without fat	293	70	0.6	0.07	9.3	4.2	3.9	0.005
Y844253	Rharbarbergrütze mit Vanillesauce	Rhubarb compote with vanilla sauce	431	102	1.67	0.85	18.84	14.04	1.7	0.035
X930452	Speckpfannkuchen gebraten	Bacon pancakes fried	1150	275	14.61	3.45	24.8	2.16	10.21	1.2
F22C902	Mirabelle ungesüßt, Konserve, abgetropft	Mirabelle plum unsweetened, canned, drained	146	35	0.17	0.023	7.266	6.136	0.594	0.003
T930782	Alaska-Seelachs im Backteig, tiefgefroren, gebraten ohne Fett (Pfanne)	Alaska pollock in frying batter, deep-frozen, fried without fat (pan)	1048	250	12.59	1.04	22.26	0.71	11.2	0.3
W254032	Jagdwurst/Schinkenwurst grob, gekocht	Jagdwurst sausage/ham bologna coarsely minced, boiled	793	191	14.51	5.15	0.08	0	14.988	1.8
X612152	Petersilienkartoffeln	Parsley potatoes	321	76	0.104	0.034	15.623	0.653	2.03	0.011
U010242	Rind Hackfleisch, tiefgefroren, geschmort ohne Fett	Beef mince, deep-frozen, braised without fat	1235	297	20.488	9.244	0	0	28.056	0.135
Y814210	Apfel-Bananen-Birnenmus roh	Apple-banana-pear sauce raw	280	66	0.4	0.103	13.8	12	0.658	0.002
X562013	Karotten/Möhren, gekocht, gebraten	Carrots boiled, fried	434	104	5.811	0.51	9.401	9.256	1.193	0.45
Y562112	Hähnchenbrustfilet gebraten, mit gedünstetem Kaisergemüse	Chicken breast fillet fried, with stewed mixed vegetables	411	98	3.3	0.3	2.5	1.76	13.94	0.338
Y536123	Hasenbraten mit Grundsauce dunkel/braun und saurer Sahne	Hare roast with brown basic sauce and sour cream	553	132	5.2	1.4	1.6	0.3	19.56	0.5
F133902	Birne mit Süßungsmitteln, Konserve, abgetropft	Pear with artificial sweeteners, canned, drained	148	35	0.303	0.041	7.01	5.37	0.301	0.025
U010262	Rind Hackfleisch, tiefgefroren, gebraten ohne Fett (Ofen)	Beef mince, deep-frozen, fried without fat (oven)	1172	281	19.282	8.699	0	0	26.968	0.15
U047200	Schwein/Rind, Hackfleisch gemischt, tiefgefroren	Pork/beef, mince mixed, deep-frozen	1037	250	19.55	7.393	0	0	18.43	0.138
X534133	Grünkohl gedünstet, mit westfälischer Mettwurst	Curly kale stewed, with Westphalian mettwurst sausage	586	141	10.64	3.02	2.7	1.45	6.56	0.8
T830102	Brathering Konserve, abgetropft	Fried herring canned, drained	925	222	14	1.63	5.91	3.349	16.8	1.462
W231882	Kalbfleischkäse mit Schweinefleisch, gebraten ohne Fett (Pfanne)	Veal fleischkaese sausage with pork, fried without fat (pan)	1438	348	32.46	12.64	0.12	0	13.81	1.982
G993182	Gemüsemischung mexikanische Art, gebraten ohne Fett (Pfanne)	Mixed vegetables Mexican style, fried without fat (pan)	365	87	0.7	0.089	11.6	5.3	4.9	0.008
Y860963	Mandelcreme (Bayerische Creme mit Mandelkrokant)	Almond cream (Bavarian cream with almond brittle)	1202	290	22.3	9.18	14.6	14.57	7	0.118
F22A902	Pflaume ungesüßt, Konserve, abgetropft	Plum unsweetened, canned, drained	94	22	0.141	0.018	4.52	3.42	0.24	0.004
G440902	Palmenherz Konserve, abgetropft	Palm heart, canned, drained	99	23	0.1	0.033	2.74	2.62	2.2	0.54
X7A1010	Teigwaren eifrei, gebraten mit Ei, Paprika und Hähnchenfleisch	Pasta egg-free, fried with egg, sweet pepper and chicken	625	148	4.43	0.71	14.59	2.49	11.8	0.215
X2A2030	Gemischter Salat mit Saure-Sahne-Dressing	Mixed salad with sour cream dressing	184	44	2.2	1	3.3	3	1.9	0.48
Y631413	Scholle gedünstet, mit Weißweinsauce von heller/weißer Grundsauce	Plaice stewed, with white wine sauce from white basic sauce	345	82	3.5	1.1	1.55	0.55	10.4	0.538
Y231632	Cordon bleu vom Kalb gebraten	Veal cordon bleu fried	867	207	10.8	3.09	7.63	0.74	19.2	0.802
W256282	Fleischkäse grob, gebraten ohne Fett (Pfanne)	Fleischkaese sausage coarsely minced, fried without fat (pan)	908	218	15.19	5.51	0.11	0	20.22	2
T930762	Alaska-Seelachs im Backteig, tiefgefroren, gebraten ohne Fett (Ofen)	Alaska pollock in frying batter, deep-frozen, fried without fat (oven)	955	228	11.47	0.95	20.29	0.66	10.2	0.272
F303902	Brombeere gezuckert, Konserve, abgetropft	Blackberry sugared, canned, drained	287	68	0.1	0	15.7	14.4	0.66	0.005
C492062	Mehrkornschrot gekocht, gebacken	Grain mix coarse meal, boiled, baked	236	56	0.52	0.1	9.8	0.22	1.9	0.002
T417902	Wildlachs Konserve, abgetropft	Pacific salmon canned, drained	605	145	9.22	1.976	0	0	15.515	0.718
Y580013	Pute gebraten im Ofen, mit Sahnesauce von dunkler/brauner Grundsauce	Turkey fried in oven, with cream sauce from brown basic sauce	928	223	15.3	4.6	1.56	0.086	19.65	0.942
G992262	Gemüsemischung Erbsen-Karotten, tiefgefroren, gebacken	Mixed vegetables peas and carrots, deep-frozen, baked	308	73	0.518	0.113	10.493	4.289	4	0.032
G561802	Tomate gesäuert, abgetropft	Tomato pickled, drained	168	40	0.098	0.019	6.71	6.71	0.846	1.128
Y849512	Fruchtkompott mit Süßstoff	Fruit compote with artificial sweetener	220	52	0.3	0.075	10.5	9.55	0.644	0.01
Y271013	Kalbsherz gespickt, gedünstet, mit Sahnesauce von dunkler/brauner Grundsauce	Larded veal heart stewed, with cream sauce from brown basic sauce	712	171	11.6	3.2	2.9	0.7	13.4	0.922
E606082	Semmelknödel gekocht, gebraten ohne Fett (Pfanne)	White bread dumplings boiled, fried without fat (pan)	791	188	4.88	2.17	26.54	2.94	8.48	1.075
F093902	Fruchtmischung/Fruchtcocktail, ungesüßt, Konserve, abgetropft	Fruit mix/fruit cocktail, unsweetened, canned, drained	141	34	0.3	0.036	6.4	5.2	0.5	0.002
G620902	Karotte/Möhre, Konserve, abgetropft	Carrot canned, drained	95	23	0.457	0.076	2.572	2.503	0.803	0.608
T107702	Makrele in Öl, Konserve, abgetropft	Mackerel in oil, canned, drained	880	212	16.84	1.62	0	0	15.1	0.722
G994232	Gemüsemischung asiatische Art, tiefgefroren, gekocht	Mixed vegetables Asian style, deep-frozen, boiled	113	27	0.3	0.037	3.1	3.1	1.9	0.012
T121702	Thunfisch in Öl, Konserve, abgetropft	Tuna in oil, canned, drained	867	207	10.45	1.8	0	0	28.262	0.845
W211132	Bockwurst gargezogen	Bockwurst poached	1030	249	22.05	8.07	0	0	12.576	2
G613802	Rote Rübe/Rote Bete, gesäuert, abgetropft	Beetroot pickled, drained	296	70	0.3	0.02	13	12.4	1.6	1.275
G210902	Spinat Konserve, abgetropft	Spinach canned, drained	72	17	0.4	0.03	0.31	0.261	2.2	0.59
K260262	Kartoffelpuffer tiefgefroren, gebacken	Potato pancakes deep-frozen, baked	725	171	1.88	0.25	32.38	1.46	5	1.055
G090242	Gemüsemischung Kaisergemüse, tiefgefroren, geschmort ohne Fett	Mixed vegetables (carrots, cauliflower and broccoli florets) deep-frozen, braised without fat	164	39	0.465	0.093	4.8	3.42	2.512	0.05
K110902	Kartoffel geschält, gekocht, Konserve, abgetropft	Potatoe peeled, boiled, canned, drained	274	65	0.089	0.03	13.248	0.542	1.772	0.606
F206902	Pfirsich in Fruchtsaft, Konserve, abgetropft	Peach in juice, canned, drained	172	41	0.152	0.018	8.2	7.2	0.8	0.005
K391262	Kartoffelrösti tiefgefroren, gebacken	Potato rösti (fried grated potatoes) deep-frozen, baked	1272	303	12.584	0.95	42.5	2.8	3.597	1.492
T412902	Buckellachs in Öl, Konserve, abgetropft	Pink salmon in oil, canned, drained	815	196	13.3	1.17	0	0	19	0.752
T410702	Lachs in Öl, Konserve, abgetropft	Salmon in oil, canned, drained	847	203	14.2	2.1	0	0	18.905	1.093
G322902	Grünkohl Konserve, abgetropft	Curly kale canned, drained	141	34	1.1	0.083	2	0.6	2.4	0.535
F090902	Fruchtmischung/Fruchtcocktail, gezuckert, Konserve, abgetropft	Fruit mix/fruit cocktail, sugared, canned, drained	290	69	0.2	0.029	15.4	14.5	0.5	0.008
F6A6902	Mandarine in Fruchtsaft, Konserve, abgetropft	Mandarin in juice, canned, drained	203	48	0.442	0.062	8.115	8.115	1.379	0.008
U013172	Rind Frikadelle, gegrillt	Beef patty, grilled	1023	246	15.95	7.006	5	0.8	20.12	1.77
T792702	Miesmuschel in Öl, Konserve, abgetropft	Common mussel in oil, canned, drained	621	150	12.8	1.6	0	0	8.19	0.698
T933182	Karpfen im Backteig, gebraten ohne Fett (Pfanne)	Carp in frying batter, fried without fat (pan)	794	189	6.85	1.5	14.13	0.13	16.9	0.442
U063162	Rind/Schwein, Hacksteak, gebraten ohne Fett (Ofen)	Beef/pork, minced steak, fried without fat (oven)	1132	272	19.71	7.509	1.41	1.41	22.08	2.2
K702902	Trüffel Konserve, abgetropft	Black truffle (Perigord black truffle) canned, drained	384	93	0.602	0.106	0.6	0.6	9.887	0.872
U050200	Rind/Schwein, Hackfleisch gemischt, tiefgefroren	Beef/pork, mince mixed, deep-frozen	979	236	17.83	7.392	0	0	18.8	0.142
F301902	Erdbeere gezuckert, Konserve, abgetropft	Strawberry sugared, canned, drained	266	63	0.231	0.016	13.732	13.716	0.774	0.022
T930162	Fischstäbchen (Alaska-Seelachs) paniert, tiefgefroren, gebraten ohne Fett (Ofen)	Fish fingers (Alaska pollock) breaded, deep-frozen, fried without fat (oven)	864	206	9.33	1.34	16.32	1.09	13.75	0.71
K270032	Gnocchi gekocht	Gnocchi boiled	593	140	0.54	0.04	29.13	0.373	3.64	1.053
E603032	Eier-Frischteigwaren Ravioli (Fleischfüllung) gekocht	Fresh egg pasta Ravioli (meat filling) boiled	579	138	3.33	0.84	20	0.9	5.94	0.5
F323902	Johannisbeere schwarz, gezuckert, Konserve, abgetropft	Black currant sugared, canned, drained	307	72	0.117	0.014	15.77	15.77	0.698	0.005
G660802	Knollensellerie gesäuert, abgetropft	Celeriac pickled, drained	169	40	0.242	0.05	5.85	5.449	1.142	1.278
K270022	Gnocchi gedämpft	Gnocchi steamed	595	140	0.587	0.04	29.13	0.373	3.731	0.625
F224902	Mirabelle gezuckert, Konserve, abgetropft	Mirabelle plum sugared, canned, drained	286	68	0.17	0.023	15.492	14.362	0.594	0.002
K724902	Shiitakepilz Konserve, abgetropft	Shiitake mushroom canned, drained	152	37	0.3	0	2.69	2.69	2.9	0.713
U471262	Kalb Haxe, tiefgefroren, gebraten ohne Fett (Ofen)	Veal shank, deep-frozen, fried without fat (oven)	606	144	4.876	2.069	0	0	25.038	0.31
Y8A4080	Milchreis mit Milch 3,5 % Fett und roter Grütze	Rice pudding with milk 3.5 % fat and red fruit jelly	520	123	2.4	1.433	20.7	7.4	3.8	0.078
U063200	Rind/Schwein, Hacksteak, tiefgefroren	Beef/pork, minced steak, deep-frozen	836	201	15.54	5.919	0	0	15.25	1.8
T932262	Seelachs im Backteig, tiefgefroren, gebraten ohne Fett (Ofen)	Saithe/pollack, in frying batter, deep-frozen, fried without fat (oven)	1056	252	12.33	1.26	20.14	0.66	14.44	0.922
X427363	Leberknödelsuppe	Liver dumpling soup	288	69	3.7	1.8	4.03	0.53	4.71	0.778
X1A9010	Hummersalat mit Mayonnaise, gestreckt mit süßer Sahne	Lobster salad with mayonnaise, diluted with cream	732	177	15.3	2.91	3.2	2.7	6.2	0.858
Y277013	Kalbsnieren gebraten, mit Senfsauce von dunkler/brauner Grundsauce	Veal kidneys fried, with mustard sauce from brown basic sauce	721	173	12.2	5.1	2.12	0.67	13.63	0.735
X1A4010	Geflügelsalat (Huhn) mit Mayonnaise, gestreckt mit süßer Sahne	Poultry salad (chicken) with mayonnaise, diluted with cream	569	136	8	1.61	6.88	6.37	8.7	1.035
X023310	Baguette-Brötchen mit Ei und Remoulade	Baguette roll with egg and remoulade sauce	896	213	7.5	1.7	24	1.1	11.5	0.9
D771200	Aprikosenteilchen (Blätterteig)	Apricot pastry (puff pastry)	1180	283	16.8	6.68	28.3	13.6	3	0.232
X3A6020	Linsen-Bolognese vegan	Lentil Bolognese vegan	412	98	3.7	0.32	9	2.7	5.2	0.32
X339243	Madeirasauce von dunkler/brauner Grundsauce	Madeira sauce from brown basic sauce	322	77	4.5	0.4	6.9	2.3	1	0.54
X1A8060	Thunfischsalat mit Mayonnaise, gestreckt mit Joghurt	Tuna salad with mayonnaise, diluted with yogurt	748	180	13.6	1.8	1.71	1.7	12	0.93
W398000	Kalbfleischpastete mit Schweinefleisch	Veal pate with pork	528	126	7.18	2.68	0.09	0.01	15.28	1.8
X450033	Kartoffelsuppe mit Gemüsebrühe und Brühwurst	Potato soup with vegetable stock and scalded sausage	390	93	5.4	1.5	8	0.9	2.95	0.8
X171450	Grüne-Bohnen-Salat (gegart) mit Speck-Essigmarinade	Green bean salad (cooked) with bacon-vinegar marinade	501	121	10.84	4.2	2.7	1.83	2.28	1.032
X463613	Linsensuppe mit Gemüse und gepökeltem Schweinefleisch	Lentil soup with vegetables and cured pork	508	122	5.6	1.6	9	1.4	7.18	1
X469743	Chili con carne einfach	Chilli con carne simple	748	179	10.1	3.5	8	2.3	11.7	0.592
X141462	Artischockensalat (gegart) mit Zitronenmarinade	Artichoke salad (cooked) with lemon marinade	579	141	11.9	0.85	1.88	1.76	1.82	0.63
X1A3050	Reissalat mit Gemüse, Kochschinken und Essigmarinade	Rice salad with vegetables, boiled ham and vinegar marinade	475	114	6.96	0.66	6.8	2.28	4.94	0.708
X450212	Kartoffelsuppe sauer, gebunden	Potato soup sour, thickened	260	62	1.7	0.1	10	1	1.07	0.448
X060060	Baguette-Brötchen mit Kochschinken, Käse, Tomaten und Remoulade	Baguette roll with boiled ham, cheese, tomatoes and remoulade sauce	810	193	7.3	3.9	16	1.3	14.6	1.4
X760312	Maultaschen Schwäbische Art (mit Hackfleisch) gegart, mit gebratenen Zwiebeln	Minced meat-spinach-filled pasta squares, Swabian style, cooked, with fried onions	484	116	4.95	1.38	8.38	2.87	8.186	1.05
X565143	Schwarzwurzeln gekocht, mit Sauce Hollandaise/Holländischer Sauce	Black salsify boiled, with Hollandaise sauce	718	174	14.2	8.3	6	2.9	2.1	0.345
X9A3080	Pirogge mit Hackfleischfüllung, gebacken	Pirogue filled with minced meat, baked	1529	366	18.59	8.73	33	1.6	15.2	0.938
X821012	Reis mit Pilzsauce von heller/weißer Grundsauce	Rice with mushroom sauce from white basic sauce	401	95	2.4	1.3	15.7	0.65	2.2	0.288
D132100	Spiegeleierkuchen (Rührmasse)	Apricot cheese cake (cake batter)	805	192	9.72	6.18	22.7	13.11	3.2	0.15
X541463	Artischockenböden mit Fleischfüllung	Artichoke bottoms with meat-filling	349	84	3.6	0.54	2.2	2.1	7.5	0.71
X4A8050	Linsensuppe mit Gemüse und Wiener Würstchen	Lentil soup with vegetables and Vienna sausages	478	115	5.5	1	9	1.2	5.78	1
W298100	Olivenpastete	Olive pate	643	155	12.27	4.07	0.07	0	10.91	1.8
X338353	Wildsauce von dunkler/brauner Grundsauce	Game sauce from brown basic sauce	395	95	6.7	1.73	6.6	2.5	1.1	0.678
D7B2100	Butterkekse/Butterplätzchen (Mürbeteig) mit Nougatfüllung, schokoliert	Shortbread biscuits with nougat filling and chocolate icing	2022	482	20.9	11.3	65.8	46.9	6.43	0.435
X693412	Labskaus	Lobscouse	530	127	7.2	1.23	7.19	2.14	7.65	1
W982700	Pastete im Brotteig gebacken	Pate in bread dough baked	702	168	7.96	2.79	4	0.16	19.53	1.8
V913500	Gänseleberpastete getrüffelt, in der Kruste gebacken	Truffled goose liver pate, baked in a crust	1020	245	16	7.4	8.9	0.4	15.9	1.5
Y733242	Schaumomelett gebraten mit Gemüse	Omelette souffle fried with vegetables	694	168	13.866	2.2	1.98	1.094	8.2	0.688
Y064033	Hackfleischpastete (mit Mürbeteig) gebacken	Minced meat pate (with shortcrust pastry) baked	1718	412	26.8	13.36	25.2	1.6	16.4	0.798
X203560	Budapester Salat	Salad Budapest	416	99	5.1	1	5.54	5.45	6.9	0.405
X6A5010	Kirschknödel mit Zucker und Zimt	Cherry dumplings with sugar and cinnamon	823	197	9.52	6.13	24.1	9.79	2.88	0.372
X4A8000	Chili sin carne	Chilli sin carne	294	70	1.6	0.1	8	3.8	3.3	0.56
X1A3030	Reissalat bunt, mit Hühnerfleisch, Ei und Mayonnaise	Rice salad with chicken, egg and mayonnaise	601	144	9.55	1.27	9.2	2.9	4.8	0.295
D314200	Mokkabuttercremetorte (Biskuit) mit Alkohol	Mocha butter cream torte (sponge cake) with alcohol	1137	273	17	10.1	24	16	5.1	0.14
D7B5300	Kekse/Plätzchen, kakaohaltig (Rührmasse) mit Nougatfüllung, schokoliert	Biscuits, containig cocoa (cake batter) with nougat filling and chocolate icing	2175	521	29	15.9	56.4	36.4	6.5	0.085
Y724153	Rührei gebraten mit Leberkäse	Scrambled eggs fried with Leberkaese sausage	942	227	19.35	4.4	0.35	0.3	12.9	0.9
S243900	Speiseeis (Frucht, Vanille) gemischt, mit Eierlikör	Ice cream mixed (fruit, vanilla) with egg liqueur	744	177	5.37	3.5	26.5	23.8	1.66	0.065
Y692313	Seehecht mit Senfsauce von heller/weißer Grundsauce, überbacken	Hake with mustard sauce from white basic sauce, gratinated	415	99	5.7	2.7	1.37	0.58	10.3	0.515
S571300	Bitterschokolade gefüllt mit Fruchtcreme (alkoholhaltig)	Dark chocolate filled with fruit cream (alcoholic)	2106	506	32.58	19.92	41	38.4	6.41	0.02
Y581233	Pute mit Kastanienfüllung, gebraten im Ofen, mit Preiselbeerkonfitüre und Grundsauce dunkel/braun	Turkey with chestnut filling fried in oven, with lingonberry jam and brown basic sauce	861	206	11.2	2.2	6.74	2.546	19	0.488
D9B1300	Kekse/Plätzchen (Vollkornmürbeteig) mit Nougatfüllung, schokoliert	Wholemeal biscuits (shortcrust pastry) with nougat filling and chocolate icing	2139	512	26.9	15	59	44.3	6.25	0.16
X1A9000	Krabben-Cocktail mit Mayonnaise, gestreckt mit süßer Sahne	Shrimp cocktail with mayonnaise, diluted with cream	818	198	16.7	3.51	3.4	3.37	7.7	1.048
Y686612	Tintenfischringe im Backteig frittiert, mit Tsatsiki	Cuttlefish rings in beer batter deep-fried, with tsatsiki	666	159	9	1.79	8.6	1	10.1	0.632
X552423	Gurken mit Hackfleischfüllung, geschmort, mit Sauce	Cucumbers with minced meat filling, braised, with sauce	564	136	9.7	2.8	4	2.4	7.3	0.5
X4A8070	Rote-Linsensuppe mit Koriander	Red lentil soup with coriander	381	91	3.2	1.2	9.4	1.9	4.9	0.62
D410300	Baumstamm/Bismarckeiche (Wasserbiskuit) mit Mokkabuttercreme	"Bismarck-Eiche" chocolate log cake (water sponge cake) with mocha butter cream	1316	314	15.6	8.4	36.6	22.79	6.2	0.22
X464753	Erbsensuppe mit Gemüsebrühe, Suppengrün und Speck	Pea soup with vegetable stock, mirepoix and bacon	303	73	2.9	0.7	6	1.4	4.09	0.5
M856000	Grießpudding mit Sahne und Fruchtzubereitung, gesüßt	Semolina pudding with cream and fruit sauce, sweetened	488	116	4.47	2.5	16.5	14.68	2.34	0.108
X985212	Rohrnudeln (aus Hefeteig mit Wasser zubereitet) gebacken	"Rohrnudeln" sweet yeast dumplings (of dough prepared with water) baked	1454	347	14.49	4.69	46	9.971	6.69	0.518
X464913	Kichererbsen-Tomaten-Eintopf	Chickpea-tomato stew	436	104	4.4	1.2	9	1.7	4.7	0.302
X572212	Antipasti-Teller (Gemüse und Pilze gegart, mit Thunfisch und Parmaschinken)	Antipasti mix with tuna and Parma ham	445	107	6	0.8	4	2	7.7	0.742
Y912060	Frikadelle mit Brötchen und Tomatenketchup	Meatball with roll and tomato ketchup	1115	266	13.53	3.89	19.85	2.19	15.51	1.032
X891212	Bami Goreng (Eierteigwaren gebraten mit Gemüse und Hähnchenfleisch)	Bami Goreng (egg pasta fried with vegetables and chicken)	475	113	2.4	0.33	16	1.9	5.9	0.645
D7B7200	Nuss-Spritzgebäck (Rührmasse) mit Nougatfüllung, schokoliert	Nut spritz biscuits (cake batter) with nougat filling and chocolate icing	2275	547	37	17.6	44.2	28.2	7.1	0.132
Y038213	Bologneser Sauce mit Rinderhackfleisch	Bolognese sauce with beef mince	754	182	14.4	3.7	2.9	2.9	9.34	0.608
U043262	Schwein/Rind, Hackfleisch gemischt, tiefgefroren, gebraten ohne Fett (Ofen)	Pork/beef, mince mixed, deep-frozen, fried without fat (oven)	1484	357	27.72	10.483	0	0	26.96	0.185
X556422	Tomaten mit Hackfleischfüllung, gebacken	Tomatoes with minced meat filling, baked	695	167	11.75	3.99	4	2.5	10.58	0.392
D311200	Buttercremetorte (Biskuit)	Butter cream torte (sponge cake)	1248	299	18.85	11.3	26.66	17.4	5.44	0.15
D7B6200	Mürbchen (Mürbeteig) mit Nougatfüllung, schokoliert	Shortcrust pastry biscuit with nougat filling and chocolate icing	2089	499	25.3	13.9	60.5	44.5	6.12	0.142
Y915032	Knacker mit Senf	Knackwurst with mustard	1058	255	19.34	7.14	0.16	0.15	19.77	3
Y261213	Kalbsbrust mit Hackfleischfüllung, gebraten im Ofen, mit Sauce	Veal brisket with minced meat filling, fried in oven, with sauce	1026	247	18.5	6.1	2	0.4	17.89	0.625
X5A6050	Zwiebeln gefüllt mit Champignons und Hackfleisch, geschmort	Onions filled with button mushrooms and minced meat, braised	968	233	18.2	4.8	6.3	2.9	10.56	0.868
D710700	Schokoladen-Biskuitplätzchen mit Nougatfüllung	Chocolate sponge biscuits with nougat filling	1802	428	10.9	4.5	68.4	44	11.6	0.272
X5A7030	Zucchini mit Hackfleischfüllung und Käse überbacken	Courgette with minced meat filling and cheese gratinated	483	116	8.89	2.73	3	1.7	5.5	0.378
X940412	Fränkische Mehlklöße mit Kompott aus Trockenfrüchten	Franconian flour dumplings with compote of dried fruit	878	208	2.1	0.62	38.7	17.9	6.03	0.57
D7A1100	Biskuitplätzchen mit Nougatfüllung	Sponge cake biscuits with nougat filling	1780	421	6.9	1.6	77.4	47	11.15	0.232
X760712	Maultaschen Schwäbische Art (mit Hackfleisch) gebraten	Minced meat-spinach-filled pasta squares, Swabian style, fried	791	190	12.67	2.22	7.819	0.615	10.125	1.21
X720343	Vollkorn-Eier-Frischteigwaren mit Spinat und Tomaten Konserve, überbacken	Fresh wholemeal egg pasta with spinach and canned tomatoes, gratinated	375	89	2.5	1	10	1.3	5.23	0.48
Y740540	Eier russisch	Russian eggs	932	225	19.1	2.7	0.37	0.36	12.6	2.128
D320100	Buttercremetorte (Wiener Boden hell)	Butter cream torte (Viennese sponge cake light)	1367	328	21.78	13.24	27.9	17.75	4.86	0.14
D238500	Aprikosen-Nuss-Torte (Rührmasse)	Apricot torte with nuts (cake batter)	1183	284	16.87	6.97	27.3	16.456	4.83	0.255
W272300	Würfelpastete	Die-patterned pate	707	170	13.16	4.66	0.08	0.002	12.89	1.5
X454223	Grießsuppe geröstet, legiert mit Eigelb	Semolina soup roasted, thickened with egg yolk	179	43	2.2	0.4	3.9	1.2	1.4	0.692
D7B3100	Butterkekse/Butterplätzchen, kakaohaltig (Mürbeteig) mit Nougatfüllung	Shortbread biscuits, containing cocoa, with nougat filling	2080	497	23.5	12.1	64.4	46.2	5.41	0.112
X331353	Tomatensauce italienische Art	Tomato sauce Italian style	228	55	3.65	0.26	3.5	3.5	1.09	0.592
X1A8030	Heringssalat mit Apfel, Gewürzgurke und Mayonnaise, gestreckt mit saurer/süßer Sahne	Herring salad with apple, gherkin and mayonnaise, diluted with sour/whipping cream	667	160	12.4	2.2	3.1	2.9	7.8	4.62
D7A7410	Pudding-Frucht-Plunder	Danish pastry with pudding and fruit	1279	306	15.5	8.08	35	13.2	5.7	0.562
Y036553	Hackfleischbällchen mit Tomatenfüllung, gebraten, mit Tomatensauce (aus Tomatenmark)	Meatballs filled with tomatoes, fried, with tomato sauce (of tomato paste)	936	226	18.1	4.39	4.2	2.2	10.9	0.56
Y610920	Heringsstipp (mit Bismarck-Hering)	Pickled herring fillet in sauce "Heringsstip"	704	170	13.1	4.7	3.9	3.9	7.94	1.42
D431400	Donauwellen (Rührmasse)	"Donau-Wellen" cake (cake batter)	1313	315	20.23	12.01	27.7	16.1	4.55	0.188
X456243	Hascheesuppe	Minced meat soup	245	59	4.5	1.2	2.2	0.3	2.3	0.648
X5A4000	Chicoree gedünstet, mit Käsesauce von Bechamelsauce gratiniert	Chicory stewed, with cheese sauce from Bechamel sauce gratinated	480	116	9.7	4.8	3.06	1.62	3.45	0.492
X538212	Kohlroulade mit Hackfleischfüllung, gedünstet	Cabbage roulade with minced meat filling, stewed	444	107	7.4	1.8	4	2.9	5.1	0.38
W865000	Gesülzter Hackbraten	Jellied meatloaf	825	198	13.9	5.3	1.07	1.07	17.1	1.5
W295200	Frühlingspastete	Spring pate	572	138	10.12	3.67	0.6	0.3	10.91	1.8
Y621712	Kabeljau gedünstet auf asiatischem Gemüse	Cod stewed on Asian vegetables	338	80	2.7	0.28	1.4	1	11.3	0.695
Y859663	Aprikosencreme	Apricot cream	576	138	7.1	3.84	12.8	12.7	4.8	0.065
X742423	Eierteigwaren gebraten mit Gemüse und Ei	Egg pasta fried with vegetables and egg	513	122	4.2	0.8	14.2	1.52	6.1	0.402
X475713	Haferflockensuppe geröstet, mit Gemüsebrühe und Ei	Porridge, roasted, with vegetable stock and egg	162	39	2	0.3	3.2	1.3	1.49	0.695
S623400	Pralinen gefüllt mit Fruchtcreme (alkoholhaltig)	Pralines filled with fruit cream (alcoholic)	2106	506	32.58	19.92	41	38.4	6.41	0.02
D7A7510	Quark-Frucht-Plunder	Danish pastry with quark and fruit	1579	378	20.1	10.42	40	11.4	8.13	0.75
D630700	Waffelkekse mit Nougatfüllung	Wafer biscuits with nougat filling	1814	431	14.8	3.8	69.6	65.7	4.11	0.052
X673252	Kartoffelklöße von gekochten Kartoffeln, gebraten mit Eiermilch	Potato dumplings from boiled potatoes, fried with egg-milk mix	1111	267	17.82	2.92	18.76	1.56	7.03	0.662
D7B8300	Spritzgebäck (Rührmasse) mit Nougatfüllung, schokoliert	Spritz biscuits (cake batter) with nougat filling and chocolate icing	2094	502	28.7	15.8	52.7	28.8	6.3	0.12
P9A8100	Cocktail, Hugo	Cocktail, Hugo	159	38	0	0	2.56	2.56	0	0.005
D312300	Aprikosen-Sahnetorte (Wasserbiskuit)	Apricot cream torte (sponge cake)	904	217	12.8	6.58	21.4	16	3.6	0.108
X384243	Teufelssauce/Grillsauce	Devil's sauce for barbecue	721	174	14.3	1.06	8.8	8.69	1.03	1.5
X682533	Himmel und Erde (Äpfel und Kartoffeln) mit gebratener Blutwurst	"Heaven and earth" apple-potato mash with fried blood sausage	553	133	8.2	2.8	10.7	4.74	3.3	0.5
Y2A1010	Kalbfleischpudding mit Lachsschinken und Champignons	Veal pudding with ham and button mushrooms	1142	274	18.45	7.25	6.3	1.02	20.4	0.93
W272200	Sternpastete	Star-patterned pate	677	163	12.38	4.49	0.08	0	12.77	1.8
X4A8090	Weiße-Bohnen-Eintopf mit Paprika, Tomaten und Ajvar	Haricot bean stew with sweet pepper, tomatoes and ajvar	272	65	1.3	0.1	8	2.7	3.4	0.168
W291200	Eierpastete	Egg pate	664	160	12.01	4.2	0.17	0.09	12.71	1.8
X444313	Kartoffel-Lauchcremesuppe	Cream of potato-leek soup	264	63	2.3	0.5	9	1.5	1.21	0.42
Y180723	Rindfleisch gekocht, mit Kapernsauce von heller/weißer Grundsauce	Beef boiled, with caper sauce from white basic sauce	548	131	6.9	3.3	1.46	0.36	15.6	0.545
X1A8050	Matjessalat mit Roter Bete, Apfel, Kartoffeln und Mayonnaise	Matjes herring salad with beetrot, apple, potatoes and mayonnaise	527	126	7.6	1.02	8	4.6	5.1	2.902
X712343	Eier-Frischteigwaren mit gebackenem Kürbis, in Grundsauce hell/weiß mit Sahne	Fresh egg pasta with baked pumpkin, in white basic sauce with cream	537	128	5.6	2	14.57	2.75	3.67	0.495
X711242	Eier-Frischteigwaren Tomatenspätzle, selbstgemacht, roh	Fresh egg pasta tomato spaetzle, homemade, raw	880	208	3.5	0.84	32.2	1.4	10.3	0.635
X476540	Gurken-Buttermilch-Joghurt-Kaltschale	Cold cucumber-buttermilk-yogurt soup	145	34	1.1	0.7	3.2	3.2	2.24	0.12
Y912160	Frikadelle mit Pommes frites und Tomatenketchup	Meatball with potato chips and tomato ketchup	1000	240	13.65	2.87	18.32	2.98	10.01	0.895
E605082	Kartoffel-Schupfnudeln gekocht, gebraten ohne Fett (Pfanne)	Potato noodles (Schupfnudeln) boiled, fried without fat (pan)	806	190	1.5	0.26	36.29	0.719	6.31	1.208
X469753	Chili con carne (mit Rinderhackfleisch)	Chilli con carne (with beef mince)	659	158	7.9	2.7	9	3.1	9.9	0.8
Y694723	Rotbarsch mit Champignonsauce, überbacken	Redfish with button mushroom sauce, gratinated	456	110	7.2	3.7	3.9	0.9	6.8	0.52
D9B1100	Butterkekse/Butterplätzchen, kakaohaltig (Vollkornmürbeteig) mit Nougatfüllung	Wholemeal shortbread biscuits, containing cocoa, with nougat filling	2066	494	23.7	12	61.8	46.2	5.96	0.11
X553812	Paprikaschoten mit Hackfleischfüllung, gebacken	Sweet peppers with minced meat filling, baked	485	116	7.5	2.5	4	3.4	7.43	0.305
U063262	Rind/Schwein, Hacksteak, tiefgefroren, gebraten ohne Fett (Ofen)	Beef/pork, minced steak, deep-frozen, fried without fat (oven)	1108	266	19.71	7.509	0	0	22.08	2.2
X536343	Rosenkohl gekocht, mit Käsesauce von Bechamelsauce	Brussels sprouts boiled, with cheese sauce from Bechamel sauce	319	77	4.6	3	3.27	1.73	4.29	0.452
D9B1500	Schoko-Müslikekse/Schoko-Müsliplätzchen (Vollkornmürbeteig)	Wholemeal chocolate muesli biscuits (shortcrust pastry)	2147	515	30.3	17.8	49.6	21.3	7.2	0.435
D7B8200	Spritzgebäck (Rührmasse) mit Nougatfüllung	Spritz biscuits (cake batter) with nougat filling	2043	489	26.9	15.3	54.1	25.4	6.3	0.142
W293100	Haselnusspastete	Hazelnut pate	785	189	14.36	3.86	0.4	0.282	14.24	1.8
D7B3200	Butterkekse/Butterplätzchen, kakaohaltig (Mürbeteig) mit Nougatfüllung, schokoliert	Shortbread biscuits, containing cocoa, with nougat filling and chocolate icing	2145	513	27.2	15.4	59.3	44.1	6.09	0.145
Y073012	Innereiengericht (von Rind/Schwein) mit Sahnesauce	Beef and pork offals with cream sauce	863	207	13.6	4	3.62	0.2	17.29	0.652
X720413	Auflauf aus Eier-Frischteigwaren mit Pilzsauce von Bechamelsauce und Gouda überbacken	Casserole of egg pasta with mushroom sauce from Bechamel sauce and Gouda cheese gratinated	692	165	5.9	2.8	20	1.4	6.8	0.61
P9A5000	Cocktail, Touch Down	Cocktail, Touch down	345	82	0.1	0.021	7.8	7.8	0.3	0.02
P196000	Berliner Weisse mit Fruchtsirup	Berlin draught beer with fruit syrup	223	53	0	0.001	5.74	3.5	0.6	0.002
X659112	Schupfnudeln gegart, gebraten	"Schupfnudeln" (German potato pasta ) cooked, fried	1013	243	13.62	1.1	24.14	0.676	4.55	0.288
Y036533	Frikadellen gebraten, mit gedünsteten Tomaten	Meatballs fried, with stewed tomatoes	684	164	11.38	3.06	4.41	2.15	10.43	0.46
X760812	Maultaschen Schwäbische Art (mit Hackfleisch) gebraten mit Ei	Minced meat-spinach-filled pasta squares, Swabian style, fried with egg	789	190	13.56	2.33	5.404	0.527	10.783	0.94
D7B6100	Mürbchen (Mürbeteig) mit Nougatfüllung	Shortcrust pastry biscuit with nougat filling	2052	490	24.4	13.9	60.1	30.4	6.34	0.142
X081243	Toast mit Spargel, Lachsschinken und Käse, gebacken	Toast with asparagus, ham and cheese, baked	838	201	13.71	8.4	7.67	1.5	11	1.128
X365643	Preiselbeersauce mit Rotwein	Lingonberry sauce with red wine	614	145	0.289	0.035	32.46	31.53	0.476	0.005
X3A6040	Tofu-Bolognese vegan	Tofu Bolognese vegan	663	160	10.7	0.9	2.7	2.7	11.4	0.225
X1A2020	Kartoffelsalat mit Mayonnaise	Potato salad with mayonnaise	638	154	11.4	1	10.14	1.11	1.6	0.38
X810553	Milchreis gesüßt, mit Milch 3,5 % Fett und Kompott aus Trockenfrüchten	Rice pudding sweetened, with milk 3.5 % fat and compote of dried fruit	708	167	2.4	1.439	31	17.7	3.98	0.092
X545043	Spargel gekocht, mit Sauce Hollandaise/Holländischer Sauce	Asparagus boiled, with Hollandaise sauce	744	180	17.2	10	2.93	2.81	2.7	0.268
Y912030	Frikadelle mit Senf	Meatball with mustard	1087	261	18.88	5.38	4.39	0.98	18.02	0.755
Y915062	Knacker mit Brötchen und Senf	Knackwurst with roll and mustard	1101	263	13.38	4.84	18.45	1.14	16.48	2.5
W295100	Champignonpastete	Button mushroom pate	594	143	10.05	3.65	0.27	0	12.81	1.8
Y992060	Vanillecremeeis mit Schlagsahne und Früchten (Konserve)	Vanilla ice cream (with egg) with whipped cream and fruit (canned)	675	162	11.29	5.88	12.56	12.37	2.2	0.058
Y244023	Kalbsragout fein (Ragout fin)	Veal ragout (ragout fin)	471	113	5.9	2.8	1.8	0.6	12.85	0.458
X208240	Tomaten-Thunfischsalat mit Essigmarinade	Tomato-tuna salad with vinegar marinade	443	106	7.45	0.8	2.24	2.23	6.76	0.525
E470082	Eier-Frischteigwaren Ravioli (Gemüsefüllung) gekocht, gebraten ohne Fett (Pfanne)	Fresh egg pasta Ravioli (vegetable filling) boiled, fried without fat (pan)	606	144	2.12	0.3	25	0.78	5.09	0.355
W291100	Schinken-Käsepastete	Ham-cheese pate	715	172	11.39	4.93	0.05	0	17.08	2.2
G993242	Gemüsemischung mexikanische Art, tiefgefroren, geschmort ohne Fett	Mixed vegetables Mexican style, deep-frozen, braised without fat	286	68	0.6	0.07	8.9	4	3.9	0.005
D330100	Buttercremetorte (Rührmasse)	Butter cream torte (cake batter)	1313	315	20.23	12.01	27.7	16.1	4.55	0.188
Y813262	Baba mit Rum	"Baba" (yeast ring cake, drizzled with rum)	1325	315	8.7	1.2	50	20.1	6.6	0.445
X651343	Bratkartoffeln mit Speck und Zwiebeln	Fried potatoes with bacon and onions	849	204	12.65	1.48	16.88	1.05	4.13	0.8
X7A3010	Maultaschen mit Spinatfüllung, gegart in Gemüsebrühe	Spinach-filled pasta squares, cooked in vegetable stock	177	42	1.1	0.2	5.7	0.6	2	0.545
X463453	Linsen-Eintopf mit Wurst und Eier-Frischteigwaren Spätzle	Lentil stew with sausage and fresh egg pasta spaetzle	638	152	5.7	1.6	15	1.3	7.8	0.745
D314300	Schokobuttercremetorte (Biskuit)	Chocolate butter cream torte (sponge cake)	1286	309	20.2	12.2	25.9	18.1	5.12	0.128
Y015132	Schweinebauch gekocht, mit warmer Blut- und Leberwurst und gedünstetem Sauerkraut	Pork belly boiled, with warm blood- and pork liver sausage and stewed sauerkraut	576	139	11.31	3.68	1.36	1.24	6.32	1
Y740453	Eier weich gekocht, mit Senfsauce	Eggs soft boiled, with mustard sauce	427	103	7.3	2.9	2.29	0.97	6.73	0.65
X1A1000	Blumenkohlsalat (gegart) mit Quarkmayonnaise	Cauliflower salad (cooked) with quark-mayonnaise	544	131	10.8	1.35	4.04	2.78	4	0.198
Y036233	Hackbraten mit Gemüsesauce	Meatloaf with vegetable sauce	818	196	12.9	4.6	5.7	2.1	13.33	0.648
D9A4800	Quark-Frucht-Vollkornplunder	Wholemeal Danish pastry with quark and fruit	1455	349	19.05	9.929	34	10.3	7.96	0.7
X760912	Maultaschen Schwäbische Art (mit Hackfleisch) gegart in Fleischbrühe	Minced meat-spinach-filled pasta squares, Swabian style, cooked in meat stock	237	57	2.6	0.8	3.308	0.262	4.53	0.842
X5A8020	Kidneybohnen gedünstet	Kidney beans stewed	538	129	3.7	0.3	12	1.2	6.8	0.848
D410100	Biskuitschnitte mit Vanillebuttercreme	Sponge cake square with vanilla butter cream	1245	299	20.3	12.44	24.4	17.2	4.4	0.132
G993232	Gemüsemischung mexikanische Art, tiefgefroren, gekocht	Mixed vegetables Mexican style, deep-frozen, boiled	239	57	0.5	0.059	7.4	3.3	3.3	0.005
P9A6000	Cocktail, Tequila Sunrise	Cocktail, Tequila sunrise	254	60	0	0.003	5.594	5.594	0.3	0.005
Y913032	Bockwurst mit Senf	Bockwurst with mustard	996	241	21.16	7.63	0.17	0.16	12.16	2
E605062	Kartoffel-Schupfnudeln gekocht, gebacken	Potato noodles (Schupfnudeln) boiled, baked	881	208	1.64	0.29	39.7	0.786	6.91	1.32
U050282	Rind/Schwein, Hackfleisch gemischt, tiefgefroren, gebraten ohne Fett (Pfanne)	Beef/pork, mince mixed, deep-frozen, fried without fat (pan)	1382	333	24.91	10.328	0	0	27.09	0.188
X1A2000	Kartoffelsalat mit Gewürzgurke und Marinade (Gemüsebrühe)	Potato salad with gherkin and marinade (vegetable stock)	314	75	2.5	0.3	10.49	1.87	1.42	0.402
U050242	Rind/Schwein, Hackfleisch gemischt, tiefgefroren, geschmort ohne Fett	Beef/pork, mince mixed, deep-frozen, braised without fat	1513	364	27.74	11.498	0	0	28.65	0.192
E603082	Eier-Frischteigwaren Ravioli (Fleischfüllung) gekocht, gebraten ohne Fett (Pfanne)	Fresh egg pasta Ravioli (meat filling) boiled, fried without fat (pan)	584	139	3.4	0.85	20	0.9	6.06	0.5
U042232	Schwein/Rind, Hackfleisch gemischt, tiefgefroren, gekocht	Pork/beef, mince mixed, deep-frozen, boiled	1535	370	28.38	10.733	0	0	28.54	0.188
Y9A1090	Türkische Pizza (Lahmacun) gefüllt mit Salat und Sauce	Lahmacun filled with salad and sauce	769	183	8.1	2.14	18	2.1	8.2	0.458
Y361623	Schweinebraten mit Sauce, Kaisergemüse und Salzkartoffeln	Pork roast with sauce, mixed vegetables and boiled salted potatoes	448	107	5.3	1.3	7.1	1.6	7.05	0.348
V880100	Wildpaste (Brotaufstrich)	Game paste spread	1233	298	25.8	16.1	1.75	1.66	14.35	0.995
Y741353	Eierfrikassee mit Pilzsauce von heller/weißer Grundsauce	Egg fricassee with mushroom sauce from white basic sauce	447	107	6.7	2.5	1.57	0.72	9.9	0.8
X464813	Erbsensuppe mit Gemüsebrühe, Gemüse, Mettwürstchen und Schweinebauch	Pea soup with vegetable stock, vegetables, small Mettwurst sausages and pork belly	482	116	7.2	2.3	5	1.1	6.37	0.8
W272400	Trüffelmosaikpastete	Truffled mosaic pate	703	169	12.34	4.38	0.18	0.118	14.1	1.5
U063272	Rind/Schwein, Hacksteak, tiefgefroren, gegrillt	Beef/pork, minced steak, deep-frozen, grilled	1189	286	21.94	8.355	0	0	21.98	2.2
D7B5200	Kekse/Plätzchen, kakaohaltig (Rührmasse) mit Nougatfüllung	Biscuits, containig cocoa (cake batter) with nougat filling	2140	512	27.2	15.3	58.8	34.7	6.5	0.1
Y995060	Vanillecremeeis mit heißer Himbeersauce	Vanilla ice cream (with egg) with hot raspberry sauce	384	91	2.8	1.26	12.1	11.5	1.8	0.03
X3A2010	Lachs-Spinatsauce von Grundsauce hell/weiß mit Sahne	Salmon-spinach sauce from white basic sauce	663	160	11.9	4.2	1.51	0.75	11.33	0.582
Y6A2020	Lachs gebraten, in Grundsauce hell/weiß mit Sahne und Risi-Pisi	Salmon fried in white basic sauce with cream and risi-pisi	653	156	8.8	3	9.4	1.4	9.2	0.41
Y874012	Vanillepudding, Flammeri, zubereitet aus Pulver und Milch 3,5 % Fett, mit Früchten und Süßstoff	Vanilla pudding made from powder with milk 3.5 % fat, with fruit and artificial sweetener	291	69	2.22	1.355	9.13	5.35	2.5	0.108
Y694823	Kabeljaufilet gedünstet, mit Gemüsesauce von heller/weißer Grundsauce	Cod fillet stewed, with vegetable sauce from white basic sauce	381	91	4	0.9	1.9	1.3	11.2	0.515
X740733	Eierteigwaren mit Carbonara Sauce	Egg pasta with Carbonara	700	167	6.01	2.44	18.6	0.6	9	0.8
S241300	Speiseeis (Frucht, Nuss, Schokolade) gemischt, mit Eierlikör	Ice cream mixed (chocolate, fruit, nut) with egg liqueur	889	212	7.71	4.1	28.7	25.8	2.63	0.07
X452013	Eintopf aus Teigwaren eifrei, mit Hackfleisch	Stew of pasta egg-free, with minced meat	564	134	6	1.8	13.1	2.2	6.5	0.638
Y743253	Eier weich gekocht, mit Specksauce von dunkler/brauner Grundsauce	Eggs soft boiled, with bacon sauce from brown basic sauce	450	108	7.4	1.6	2.97	0.38	7.17	0.5
Y652313	Schleie gedünstet, mit Senfsauce von heller/weißer Grundsauce	Tench stewed, with mustard sauce from white basic sauce	345	82	3.1	1.7	1.86	0.75	11.29	0.648
W399100	Lachsschinkenpastete	Pate made from cured rolled pork loin	581	139	9.1	3.18	0.23	0.18	14.13	1.2
X147442	Lauchsalat (gegart) mit Speck-Essigmarinade	Leek salad (cooked) with bacon-vinegar marinade	550	133	11.37	4.4	4	3	2.36	0.872
D7B2000	Butterkekse/Butterplätzchen (Mürbeteig) mit Nougatfüllung	Shortbread biscuits with nougat filling	1926	458	15.7	6.9	72.3	49.5	5.83	0.468
X653123	Kartoffelkroketten mit Karotten und Erbsen in Grundsauce hell/weiß mit Sahne	Potato croquettes with carrots and peas in white basic sauce with cream	728	174	8.2	1.4	18.77	2.39	4.6	0.232
Y913062	Bockwurst mit Brötchen und Senf	Bockwurst with roll and mustard	1062	254	14.46	5.13	18.79	1.16	11.44	2
X463813	Linsen-Eintopf mit Backpflaumen und Blutwurst	Lentil stew with prunes and blood sausage	593	142	4.6	1.1	15.2	2.7	7.15	0.8
D9A4500	Pudding-Frucht-Vollkornplunder	Wholemeal Danish pastry with pudding and fruit	1194	286	14.75	7.74	31	12.47	5.5	0.528
K271032	Gnocchi tiefgefroren, gekocht	Gnocchi deep-frozen, boiled	626	148	0.617	0.04	30.67	0.391	3.927	0.33
Y036223	Hackbraten mit Grundsauce dunkel/braun	Meatloaf with brown basic sauce	876	210	14.6	4.9	5.82	1.04	13.53	0.742
D610800	Baiser mit Schoko-Nougatfüllung	Meringue with chocolate-nougat filling	1833	435	10.6	5	78.2	72.1	5.4	0.22
U044262	Schwein/Rind, Hackfleisch gemischt, tiefgefroren, gebraten ohne Fett (Pfanne)	Pork/beef, mince mixed, deep-frozen, fried without fat (pan)	1462	352	27.31	10.329	0	0	26.56	0.182
X6A5020	Zwetschgenknödel mit Zucker und Zimt	Plum dumplings with sugar and cinnamon	691	165	7.73	4.98	20.89	8.75	2.28	0.302
Y995140	Birne Helene	Pear Helene	692	166	10.05	5.26	15.9	13.92	2.6	0.068
W211472	Berner Würstchen gegrillt	Berner small sausage (with bacon and cheese) grilled	1224	296	25.75	10.48	0.17	0.114	15.7	2.5
Y912260	Frikadelle mit Bratkartoffeln aus rohen Kartoffeln und Tomatenketchup	Meatball with fried potatoes (of raw potatoes) and tomato ketchup	979	235	14.71	2.43	16.56	1.37	8.02	0.518
W211482	Berner Würstchen gebraten ohne Fett (Pfanne)	Berner small sausage (with bacon and cheese) fried without fat (pan)	1078	260	22.6	9.2	0.15	0.103	14	2.2
D9B1200	Kekse/Plätzchen (Vollkornmürbeteig) mit Nougatfüllung	Wholemeal biscuits (shortcrust pastry) with nougat filling	2118	507	26.1	14.8	59	34.7	6.3	0.162
Y6A2010	Lachs im Blätterteig gebacken, mit gekochtem Spargel und Grundsauce hell/weiß	Salmon in puff pastry baked, with boiled asparagus and white basic sauce	737	177	12	4.3	7.49	1.34	9.2	0.41
Y692123	Fischklößchen mit Rotbarsch gegart und Gemüsesauce von heller/weißer Grundsauce	Small fishcakes with redfish cooked and vegetable sauce from white basic sauce	267	64	2.8	1.1	3.8	1.7	5.2	0.538
K270062	Gnocchi gekocht, gebacken	Gnocchi boiled, baked	926	218	0.844	0.07	45.52	0.583	5.688	1.645
D7A7420	Pudding-Plunder belegt mit Früchten und Klarguss	Danish pastry with pudding, fruit and gelatin glaze	992	237	11.4	5.94	28	12.1	4.6	0.415
G410732	Artischocke in Öl, Konserve, abgetropft gekocht	Artichokes in oil, canned, drained boiled	1273	310	27.758	1.96	3.67	3.42	3.112	1.478
Y036333	Königsberger Klopse mit Kapernsauce von heller/weißer Grundsauce	"Königsberger Klopse" meatballs, with caper sauce from white basic sauce	583	140	9.7	4.2	3.52	0.75	9.4	0.828
D7B7100	Nuss-Spritzgebäck (Rührmasse) mit Nougatfüllung	Nut spritz biscuits (cake batter) with nougat filling	2269	545	37.1	17.4	43.8	24.9	7.4	0.155
G993252	Gemüsemischung mexikanische Art, tiefgefroren, gedünstet	Mixed vegetables Mexican style, deep-frozen, stewed	260	62	0.5	0.066	8.1	3.6	3.6	0.005
S244100	Speiseeis (Frucht, Schoko, Vanille) gemischt, mit Eierlikör	Ice cream mixed (chocolate, vanilla, fruit) with egg liqueur	830	198	6.94	3.7	27.3	24.4	2.33	0.075
W272100	Mosaikroulade	Mosaic-patterned roulade sausage	650	156	11.7	4.24	0.08	0	12.64	1.8
X760212	Maultaschen Schwäbische Art (mit Hackfleisch) in Butter geröstet	Minced meat-spinach-filled pasta squares, Swabian style, fried in butter	733	176	11.23	4.93	7.698	0.641	9.994	1.188
X1A2030	Kartoffelsalat mit Salatgurke und Marinade (Gemüsebrühe)	Potato salad with cucumber and marinade (vegetable stock)	299	71	2.5	0.3	9.74	1.34	1.44	0.22
U047242	Schwein/Rind, Hackfleisch gemischt, tiefgefroren, geschmort ohne Fett	Pork/beef, mince mixed, deep-frozen, braised without fat	1603	386	30.41	11.5	0	0	28.08	0.185
U063282	Rind/Schwein, Hacksteak, tiefgefroren, gebraten ohne Fett (Pfanne)	Beef/pork, minced steak, deep-frozen, fried without fat (pan)	911	219	16.64	6.335	0	0	17.22	1.8
E470162	Eier-Frischteigwaren Ravioli (Gemüsefüllung) gekocht, gebacken	Fresh egg pasta Ravioli (vegetable filling) boiled, baked	675	160	2.36	0.3	27.8	0.86	5.67	0.395
X466043	Wirsing-Eintopf mit Fleischklößchen, Kartoffeln und Karotten	Savoy cabbage stew with small meatballs, potatoes and carrots	267	64	2.5	0.8	6	2.6	3.58	0.38
X531543	Blumenkohl mit Käsesauce von Bechamelsauce überbacken	Cauliflower with cheese sauce from Bechamel sauce gratinated	350	84	5	3.3	5.43	2.31	3.92	0.382
X561043	Kohlrüben/Steckrüben, gedünstet mit Speck, in Grundsauce hell/weiß	Swede stewed, with bacon, in white basic sauce	152	37	1.9	1	2.47	1.05	1.35	0.5
X1A1080	Weißkrautsalat (gegart) mit Speck-Essigmarinade	White cabbage salad (cooked) with vinegar marinade	423	102	8.03	2.99	4.09	3.97	1.72	0.622
G991902	Gemüsemischung asiatische Art, Konserve, abgetropft	Mixed vegetables Asian style, canned, drained	92	22	0.3	0.032	2.5	2.5	1.7	0.535
G993282	Gemüsemischung mexikanische Art, tiefgefroren, gebraten ohne Fett (Pfanne)	Mixed vegetables Mexican style, deep-frozen, fried without fat (pan)	354	84	0.7	0.089	11	5	4.9	0.008
X559243	Kürbis gebacken, in Paprikasauce von Bechamelsauce	Pumpkin baked, in sweet pepper sauce (from Bechamel sauce)	308	74	4.1	1.4	6.26	4.78	1.63	0.408
Y742250	Eier gekocht, mit Remouladensauce, gestreckt mit saurer Sahne	Eggs boiled, with remoulade sauce, diluted with sour cream	810	196	16.8	3.1	1.2	1.2	9.7	0.78
Y944062	Currywurst mit Pommes frites	Curried bratwurst with potato chips	906	217	13.04	3.23	17.44	5.39	6.58	1.607
K270082	Gnocchi gekocht, gebraten ohne Fett (Pfanne)	Gnocchi boiled, fried without fat (pan)	847	200	0.771	0.06	41.62	0.533	5.2	1.504
E603062	Eier-Frischteigwaren Ravioli (Fleischfüllung) gekocht, gebacken	Fresh egg pasta Ravioli (meat filling) boiled, baked	663	157	3.78	0.95	23	1	6.75	0.5
G992902	Gemüsemischung Erbsen-Karotten, Konserve, abgetropft	Mixed vegetables peas and carrots, canned, drained	207	49	0.368	0.081	6.64	2.714	2.9	0.54
X870123	Reisauflauf mit Karotten, Erbsen und Pilzen	Rice casserole with carrots, peas and mushrooms	637	152	5.4	1.6	18.2	2.8	6.2	0.68
Y526013	Rehbraten mit Wildsauce von dunkler/brauner Grundsauce	Roe deer roast with game sauce from brown basic sauce	820	196	10.8	3.5	2.1	0.8	22.5	0.855
Y942132	Bratwurst mit Kartoffelsalat und Senf	Bratwurst with potato salad and mustard	779	188	15.2	3.2	6.43	0.75	5.6	1.028
Y525023	Rehpfeffer	"Rehpfeffer" savory roe deer goulash	674	162	9.7	3.01	4.2	2.3	13.5	1
X673122	Kartoffelklöße gebraten mit Eiermilch, mit Butterbröseln und Kompott aus Trockenfrüchten	Potato dumplings fried with egg-milk mix, with buttered breadcrumbs and compote of dried fruit	1056	253	13.1	2.51	26.5	12.5	5.47	0.505
Y9A1080	Türkische Pizza (Lahmacun) gefüllt mit Grillfleisch (Geflügel), Rohkost und Sauce	Lahmacun filled with grilled poultry, salad and sauce	781	186	8.5	2.19	17	2.1	9.1	0.578
X6A3020	Moussaka (Auflauf mit Kartoffeln, Auberginen, Bechamel- und Hackfleischsauce)	Moussaka (gratin with potatoes, aubergines, Bechamel and minced meat sauce)	651	157	11	4.1	7.5	2.8	6.14	0.602
X321813	Tomatensauce aus Tomaten Konserve	Tomato sauce of canned tomatoes	447	108	9.549	0.69	3.6	3.6	1.206	0.508
X702412	Vollkorn-Eier-Frischteigwaren mit Bologneser Sauce	Fresh wholemeal egg pasta with Bolognese (minced meat sauce)	691	166	9.8	3	9	1.6	9.16	0.532
Y599112	Wrap gefüllt mit Salat und gebratenem Hähnchenbrustfilet	Wrap filled with salad and fried chicken breast fillet	646	153	4.2	1.02	15.9	2.6	12.18	0.7
X554333	Paprikaschoten mit Hackfleisch-Reisfüllung gedünstet, in Tomatensauce (aus Tomatenmark)	Sweet peppers with minced meat-rice filling, in tomato sauce (of tomato paste)	581	139	9.1	2.01	8	3.6	5.7	0.39
Y546123	Wildschweinbraten mit Speck und Wildsauce von dunkler/brauner Grundsauce	Wild boar roast with bacon and game sauce from brown basic sauce	761	183	11.8	3.25	2.5	1	16.3	1
Y915132	Knacker mit Kartoffelsalat und Senf	Knackwurst with potato salad and mustard	792	191	14.3	3.2	6.47	0.76	8.3	1.2
Y5A4000	Ragout fin aus Hühnerfleisch	Chicken ragout fin	908	219	16.8	5.8	1.7	0.22	15.12	0.558
Y534133	Hasenragout	Hare ragout	760	182	10.9	3.58	3.6	2	17	1
Y945132	Rostbratwurst mit Kartoffelsalat und Senf	Rostbratwurst with potato salad and mustard	705	170	12.3	2.5	6.38	0.75	7.6	0.97
Y916032	Brühwurst mit Senf	Scalded sausage with mustard	760	183	13.8	5.26	0.16	0.15	14.33	2
Y504233	Wildgulasch mit Steinpilzen und Wildsauce von dunkler/brauner Grundsauce	Game goulash with porcini mushrooms and game sauce from brown basic sauce	541	129	5	0.97	3.1	1.6	16	0.578
Y361233	Schweinebrust mit Hackfleischfüllung, gebraten im Ofen, mit Sahnesauce von dunkler/brauner Grundsauce	Pork breast filled with minced meat fried in oven, with cream sauce from brown basic sauce	976	235	17.4	5.3	2	0.2	17.4	0.8
X9A4000	Burrito gefüllt mit Gemüse, Rinderhackfleisch und Käse	Burrito filled with vegetables, beef mince and cheese	1216	289	11	4	35	2.2	11.5	1.408
X332053	Pilzsauce von dunkler/brauner Grundsauce	Mushroom sauce from brown basic sauce	310	75	4.8	0.4	5.3	0.23	1.8	0.7
X450243	Kartoffelsuppe sauer, mit Blut- und Leberwurst	Potato soup sour with blood and liver sausage	496	119	7.9	2.3	8	1	3.5	0.8
X760533	Cannelloni al forno, Teigwaren gefüllt mit Bologneser Sauce, mit Käse überbacken	Cannelloni al forno (pasta rolls filled with Bolognese sauce, gratinated with cheese)	985	236	14.1	3.8	14.9	2.2	11.34	0.835
Y564113	Hühnerfrikassee mit Champignons	Chicken fricassee with button mushrooms	713	172	13.2	4.9	2.23	0.32	10.91	0.625
X466513	Grünkohl-Eintopf mit Kartoffeln und Kochwurst	Curly kale stew with potatoes and cooked sausage	335	80	3.3	0.8	6.1	1.75	5.13	0.8
Y912130	Frikadelle mit Kartoffelsalat und Senf	Meatball with potato salad and mustard	824	198	14.5	2.8	7.77	1.05	8.4	0.535
D7A7430	Pudding-Plunder belegt mit Früchten, Klarguss und Sahne	Danish pastry with pudding, fruit, gelatin glaze and whipped cream	1028	246	13.4	7.03	26	11.5	4.5	0.378
Y913132	Bockwurst mit Kartoffelsalat und Senf	Bockwurst with potato salad and mustard	766	185	14.9	3.3	6.54	0.77	5.4	1
Y914132	Wiener Würstchen mit Kartoffelsalat und Senf	Vienna sausage with potato salad and mustard	818	197	16.2	3.7	6.47	0.76	5.5	0.998
Y516033	Hirschbraten mit Wildsauce von dunkler/brauner Grundsauce	Venison roast with game sauce from brown basic sauce	665	159	8	2.81	1.52	0.673	19.9	0.8
Y584223	Putenragout mit Tomaten und Champignons	Turkey ragout with tomatoes and button mushrooms	374	89	2.3	0.7	1.5	1.2	15.23	0.62
Y063813	Pirogge mit Hackfleischfüllung und Sauerkraut mit Apfel gedünstet	Pirogue with minced meat filling and sauerkraut with apple stewed	752	180	8.84	3.97	16	2.1	7.2	0.77
Y916132	Brühwurst mit Kartoffelsalat und Senf	Scalded sausage with potato salad and mustard	684	165	12.3	2.7	6.2	0.73	6.6	1
Y916062	Brühwurst mit Brötchen und Senf	Scalded sausage with roll and mustard	894	214	10.02	3.72	17.13	1.07	13	2
X464433	Erbsensuppe mit Gemüsebrühe, Suppengrün, Speck und Wiener Würstchen	Pea soup with vegetable stock, mirepoix, bacon and Vienna sausages	430	103	6.3	1.3	5	1.3	5.38	0.8
Y344023	Schweineragout mit Gemüse	Pork ragout with vegetables	608	146	9.2	2.7	2.5	2.3	12.7	0.522
X554113	Paprikaschoten mit Hackfleischfüllung gebacken, in Tomatensauce (aus frischen Tomaten)	Sweet peppers with minced meat filling baked, in tomato sauce (of fresh tomatoes)	490	118	8.2	1.8	5	3.8	5.19	0.295
X070360	Sandwich mit Krabben-Cocktail	Sandwich with shrimp cocktail	933	223	11.5	2.98	20.76	3.5	7.9	1.228
X464713	Erbsensuppe mit Gemüsebrühe, Suppengrün und Speck, gebunden	Pea soup with vegetable stock, mirepoix and bacon, thickened	321	77	2.9	0.7	7	1.4	4.15	0.5
X740433	Eierteigwaren mit Bologneser Sauce	Egg pasta with Bolognese (minced meat sauce)	685	164	8	2.5	13.9	1.6	8.3	0.522
Y522133	Rehrücken gebraten im Ofen, mit Wildsauce von dunkler/brauner Grundsauce	Roe deer saddle fried in oven, with game sauce from brown basic sauce	765	184	12.1	3.84	2.8	1.1	15.3	0.602
Y531023	Hasenbraten mariniert (Hasenpfeffer) mit Sauce	Marinated hare roast with sauce	828	199	14	4.8	3.8	1.9	14.1	1.05
Y171223	Rinderherzragout mit Champignons	Beef heart ragout with button mushrooms	468	112	5.6	1.4	3.6	0.8	11.5	0.625
X450013	Kartoffel-Lauchcremesuppe mit Speck	Cream of potato-leek soup with bacon	340	81	3.9	1	9	1.5	2.22	0.8
X730033	Lasagne al forno, Teigwaren geschichtet mit Bechamel- und Bologneser Sauce, mit Käse überbacken	Lasagna al forno (pasta sheets with Bechamel- and Bolognese sauce, gratinated with cheese)	821	197	13.3	4.5	8.9	3.1	9.69	0.642
Y377323	Schweinenieren gebraten, mit Pilzen und Grundsauce dunkel/braun	Pork kidneys fried, with mushrooms and brown basic sauce	483	116	6.2	1	2.31	0.34	11.7	0.828
X070460	Sandwich mit Geflügelsalat (Huhn)	Sandwich with poultry salad (chicken)	781	186	6.2	1.84	22.85	5.31	8.5	1.22
G993902	Gemüsemischung mexikanische Art, Konserve, abgetropft	Mixed vegetables Mexican style, canned, drained	195	47	0.4	0.051	5.7	2.6	2.9	0.528
Y688113	Scampi gegart, in scharfer Tomatensauce (aus Tomaten Konserve)	Scampi cooked, in spicy tomato sauce (of canned tomatoes)	367	88	4	0.39	2.7	2.7	9.35	0.542
X911112	Vollkornpizza mit Tomatensauce, Gemüse, Mozzarella und Champignons	Wholemeal pizza with tomato sauce, vegetables, mozzarella and button mushrooms	758	181	9.12	2.92	16	2.3	7	0.56
Y332532	Jägerschnitzel (Schweineschnitzel natur, gebraten, mit Pilzsauce)	"Jaegerschnitzel" pork schnitzel fried, with mushroom sauce	496	118	3.8	0.6	2.5	0.11	18.1	0.6
X912033	Pizza Margherita (mit Tomatensauce, Mozzarella)	Pizza margherita (with tomato sauce, mozzarella)	992	238	13.55	4.18	20	1.6	7.77	0.685
Y670533	Aal in Tomatensauce (aus Tomaten Konserve), überbacken	Eel poached, in tomate sauce (of canned tomatoes), gratinated	810	196	17.1	3.3	2.4	2.4	7.4	0.525
X914233	Pizza quattro stagioni (mit Tomatensauce, Artischocken, Champignons, Paprika, Kochschinken)	Pizza quattro stagioni (mit tomato sauce, artichokes, button mushrooms, sweet pepper, boiled ham)	609	146	6.11	0.56	15	2.4	5.67	0.708
X911013	Vollkornpizza mit Tomatensauce, Mozzarella, Tomaten, Zwiebeln, Oliven	Wholemeal pizza with tomato sauce, mozzarella, tomatoes, onions and olives	865	207	11.2	3.48	17	2.4	7.46	0.885
X571453	Weiße Bohnen gekocht, in Tomatensauce (aus Tomaten Konserve)	Haricot beans boiled, in tomato sauce (of canned tomatoes)	349	83	2.1	0.18	9	1.2	4.4	0.108
X551363	Auberginenscheiben gebraten, mit Tomatensauce (aus Tomaten Konserve) und Käse überbacken	Aubergine slices fried, with tomato sauce (of canned tomatoes) and cheese gratinated	637	154	12.2	3	5.5	3.7	4.4	0.78
X915333	Pizza marinara (mit Tomatensauce, Mozzarella, Meeresfrüchten)	Pizza marinara (with tomato sauce, mozzarella, shellfish)	883	212	12.4	3.4	15	1.2	9.01	0.782
X915113	Pizza siciliana (mit Tomatensauce, Mozzarella, Anchovis, Oliven)	Pizza siciliana (with tomato sauce, mozzarella, anchovies, olives)	971	233	14.1	4.21	17	1.4	8.4	1.868
X912363	Pizza Napoli (mit Tomatensauce, Mozzarella, Sardellenfilets, Oliven, Kapern)	Pizza Napoli (with tomato sauce, mozzarella, anchovy fillets, olives, capers)	936	224	13.4	4	17	1.4	7.84	1.708
X9A5020	Pizza Spezial (mit Tomatensauce, Mozzarella, Schinken, Salami)	Pizza special (with tomato sauce, mozzarella, ham, salami)	1030	247	14.48	4.77	15	1.3	12.98	1.21
X912133	Pizza al funghi (mit Tomatensauce, Champignons, Mozzarella)	Pizza al funghi (with tomato sauce, button mushrooms, mozzarella)	843	202	11.24	3.46	17	1.3	7.29	0.59
X912412	Pizza Prosciutto (mit Tomatensauce, Kochschinken, Mozzarella)	Pizza prosciutto (with tomato sauce, boiled ham, mozzarella)	934	224	12.17	3.81	16	1.5	11.36	1.005
X914133	Pizza Salame (mit Tomatensauce, Mozzarella, Salami, Oliven, Peperoni)	Pizza salame (with tomato sauce, mozzarellea, salami, olives, peperoni)	1045	251	16	5.22	16	1.4	9.6	1.018
X9A5010	Pizza Hawaii (mit Tomatensauce, Mozzarella, Ananas, Schinken)	Pizza Hawaii (with tomato sauce, mozzarella, pineapple, ham)	866	207	10.52	3.28	17	3.9	9.89	0.87
X915233	Pizza tonno (mit Tomatensauce, Mozzarella, Thunfisch, Sardellen, Oliven, Zwiebeln)	Pizza tonno (with tomato sauce, mozzarella, tuna, anchovies, olives, onions)	952	228	13.3	3.7	15	1.4	11.16	1.528
